Station,Location,State,Temperature,DO,pH,Conductivity,BOD,Nitrate,Fecal_Coliform,Total_Coliform,Year,BOD_DO_Ratio,Temp_DO_Interaction,Pollution_Index,Risk_Score,Risk_Level
4019,GALGIBAG BEACH,GOA,21.0,5.7,7.0,232.0,1.0,0.4,11.0,23.0,2020,0.17513134851138354,119.7,0.8949999999999999,3.04,Safe
4020,COLVA BEACH,GOA,21.0,5.7,7.0,232.0,1.0,0.4,11.0,33.0,2020,0.17513134851138354,119.7,0.9099999999999999,3.11,Safe
4021,VAGATOR BEACH,GOA,21.0,5.7,6.7,232.0,1.0,0.4,11.0,23.0,2020,0.17513134851138354,119.7,0.8949999999999999,3.04,Safe
4022,VELSAO BEACH,GOA,21.0,5.7,7.5,232.0,1.0,0.4,11.0,17.0,2020,0.17513134851138354,119.7,0.8859999999999999,2.99,Safe
2080,MASMA KHADI- OLPAD- SARAS ROAD,GUJARAT,21.0,5.7,7.2,232.0,1.0,0.4,11.0,2.0,2020,0.17513134851138354,119.7,0.8634999999999999,2.87,Safe
2081,AMLAKHADI CREEK AT PUNGAM.,GUJARAT,21.0,5.7,7.3,232.0,1.0,0.4,11.0,170.0,2020,0.17513134851138354,119.7,1.1155,4.13,Safe
3196,"VANDKHADI AT VILLAGE UMARWADA, TA
ANKLESHWAR, BHARUCH",GUJARAT,21.0,5.7,7.3,232.0,1.0,0.4,11.0,140.0,2020,0.17513134851138354,119.7,1.0705,3.92,Safe
2439,PURI,ODISHA,21.0,5.7,6.8,232.0,1.0,0.4,11.0,78.0,2020,0.17513134851138354,119.7,0.9774999999999999,3.46,Safe
2440,PARADEEP,ODISHA,21.0,5.7,6.8,232.0,1.0,0.4,11.0,18.0,2020,0.17513134851138354,119.7,0.8875,3.0,Safe
2441,GOPALPUR,ODISHA,21.0,5.7,7.8,232.0,1.0,0.4,11.0,20.0,2020,0.17513134851138354,119.7,0.8905,3.01,Safe
3961,ATHARABANKI CREEK,ODISHA,21.0,5.7,6.6,232.0,1.0,0.4,11.0,220.0,2020,0.17513134851138354,119.7,1.1905,4.48,Safe
4392.0,"BOREWELL           NEAR           SRI GOVINDARAJA                SWAMY
TEMPLE, TIRUPATI TOWN",ANDHRA PRADESH,21.0,5.7,6.1,232.0,1.0,0.4,11.0,90.0,2020,0.17513134851138354,119.7,0.9954999999999999,3.55,Safe
4393.0,"CLOSED       MSW       DUMPSITE, UKKAYAPALLI (V), KADAPA (M)",ANDHRA PRADESH,21.0,5.7,6.5,232.0,1.0,0.4,11.0,90.0,2020,0.17513134851138354,119.7,0.9954999999999999,3.55,Safe
4394.0,"BOREWELL   AT   APLLC   OFFICE INDUSTRIAL   ESTATE   GROWTH CENTRE,              THUMAKUNTA,
HINDUPUR (M)",ANDHRA PRADESH,21.0,5.7,6.4,232.0,1.2,0.4,11.0,90.0,2020,0.21015761821366025,119.7,1.0554999999999999,3.84,Safe
4395.0,"BOREWELL   AT   APLLC   OFFICE INDUSTRIAL                     ESTATE,
ANANTAPURAM (M)",ANDHRA PRADESH,21.0,5.7,6.6,232.0,1.0,0.4,11.0,90.0,2020,0.17513134851138354,119.7,0.9954999999999999,3.55,Safe
,,,21.0,5.7,7.2,232.0,1.0,0.4,11.0,90.0,2021,0.17513134851138354,119.7,0.9954999999999999,3.55,Safe
3855,"RIVER BEAS D/S NADAUN BRIDGE,
VILL BHADOLI",HIMACHAL PRADESH,20.0,5.7,7.4,167.0,1.0,0.4,2.0,24.0,2021,0.17513134851138354,114.0,0.753,2.26,Safe
1009,"RIVER BEAS AT D/S
PONG DAM","HIMACHAL
PRADESH",18.0,5.7,7.0,146.0,1.0,0.4,2.0,26.0,2021,0.17513134851138354,102.60000000000001,0.714,2.04,Safe
1008,"RIVER BEAS AT D/S
DEHRAGOPIPUR","HIMACHAL
PRADESH",20.0,5.7,7.1,141.0,1.0,0.4,2.0,17.0,2021,0.17513134851138354,114.0,0.6904999999999999,1.9,Safe
4435,"RIVER BEAS U/S
SUJANPUR TIHRA","HIMACHAL
PRADESH",10.3,5.7,7.1,120.0,1.0,0.4,2.0,24.0,2021,0.17513134851138354,58.71000000000001,0.659,1.71,Safe
4436,"RIVER BEAS D/S
SUJANPUR TIHRA","HIMACHAL
PRADESH",10.3,5.7,7.0,131.0,1.0,0.4,2.0,24.0,2021,0.17513134851138354,58.71000000000001,0.681,1.85,Safe
4437,"RIVER BEAS U/S
NADAUM TOWN","HIMACHAL
PRADESH",10.2,5.7,7.3,122.0,1.0,0.4,2.0,24.0,2021,0.17513134851138354,58.14,0.663,1.74,Safe
4438,"RIVER BEAS D/S NADAUN TOWN AFTER CONFLUENCE
OF MAAN KHAD",HIMACHAL PRADESH,10.2,5.7,7.2,138.0,1.0,0.4,2.0,26.0,2021,0.17513134851138354,58.14,0.698,1.95,Safe
4443,"RIVER BEAS AT
RAISON","HIMACHAL
PRADESH",5.0,5.7,7.0,71.0,1.0,0.4,32.0,210.0,2021,0.17513134851138354,28.5,0.885,2.98,Safe
1693,"RIVER BEAS AT TALWARA H/W,
PUNJAB",PUNJAB,8.0,5.7,7.5,158.0,1.0,0.4,18.0,84.0,2021,0.17513134851138354,45.6,0.8490000000000001,2.79,Safe
1694,"RIVER BEAS AT U/S PATHANKOT,
PUNJAB",PUNJAB,11.0,5.7,7.0,194.0,1.1,0.4,40.0,120.0,2021,0.1926444833625219,62.7,1.038,3.76,Safe
1010,"RIVER BEAS AT MIRTHAL BRIDGE,
GURDASPUR",PUNJAB,10.0,5.7,7.6,195.0,1.1,0.4,32.0,100.0,2021,0.1926444833625219,57.0,0.9980000000000001,3.56,Safe
1695,"RIVER BEAS D/S PATHANKOT,
PUNJAB",PUNJAB,11.0,5.7,7.5,200.0,1.1,0.4,40.0,140.0,2021,0.1926444833625219,62.7,1.08,3.96,Safe
1294,"RIVER BEAS AT 1KM.D/S OF EFFL. DISH. POINT AT
MUKERIAN , PUNJAB",PUNJAB,18.0,5.7,7.3,197.0,1.0,0.4,68.0,200.0,2021,0.17513134851138354,102.60000000000001,1.176,4.41,Safe
1696,"RIVER BEAS U/S
GOINDWAL, PUNJAB",PUNJAB,15.0,5.7,7.7,166.0,1.0,0.4,63.0,220.0,2021,0.17513134851138354,85.5,1.1365,4.23,Safe
1697,"RIVER BEAS AT
HARIKE, PUNJAB",PUNJAB,15.0,5.7,7.7,184.0,1.0,0.4,78.0,330.0,2021,0.17513134851138354,85.5,1.3599999999999999,5.22,Safe
1011,"RIVER BEAS AT G.T. ROAD UNDER BDG.
NEAR KAPURTHALA",PUNJAB,15.0,5.7,7.3,185.0,1.0,0.4,70.0,280.0,2021,0.17513134851138354,85.5,1.275,4.85,Safe
1012,"RIVER BEAS AT 100M D/S INDUST. DISCH.
GOINDWAL",PUNJAB,15.0,5.7,7.7,169.0,1.0,0.4,70.0,280.0,2021,0.17513134851138354,85.5,1.2429999999999999,4.71,Safe
4164,"RIVER BEAS RIVER, NR VILL KIRI AFGHANA, TEHSIL BATALA,
GURDASPUR",PUNJAB,18.0,5.7,7.6,189.0,1.0,0.4,68.0,260.0,2021,0.17513134851138354,102.60000000000001,1.25,4.74,Safe
1013,"RIVER SUTLEJ AT U/S
TATAPANI","HIMACHAL
PRADESH",8.5,5.7,7.3,1229.0,1.0,0.4,2.0,920.0,2021,0.17513134851138354,48.45,4.221,13.1,Safe
4446,"RIVER SUTLEJ U/S IANDFILL SITE
RAMPUR",HIMACHAL PRADESH,8.0,5.7,7.5,1149.0,1.0,0.4,7.0,350.0,2021,0.17513134851138354,45.6,3.2135,10.97,Safe
4447,"RIVER STLUJ D/S LANDFILL SITE
RAMPUR",HIMACHAL PRADESH,8.0,5.7,7.2,168.0,1.0,0.4,9.0,1600.0,2021,0.17513134851138354,45.6,3.1294999999999997,10.77,Safe
4032,"RIVER SUTLEJ U/S KHAIRIAN SOLID WASTE DUMPING
SITE BILASPUR",HIMACHAL PRADESH,14.0,5.7,7.1,173.0,1.0,0.4,43.0,140.0,2021,0.17513134851138354,79.8,1.0005,3.57,Safe
4033,"RIVER SUTLEJ D/S KHAIRIAN SOLID WASTE DUMPING
SITE BILASPUR",HIMACHAL PRADESH,14.0,5.7,7.1,178.0,1.0,0.4,46.0,150.0,2021,0.17513134851138354,79.8,1.0299999999999998,3.72,Safe
4450,"RIVER SUTLEJ U/S CONFLUENCE WITH
GANVI KHAND",HIMACHAL PRADESH,7.5,5.7,7.4,960.0,1.0,0.4,2.0,49.0,2021,0.17513134851138354,42.75,2.3765,8.77,Safe
4451,"RIVER SUTLEJ D/S CONFLUENCE WITH
GANVI KHAD",HIMACHAL PRADESH,7.5,5.7,7.1,978.0,1.0,0.4,5.0,220.0,2021,0.17513134851138354,42.75,2.6734999999999998,9.61,Safe
30009,"RIVER SUTLEJ AT
NANGAL (H.P.)","HIMACHAL
PRADESH",14.0,5.7,7.1,207.0,1.0,0.4,110.0,490.0,2021,0.17513134851138354,79.8,1.694,6.53,Safe
1014,"RIVER SUTLEJ AT U/S
SLAPPER","HIMACHAL
PRADESH",13.0,5.7,7.3,110.0,1.0,0.4,31.0,170.0,2021,0.17513134851138354,74.10000000000001,0.9015000000000001,3.07,Safe
1015,"RIVER SUTLEJ AT D/S
SLAPPER","HIMACHAL
PRADESH",13.0,5.7,7.2,111.0,1.0,0.4,49.0,210.0,2021,0.17513134851138354,74.10000000000001,0.9905000000000002,3.52,Safe
1016,"RIVER SUTLEJ AT D/S
BHAKHRA","HIMACHAL
PRADESH",10.4,5.7,7.0,185.0,1.0,0.4,2.0,22.0,2021,0.17513134851138354,59.28,0.786,2.45,Safe
30010,"RIVER SUTLEJ AT NOORPUR BEDI ROAD
(PUNJAB)",PUNJAB,15.0,5.7,7.1,218.0,1.0,0.4,93.0,1400.0,2021,0.17513134851138354,85.5,3.0555000000000003,10.59,Safe
1814,"RIVER SUTLEJ AT D/S KIRATPUR SAHIB,
PUNJAB",PUNJAB,12.0,5.7,7.5,198.0,1.0,0.4,45.0,310.0,2021,0.17513134851138354,68.4,1.3085,5.0,Safe
2915,"RIVER SUTLEJ AT 100 MT. D/S OF PACL,
NANGAL, PUNJAB",PUNJAB,14.0,5.7,7.3,203.0,1.0,0.4,18.0,93.0,2021,0.17513134851138354,79.8,0.9525000000000001,3.33,Safe
1380,"RIVER SUTLEJ AT D/S
NFL, PUNJAB",PUNJAB,13.0,5.7,7.3,202.0,1.0,0.4,18.0,93.0,2021,0.17513134851138354,74.10000000000001,0.9505000000000001,3.32,Safe
10020,"RIVER SUTLEJ AT
ANANDPUR SAHIB",PUNJAB,12.0,5.7,7.4,225.0,1.0,0.4,45.0,210.0,2021,0.17513134851138354,68.4,1.2125000000000001,4.57,Safe
10021,"RIVER SUTLEJ AT
BUNGA SAHIB",PUNJAB,13.0,5.7,7.7,200.0,1.0,0.4,68.0,390.0,2021,0.17513134851138354,74.10000000000001,1.467,5.66,Safe
10022,"RIVER SUTLEJ AT
PHILLAUR U/S",PUNJAB,10.0,5.7,7.0,257.0,1.0,0.4,200.0,840.0,2021,0.17513134851138354,57.0,2.4539999999999997,9.0,Safe
10023,"RIVER SUTLEJ AT PHAGWARA U/S
(CHAHERU BRIDGE)",PUNJAB,11.0,5.7,7.1,381.0,12.0,0.4,360.0,610.0,2021,2.1015761821366024,62.7,5.897,15.87,Safe
10024,"RIVER SUTLEJ AT PHAGWARA D/S (KANGANIWAL
BRIDGE)",PUNJAB,10.0,5.7,7.2,888.0,9.0,0.4,780.0,1700.0,2021,1.5761821366024518,57.0,8.276,18.81,Safe
10027,"RIVER SUTLEJ AT
LUDHIANA U/S",PUNJAB,13.0,5.7,7.5,221.0,1.0,0.4,98.0,940.0,2021,0.17513134851138354,74.10000000000001,2.379,8.78,Safe
10028,"RIVER SUTLEJ AT
LUDHIANA D/S",PUNJAB,15.0,5.7,7.0,298.0,4.0,0.4,79000.0,240000.0,2021,0.7005253940455342,85.5,480.376,58.04,Risky
1017,"RIVER SUTLEJ AT 100M U/S OF HEADWORKS,
NANGAL",PUNJAB,11.0,5.7,7.4,191.0,1.0,0.4,18.0,93.0,2021,0.17513134851138354,62.7,0.9285000000000001,3.21,Safe
1018,"RIVER SUTLEJ AT
100M D/S , NANGAL",PUNJAB,11.0,5.7,7.3,200.0,1.0,0.4,37.0,170.0,2021,0.17513134851138354,62.7,1.0905,4.01,Safe
1293,"RIVER SUTLEJ AT 1 KM. D/S OF ZENITH,
PUNJAB",PUNJAB,13.0,5.7,7.4,210.0,1.0,0.4,78.0,700.0,2021,0.17513134851138354,74.10000000000001,1.967,7.49,Safe
1019,"RIVER SUTLEJ AT U/S
HEAD WORKS ROPAR",PUNJAB,12.0,5.7,7.5,218.0,1.0,0.4,78.0,630.0,2021,0.17513134851138354,68.4,1.8780000000000001,7.19,Safe
1690,"RIVER SUTLEJ AT U/S BUDHA NALLAH
(UPPER), PUNJAB",PUNJAB,14.0,5.7,7.1,257.0,1.0,0.4,200.0,1100.0,2021,0.17513134851138354,79.8,2.844,10.06,Safe
1020,"RIVER SUTLEJ AT 100M D/S BUDHA NALA CONFL.,
LUDHIANA",PUNJAB,15.0,5.7,6.9,475.0,7.5,0.4,310000.0,1100000.0,2021,1.3134851138353765,85.5,2118.2799999999997,72.77,Risky
1022,"RIVER SUTLEJ AT BRIDGE HARIKE,
AMRITSAR",PUNJAB,12.0,5.7,6.9,242.0,1.9,0.4,680.0,2100.0,2021,0.3327495621716287,68.4,5.304,14.98,Safe
10025,"RIVER SUTLEJ AT JALANDHAR U/S (PEERU SHAH KA
DARGAH)",PUNJAB,10.0,5.7,7.1,962.0,48.0,0.4,21000.0,58000.0,2021,8.40630472854641,57.0,134.904,45.48,Moderate
10026,"RIVER SUTLEJ AT JALANDHAR D/S
(MALSIAN BRIDGE)",PUNJAB,12.0,5.7,7.2,1050.0,55.0,0.4,21000.0,70000.0,2021,9.632224168126095,68.4,155.18,46.86,Moderate
1021,"RIVER SUTLEJ AT BOAT BDG. DHARMKOTNAKODAR
ROAD, JALANDHAR",PUNJAB,11.0,5.7,6.8,339.0,3.2,0.4,11000.0,92000.0,2021,0.5604203152364273,62.7,156.218,46.93,Moderate
1381,"RIVER SUTLEJ AT D/S
EAST BEIN, PUNJAB",PUNJAB,12.0,5.7,7.0,330.0,2.4,0.4,110000.0,460000.0,2021,0.4203152364273205,68.4,856.46,63.78,Risky
1691,"RIVER SUTLEJ AT U/S HUSSANIWALA - H/W
FEROZEPUR, PUNJAB",PUNJAB,10.0,5.7,7.0,224.0,1.2,0.4,330.0,1100.0,2021,0.21015761821366025,57.0,3.033,10.54,Safe
1692,"RIVER SUTLEJ AT D/S HUSSANIWALA-H/W
FEROZEPUR, PUNJAB",PUNJAB,12.0,5.7,7.0,225.0,1.2,0.4,360.0,920.0,2021,0.21015761821366025,68.4,2.81,9.97,Safe
30085,RIVER         RAVI         AT MADHOPUR (PUNJAB),PUNJAB,18.0,9.1,8.1,232.0,1.0,0.32,11.0,90.0,2022,0.10976948408342481,163.79999999999998,0.9794999999999999,3.47,Safe
30089,"RIVER         RAVI         AT LAKHANPUR, J & K",JAMMU & KASHMIR,17.0,9.0,8.2,232.0,1.0,0.32,11.0,90.0,2022,0.11098779134295228,153.0,0.9794999999999999,3.47,Safe
1097,"RIVER RAVI AT U/S OF MADHOPUR HEADWORKS, GURDASPUR, PUNJAB",PUNJAB,12.0,7.3,7.6,232.0,1.0,0.4,11.0,90.0,2022,0.13679890560875513,87.6,0.9954999999999999,3.55,Safe
1290,"RIVER               PARVATI BEFORE      CONF.      TO
RIVER        BEAS        AT BHUNTER",HIMACHAL PRADESH,3.0,7.2,7.42,232.0,1.0,0.32,11.0,90.0,2022,0.13869625520110956,21.6,0.9794999999999999,3.47,Safe
2605,RIVER     PARVATI     AT U/S MANIKARAN,HIMACHAL PRADESH,3.0,7.6,7.08,232.0,1.0,0.32,11.0,90.0,2022,0.1314060446780552,22.799999999999997,0.9794999999999999,3.47,Safe
2606,RIVER     PARVATI     AT D/S MANIKARAN,HIMACHAL PRADESH,3.0,7.6,6.85,232.0,1.0,0.32,11.0,90.0,2022,0.1314060446780552,22.799999999999997,0.9794999999999999,3.47,Safe
1551,RIVER       SIRSA       U/S SITOMAJRI NALLAH,HIMACHAL PRADESH,11.0,5.2,7.32,232.0,1.0,0.47,11.0,90.0,2022,0.19193857965451055,57.2,1.0095,3.62,Safe
1552,RIVER       SIRSA       D/S NALAGARH BRIDGE,HIMACHAL PRADESH,11.0,5.0,7.28,232.0,1.0,0.32,11.0,90.0,2022,0.1996007984031936,55.0,0.9794999999999999,3.47,Safe
1868,RIVER     SIRSA         D/S NALAGARH  TOWN,HIMACHAL PRADESH,11.0,5.5,7.41,232.0,1.0,0.64,11.0,90.0,2022,0.18148820326678766,60.5,1.0434999999999999,3.79,Safe
4485,RIVER       SIRSA       U/S SANDHOLI NALLAH,HIMACHAL PRADESH,12.0,1.0,7.45,232.0,1.0,1.48,11.0,90.0,2022,0.9900990099009901,12.0,1.2115,4.57,Safe
4487,RIVER       SIRSA       D/S HOUSING            BOARD NALLAH,HIMACHAL PRADESH,11.0,3.5,6.88,232.0,1.0,1.42,11.0,90.0,2022,0.2849002849002849,38.5,1.1995,4.52,Safe
4489,RIVER    SIRSA    AFTER CONF.        TO        RIVER RATTA,HIMACHAL PRADESH,10.0,4.5,7.21,232.0,1.0,0.86,11.0,90.0,2022,0.22172949002217296,45.0,1.0875,4.0,Safe
30012,"RIVER       SARSA       AT BADDI      ,      ,GHANOLI
VILLAGE) PUNJAB",PUNJAB,19.0,4.7,7.6,232.0,1.0,3.75,11.0,90.0,2022,0.21231422505307856,89.3,1.6655,6.43,Safe
2616,RIVER BAIRA SIUL  D/S SURGANI,HIMACHAL PRADESH,8.0,8.6,6.72,232.0,1.0,0.4,11.0,90.0,2022,0.11614401858304298,68.8,0.9954999999999999,3.55,Safe
2607,"SUKETI                  KHAD
BEFORE   CONF.   WITH RIVER BEAS",HIMACHAL PRADESH,7.0,6.5,7.56,232.0,1.0,0.32,11.0,90.0,2022,0.15360983102918588,45.5,0.9794999999999999,3.47,Safe
2608,RIVER  BINWA  AT  D/S PAPROLA/BAIJNATH,HIMACHAL PRADESH,15.0,7.5,6.9,232.0,1.0,0.4,11.0,90.0,2022,0.13315579227696406,112.5,0.9954999999999999,3.55,Safe
2609,NEUGAL   KHAD      D/S THURAL,HIMACHAL PRADESH,10.0,8.5,7.11,232.0,1.0,0.4,11.0,90.0,2022,0.11750881316098707,85.0,0.9954999999999999,3.55,Safe
2610,"RIVER   SPITI   BEFORE CONF.WITH         RIVER
SUTLEJ AT KHAB",HIMACHAL PRADESH,7.0,9.1,8.08,232.0,1.0,0.32,11.0,90.0,2022,0.10976948408342481,63.699999999999996,0.9794999999999999,3.47,Safe
2612,RIVER      BASPA      U/S RESERVOIR         BASPA HEP AT KUPPA,HIMACHAL PRADESH,6.0,9.3,8.1,232.0,1.0,0.32,11.0,90.0,2022,0.10741138560687433,55.800000000000004,0.9794999999999999,3.47,Safe
2755,"RIVER          BANGANGA (BATHING           GHAT),
KATRA,",JAMMU & KASHMIR,11.0,5.0,7.85,232.0,1.0,0.4,11.0,90.0,2022,0.1996007984031936,55.0,0.9954999999999999,3.55,Safe
2756,RIVER  BANGANGA  (IN FRONT OF PONY SHED NEAR                      REASI BRIDGE)KATRA,JAMMU & KASHMIR,11.0,4.2,7.85,232.0,1.0,0.4,11.0,90.0,2022,0.23752969121140144,46.2,0.9954999999999999,3.55,Safe
2752,"RIVER  BASANTER  U/S (R.H.S)                 SAMBA
(BELOW                NH-1A BRIDGE),",JAMMU & KASHMIR,13.0,4.2,7.56,232.0,1.0,0.4,11.0,90.0,2022,0.23752969121140144,54.6,0.9954999999999999,3.55,Safe
2753,"RIVER           BASANTER
D/S(R.H.S.) SAMBA (AT CHAK MANGA GUJJAR",JAMMU & KASHMIR,13.0,4.3,7.35,232.0,1.0,0.4,11.0,90.0,2022,0.2320185614849188,55.9,0.9954999999999999,3.55,Safe
2748,RIVER     CHENAB     AT L.H.S.(BELOW   BRIDGE CHENAB),JAMMU & KASHMIR,12.0,7.0,7.26,232.0,1.0,0.4,11.0,90.0,2022,0.14265335235378032,84.0,0.9954999999999999,3.55,Safe
2749,"RIVER     CHENAB     AT BLIND                   CURVE SHAMSHAN GHAT  (1.5
KM U/S FROM SPOT)",JAMMU & KASHMIR,12.0,7.2,7.28,232.0,1.0,0.4,11.0,90.0,2022,0.13869625520110956,86.4,0.9954999999999999,3.55,Safe
2750,"RIVER     CHENAB     AT CHADRA   GAON   VIEW POINT(4 KM U/S FROM
SPOT)",JAMMU & KASHMIR,12.0,7.2,7.28,232.0,1.0,0.4,11.0,90.0,2022,0.13869625520110956,86.4,0.9954999999999999,3.55,Safe
2751,"RIVER CHENAB AT JAL PATAN              MANDIR AFTER MEETING WITH MAIN        DRAIN        OF
AKHNOOR        CITY(1.5 KMD/S FROM SPOT)",JAMMU & KASHMIR,12.0,7.3,7.56,232.0,1.0,0.4,11.0,90.0,2022,0.13679890560875513,87.6,0.9954999999999999,3.55,Safe
2754,"RIVER                   DEVAK UDHAMPUR(NEAR SHIV                   MANDIR
D/S)L.H.S.",JAMMU & KASHMIR,14.0,4.2,7.82,232.0,1.0,0.4,11.0,90.0,2022,0.23752969121140144,58.800000000000004,0.9954999999999999,3.55,Safe
2757,RIVER       DEVAK       AT UTTERBEHNI,JAMMU & KASHMIR,16.0,7.0,7.97,232.0,1.0,0.4,11.0,90.0,2022,0.14265335235378032,112.0,0.9954999999999999,3.55,Safe
2742,"RIVER        TAWI        AT SHETALI            LIFTING
POINT  NAGROTA(5KM U/S TAWI BRIDGE)",JAMMU & KASHMIR,16.0,6.8,7.2,232.0,1.0,0.4,11.0,90.0,2022,0.14684287812041116,108.8,0.9954999999999999,3.55,Safe
2743,"RIVER TAWI AT BAGH-E-BAHU             LIFTING POINT(1 KM U/S TAWI
BRIDGE)",JAMMU & KASHMIR,14.0,6.5,7.4,232.0,1.0,0.4,11.0,90.0,2022,0.15360983102918588,91.0,0.9954999999999999,3.55,Safe
1412,"RIVER        TAWI        AT JAMMU     U/S,     (TAWI BRIDGE )",JAMMU & KASHMIR,14.0,4.4,7.45,232.0,1.0,0.4,11.0,90.0,2022,0.22675736961451246,61.60000000000001,0.9954999999999999,3.55,Safe
2744,RIVER   TAWI   BELOW TAWI BRIDGE,JAMMU & KASHMIR,14.0,5.0,7.71,232.0,1.0,0.4,11.0,90.0,2022,0.1996007984031936,70.0,0.9954999999999999,3.55,Safe
2745,RIVER                      TAWI BAGHWATI        NAGAR (2KM        D/S        TAWI BRIDGE,JAMMU & KASHMIR,14.0,3.5,7.55,232.0,1.0,0.4,11.0,90.0,2022,0.2849002849002849,49.0,0.9954999999999999,3.55,Safe
2746,"RIVER        TAWI        AT BELICHARANA(4KM
D/S TAWI BRIDGE)",JAMMU & KASHMIR,15.0,6.6,7.65,232.0,1.0,0.4,11.0,90.0,2022,0.15128593040847202,99.0,0.9954999999999999,3.55,Safe
2747,"RIVER        TAWI        AT SURAJPUR CHATHA(10 KM          D/S          TAWI BRIDGE)BELOW BRIDGE                  NEAR
CHATHA                  MSW DUMPING SITE, J&K",JAMMU & KASHMIR,15.0,6.7,7.45,232.0,1.0,0.32,11.0,90.0,2022,0.14903129657228018,100.5,0.9794999999999999,3.47,Safe
4055,"RIVER  TAWI  AT  1  KM D/S        BELOW        STP
DISCHARGE  POINT  AT BHAGWATI NAGAR",JAMMU & KASHMIR,15.0,2.8,7.45,232.0,1.0,0.4,11.0,90.0,2022,0.3558718861209965,42.0,0.9954999999999999,3.55,Safe
4056,"RIVER TAWI AT BALOL NALLAH,     NEAR    NIT COLLEGE,            MIRAN
SAHIB,                BEFORE MIXING",JAMMU & KASHMIR,14.0,4.3,7.56,232.0,1.0,0.4,11.0,90.0,2022,0.2320185614849188,60.199999999999996,0.9954999999999999,3.55,Safe
2758,"RIVER   UJH   AT   DAM SITE(L.H.S.), KATHUA",JAMMU & KASHMIR,22.0,7.4,7.8,232.0,1.0,0.4,11.0,90.0,2022,0.1349527665317139,162.8,0.9954999999999999,3.55,Safe
4058,"RIVER       DEVAK       AT PURMANDAL,       NEAR TEMPLE",JAMMU & KASHMIR,16.0,5.2,8.1,232.0,1.0,0.4,11.0,90.0,2022,0.19193857965451055,83.2,0.9954999999999999,3.55,Safe
4062,"RIVER   DEVAK   2   KM D/S        FROM        SHIV MANDIR                       AT
UDHAMPUR,",JAMMU & KASHMIR,14.0,3.6,7.92,232.0,1.0,0.4,11.0,90.0,2022,0.2770083102493075,50.4,0.9954999999999999,3.55,Safe
4063,"RIVER  DEVAK  ABOUT 10 KM D/S FROM SHIV MANDIR,            BELOW
RAILWAY          BRIDGE, UDHAMPUR",JAMMU & KASHMIR,14.0,7.1,7.5,232.0,1.0,0.4,11.0,90.0,2022,0.1406469760900141,99.39999999999999,0.9954999999999999,3.55,Safe
4161,"RIVER      CONFLUENCE POINT OF SARSA NADI
WITH    WITH    SUTLEJ,",PUNJAB,9.0,6.6,7.6,232.0,1.0,1.4,11.0,90.0,2022,0.15128593040847202,59.4,1.1955,4.5,Safe
3856,RIVER       SWAN       U/S INDUSTRIAL         AREA GAGRET,HIMACHAL PRADESH,20.5,6.1,7.35,232.0,1.0,0.4,11.0,90.0,2022,0.16366612111292964,125.05,0.9954999999999999,3.55,Safe
3857,"RIVER       SWAN       D/S
INDUSTRIAL         AREA GAGRET",HIMACHAL PRADESH,20.5,6.0,7.4,232.0,1.0,0.36,11.0,90.0,2022,0.1663893510815308,123.0,0.9874999999999999,3.51,Safe
3858,RIVER       SWAN       U/S SANTOSHGARH BRIDGE,HIMACHAL PRADESH,11.0,6.0,7.18,232.0,1.0,0.49,11.0,90.0,2022,0.1663893510815308,66.0,1.0135,3.64,Safe
3859,"RIVER SWAN U/S UNA TOWN                           AT
GHALLUWAL BRIDGE",HIMACHAL PRADESH,21.0,6.4,7.23,232.0,1.0,0.5,11.0,90.0,2022,0.15600624024961,134.4,1.0154999999999998,3.65,Safe
4030,"RIVER  SWAN  BEFORE
CONF. OF GARNI KHAD AT CHURURU",HIMACHAL PRADESH,19.0,6.5,7.31,232.0,1.0,0.32,11.0,90.0,2022,0.15360983102918588,123.5,0.9794999999999999,3.47,Safe
4031,RIVER    SWAN   AFTER CONF. GARNI KHAD AT CHURURU,HIMACHAL PRADESH,19.0,6.6,7.4,232.0,1.0,0.4,11.0,90.0,2022,0.15128593040847202,125.39999999999999,0.9954999999999999,3.55,Safe
1869,RIVER       SWAN       D/S BELA                BATHARI (BHANGLA),HIMACHAL PRADESH,13.0,6.5,7.11,232.0,1.0,0.53,11.0,90.0,2022,0.15360983102918588,84.5,1.0215,3.68,Safe
30011,"RIVER        SWAN        AT DHANGLA       VILLAGE, SANTOSHGARH (PUNJAB)",PUNJAB,19.0,8.6,7.9,232.0,1.0,0.32,11.0,90.0,2022,0.11614401858304298,163.4,0.9794999999999999,3.47,Safe
4038,RIVER              TIRTHAN BEFORE      CONF.      TO RIVER SUTLEJ,HIMACHAL PRADESH,6.0,7.4,7.42,232.0,1.0,0.32,11.0,90.0,2022,0.1349527665317139,44.400000000000006,0.9794999999999999,3.47,Safe
2617,RIVER PABBAR AT U/S DHAMBARI,HIMACHAL PRADESH,6.0,7.9,6.83,232.0,1.0,0.32,11.0,90.0,2022,0.1264222503160556,47.400000000000006,0.9794999999999999,3.47,Safe
2618,RIVER PABBAR AT U/S ROHRU,HIMACHAL PRADESH,6.0,7.4,7.5,232.0,1.0,0.33,11.0,90.0,2022,0.1349527665317139,44.400000000000006,0.9814999999999999,3.48,Safe
4039,RIVER    PABBAR    U/S HATKOTI,HIMACHAL PRADESH,8.0,7.0,7.6,232.0,1.0,0.34,11.0,90.0,2022,0.14265335235378032,56.0,0.9834999999999999,3.49,Safe
4479,"ASHWANI   KHAD   U/S OF                  SADHUPUL
VILLAGE          (NEARBY 800   METERS   U/S   OF THE BRIDGE)",HIMACHAL PRADESH,9.0,5.5,6.74,232.0,1.0,1.36,11.0,90.0,2022,0.18148820326678766,49.5,1.1875,4.46,Safe
4441,RIVER        GIRI        U/S PROPOSED SITE OF SRI RENUKAJI DAM SITE.,HIMACHAL PRADESH,17.0,7.4,7.77,232.0,1.0,0.32,11.0,90.0,2022,0.1349527665317139,125.80000000000001,0.9794999999999999,3.47,Safe
4442,"RIVER        GIRI        D/S PROPOSED SITE OF SRI RENUKAJI   DAM   SITE NEAR      BRIDGE      AT
DADAHU- RENUKAJI",HIMACHAL PRADESH,17.0,7.3,7.71,232.0,1.0,0.32,11.0,90.0,2022,0.13679890560875513,124.1,0.9794999999999999,3.47,Safe
4429,"ASHWANI              KHAD AFTER     CONFLUENCE
OF LIFT NALLAH NEAR DOGRHA BRIDGE",HIMACHAL PRADESH,6.1,5.9,7.45,232.0,1.0,1.51,11.0,90.0,2022,0.1692047377326565,35.99,1.2175,4.6,Safe
4461,"ASHWANI   KHAD   D/S OF                       VILLAGE
SADHUPIL,         TEHSIL
KANDAGHAT, DISTRICT SOLAN.",HIMACHAL PRADESH,9.0,5.6,7.04,232.0,1.0,1.6,11.0,90.0,2022,0.17825311942959005,50.4,1.2355,4.68,Safe
2620,"ASHWANI   KHAD   U/S OF YASHWANT NAGAR BEFORE   CONF.   WITH RIVER         GIRI         AT
YASHWANT NAGAR",HIMACHAL PRADESH,8.0,5.6,7.38,232.0,1.0,1.0,11.0,90.0,2022,0.17825311942959005,44.8,1.1155,4.13,Safe
4023,MANJHI     KHAD     U/S DHARAMSHALA        OF KHANIYARA,HIMACHAL PRADESH,8.0,7.1,6.92,232.0,1.0,0.4,11.0,90.0,2022,0.1406469760900141,56.8,0.9954999999999999,3.55,Safe
4024,MANJHI     KHAD     D/S DHARAMSHALA        AT CHETRU,HIMACHAL PRADESH,12.0,7.0,6.98,232.0,1.0,0.4,11.0,90.0,2022,0.14265335235378032,84.0,0.9954999999999999,3.55,Safe
4025,MOL        KHAD        U/S PALAMPUR,HIMACHAL PRADESH,10.0,7.4,7.25,232.0,1.0,0.4,11.0,90.0,2022,0.1349527665317139,74.0,0.9954999999999999,3.55,Safe
4026,MOL        KHAD        D/S PALAMPUR,HIMACHAL PRADESH,9.0,7.1,7.26,232.0,1.0,0.4,11.0,90.0,2022,0.1406469760900141,63.9,0.9954999999999999,3.55,Safe
4457,BANER      KHAD      U/S CHAMUNDA TEMPLE,HIMACHAL PRADESH,10.0,7.6,7.04,232.0,1.0,0.4,11.0,90.0,2022,0.1314060446780552,76.0,0.9954999999999999,3.55,Safe
4458,BANER     KHAD     D/S CHAMUNDA TEMPLE,HIMACHAL PRADESH,10.0,7.3,7.11,232.0,1.0,0.4,11.0,90.0,2022,0.13679890560875513,73.0,0.9954999999999999,3.55,Safe
4460,CHARAN   KHAND   U/S BHAGSUNAG,HIMACHAL PRADESH,8.0,8.9,6.92,232.0,1.0,0.4,11.0,90.0,2022,0.1122334455667789,71.2,0.9954999999999999,3.55,Safe
4428,ASHWINI KHAD U/S OF WEIR   SITE   OF   WTP NEAR              ASHWANI BRIDGE,HIMACHAL PRADESH,5.0,5.9,7.48,232.0,1.0,0.98,11.0,90.0,2022,0.1692047377326565,29.5,1.1115,4.11,Safe
4424,"RAW      WATER      FOR LWSS OF NAUTI KHAD AT                        GUMMA
(BASANTPUR)",HIMACHAL PRADESH,6.0,6.9,7.68,232.0,1.0,0.32,11.0,90.0,2022,0.1447178002894356,41.400000000000006,0.9794999999999999,3.47,Safe
4432,DHAULI      KHAD      AT CHARAN GANGA MEDI,HIMACHAL PRADESH,20.0,6.2,7.27,232.0,1.0,0.34,11.0,90.0,2022,0.1610305958132045,124.0,0.9834999999999999,3.49,Safe
4431,"SHIKARI                 KHAD BEFORE  CONFLUENCE TO     RIVER     PABBAR NEAR    HRTC    ROHRU
BUS STAND",HIMACHAL PRADESH,7.0,6.0,7.42,232.0,1.0,0.32,11.0,90.0,2022,0.1663893510815308,42.0,0.9794999999999999,3.47,Safe
2626,"RIVER    BATTA        U/S PAONTA                       AT
KISHANPURA",HIMACHAL PRADESH,17.0,7.4,7.53,232.0,1.0,0.32,11.0,90.0,2022,0.1349527665317139,125.80000000000001,0.9794999999999999,3.47,Safe
2627,RIVER BATTA BEFORE CONFLUENCE            TO YAMUNA,HIMACHAL PRADESH,18.0,7.5,7.68,232.0,1.0,0.32,11.0,90.0,2022,0.13315579227696406,135.0,0.9794999999999999,3.47,Safe
2913,"RIVER       KALI       BEIN FALLING   INTO   BEAS,
PUNJAB",PUNJAB,14.1,4.0,7.3,232.0,1.0,0.9,11.0,90.0,2022,0.24937655860349128,56.4,1.0955,4.03,Safe
1090,RIVER SAINJ D/S LARJI,HIMACHAL PRADESH,5.0,7.2,7.2,232.0,1.0,0.32,11.0,90.0,2022,0.13869625520110956,36.0,0.9794999999999999,3.47,Safe
1871,"RIVER  MARKANDA  AT
SHAMBUWALA, DISTT. SIRMOUR",HIMACHAL PRADESH,18.0,6.6,7.63,232.0,1.0,0.32,11.0,90.0,2022,0.15128593040847202,118.8,0.9794999999999999,3.47,Safe
2624,RIVER         MARKANDA U/S KALA AMB,HIMACHAL PRADESH,18.0,6.3,7.52,232.0,1.0,0.32,11.0,90.0,2022,0.1584786053882726,113.39999999999999,0.9794999999999999,3.47,Safe
2625,"RIVER         MARKANDA D/S        KALA        AMB/ BOUNDARY                 OF
HARYANA",HIMACHAL PRADESH,19.0,6.1,7.55,232.0,1.0,0.32,11.0,90.0,2022,0.16366612111292964,115.89999999999999,0.9794999999999999,3.47,Safe
3862,"RIVER         MARKANDA AFTER     CONFLUENCE WITH    SALANI    KHAD AT   MOGINAND   KALA
AMB",HIMACHAL PRADESH,17.0,6.2,7.36,232.0,1.0,0.32,11.0,90.0,2022,0.1610305958132045,105.4,0.9794999999999999,3.47,Safe
3864,"RIVER         MARKANDA AFTER     CONFLUENCE OF   RAMPUR   JATTAN
MOGINAND NALA",HIMACHAL PRADESH,19.0,6.2,7.38,232.0,1.0,0.32,11.0,90.0,2022,0.1610305958132045,117.8,0.9794999999999999,3.47,Safe
4433,RIVER   SWAN   D/S   OF UNA       AT       RAMPUR BRIDGE,HIMACHAL PRADESH,22.0,6.3,7.36,232.0,1.0,0.56,11.0,90.0,2022,0.1584786053882726,138.6,1.0274999999999999,3.71,Safe
4469,"GAJ         KHAD     NEAR WATER               SUPPLY SCHEME DHARAMSHALA
CANTT.",HIMACHAL PRADESH,8.0,9.0,7.1,232.0,1.0,0.4,11.0,90.0,2022,0.11098779134295228,72.0,0.9954999999999999,3.55,Safe
4470,"BATHER                KHAD
WATER               SUPPLY SCHEME AT  DAL LAKE",HIMACHAL PRADESH,7.0,9.0,6.98,232.0,1.0,0.4,11.0,90.0,2022,0.11098779134295228,63.0,0.9954999999999999,3.55,Safe
4471,"NEUGAL  KHAD  NEAR WATER               SUPPLY SCHEME   AT  BANDLA,
PALAMPUR",HIMACHAL PRADESH,8.0,8.9,6.96,232.0,1.0,0.4,11.0,90.0,2022,0.1122334455667789,71.2,0.9954999999999999,3.55,Safe
4486,"RIVER       BALD       D/S LANDFILLSITE           AT
BADDI",HIMACHAL PRADESH,12.0,3.0,7.33,232.0,1.0,0.47,11.0,90.0,2022,0.33222591362126247,36.0,1.0095,3.62,Safe
4488,RIVER RATTA BEFORE CONF. TO RIVER SIRSA,HIMACHAL PRADESH,10.0,4.0,7.03,232.0,1.0,0.73,11.0,90.0,2022,0.24937655860349128,40.0,1.0614999999999999,3.87,Safe
5248,"RIVER UHL D/S OF IIT, MANDI",HIMACHAL PRADESH,16.0,7.2,7.31,232.0,1.0,0.32,11.0,90.0,2022,0.13869625520110956,115.2,0.9794999999999999,3.47,Safe
5251,SUKETI      KHAD      D/S SWM SITE AT SUNDER NAGAR,HIMACHAL PRADESH,9.0,2.0,6.98,232.0,1.0,0.32,11.0,90.0,2022,0.49751243781094534,18.0,0.9794999999999999,3.47,Safe
5252,SEER        KHAD        U/S INTAKE POINT OF WSS GHUMARWIN TOWN,HIMACHAL PRADESH,13.0,8.3,7.93,232.0,1.0,0.32,11.0,90.0,2022,0.12033694344163658,107.9,0.9794999999999999,3.47,Safe
5254,RIVER    BHAGGA    U/S BEFORE  CONFLUENCE TO RIVER CHENAB,HIMACHAL PRADESH,2.0,8.6,7.5,232.0,1.0,0.32,11.0,90.0,2022,0.11614401858304298,17.2,0.9794999999999999,3.47,Safe
5255,RIVER   CHANDRA   U/S BEFORE  CONFLUENCE TO RIVER CHENAB,HIMACHAL PRADESH,2.0,8.4,7.45,232.0,1.0,0.32,11.0,90.0,2022,0.11890606420927467,16.8,0.9794999999999999,3.47,Safe
5256,RIVER CHENAB D/S AT TANDI (L & S),HIMACHAL PRADESH,3.0,8.7,7.56,232.0,1.0,0.32,11.0,90.0,2022,0.11481056257175662,26.099999999999998,0.9794999999999999,3.47,Safe
5292,"RIVER GIRI AT NIHARI, KOTKHAL",HIMACHAL PRADESH,9.0,8.0,7.6,232.0,1.0,0.33,11.0,90.0,2022,0.12484394506866417,72.0,0.9814999999999999,3.48,Safe
30013,RIVER   KOSHALYA   AT U/S PARWANOO,HIMACHAL PRADESH,15.0,8.0,7.8,232.0,1.0,0.32,11.0,90.0,2022,0.12484394506866417,120.0,0.9794999999999999,3.47,Safe
3997,"RIVER   GANGA   U/S       AT
ABINDUGHAT, DUDHIYABAD, HARIDWAR",UTTARAKHAND,15.5,7.8,7.1,232.0,1.0,0.32,11.0,90.0,2022,0.12804097311139565,120.89999999999999,0.9794999999999999,3.47,Safe
10148,RIVER  GANGA  AT  HAR-KI-PAURI GHAT,UTTARAKHAND,14.3,7.8,7.1,232.0,1.0,0.32,11.0,90.0,2022,0.12804097311139565,111.54,0.9794999999999999,3.47,Safe
1061,"RIVER   GANGA       D/S   AT BALKUMARI           MANDIR, AJEETPUR, HARIDWAR",UTTARAKHAND,16.0,7.4,7.2,232.0,1.0,0.32,11.0,90.0,2022,0.1349527665317139,118.4,0.9794999999999999,3.47,Safe
2727,"UPPER GANGA CANAL D/S AT ROORKEE, HARIDWAR",UTTARAKHAND,14.0,6.2,7.1,232.0,1.0,0.32,11.0,90.0,2022,0.1610305958132045,86.8,0.9794999999999999,3.47,Safe
30005,RIVER          GANGA          AT SULTANPUR (UTTARAKHAND),UTTARAKHAND,20.4,6.9,7.43,232.0,1.0,0.32,11.0,90.0,2022,0.1447178002894356,140.76,0.9794999999999999,3.47,Safe
30006,RIVER  GANGA  AT  BIJNOR (U.P.),UTTAR PRADESH,18.0,7.2,7.8,232.0,1.0,0.32,11.0,90.0,2022,0.13869625520110956,129.6,0.9794999999999999,3.47,Safe
10150,"RIVER GANGA AT MADHYA GANGA BARRAGE, BIJNOR",UTTAR PRADESH,21.0,8.6,7.55,232.0,1.0,0.4,11.0,90.0,2022,0.11614401858304298,180.6,0.9954999999999999,3.55,Safe
10149,"RIVER GANGA AT  U/S  BRIJ GHAT
,GHARMUKTESHWAR",UTTAR PRADESH,13.0,8.3,7.0,232.0,1.0,0.4,11.0,90.0,2022,0.12033694344163658,107.9,0.9954999999999999,3.55,Safe
1062,"RIVER    GANGA    AT    D/S GARHMUKTESHWAR, U.P",UTTAR PRADESH,13.0,8.0,7.1,232.0,1.0,0.4,11.0,90.0,2022,0.12484394506866417,104.0,0.9954999999999999,3.55,Safe
2488,"RIVER         GANGA         U/S, ANOOPSHAHAR",UTTAR PRADESH,16.0,7.1,7.08,232.0,1.0,0.4,11.0,90.0,2022,0.1406469760900141,113.6,0.9954999999999999,3.55,Safe
2489,"RIVER         GANGA         D/S, ANOOPSHAHAR",UTTAR PRADESH,16.0,7.1,7.11,232.0,1.0,0.4,11.0,90.0,2022,0.1406469760900141,113.6,0.9954999999999999,3.55,Safe
1145,"RIVER GANGA AT NARORA
(BULANDSAHAR), U.P.","UTTAR
PRADESH",17.0,6.8,7.09,232.0,1.0,0.4,11.0,90.0,2022,0.14684287812041116,115.6,0.9954999999999999,3.55,Safe
2490,"RIVER          GANGA          AT KACHHLA GHAT, ALIGARH",UTTAR PRADESH,17.0,8.1,7.2,232.0,1.0,0.79,11.0,90.0,2022,0.12330456226880396,137.7,1.0735,3.93,Safe
10151,"RIVER          GANGA          AT
GHATIYAGHAT FARRUKABAD",UTTAR PRADESH,16.0,6.9,7.84,232.0,1.0,0.4,11.0,90.0,2022,0.1447178002894356,110.4,0.9954999999999999,3.55,Safe
1063,"RIVER          GANGA          AT KANNAUJ       U/S       (NEAR MEHNDIGHAT       BRIDGE),
U.P",UTTAR PRADESH,16.0,6.9,8.0,232.0,1.0,0.4,11.0,90.0,2022,0.1447178002894356,110.4,0.9954999999999999,3.55,Safe
1066,"RIVER          GANGA          AT DURJANPUR,         KANNAUJ D/S, U.P",UTTAR PRADESH,16.0,6.8,8.1,232.0,1.0,0.4,11.0,90.0,2022,0.14684287812041116,108.8,0.9954999999999999,3.55,Safe
1146,"RIVER          GANGA          AT BITHOOR (KANPUR), U.P.",UTTAR PRADESH,16.0,6.3,7.98,232.0,1.0,0.4,11.0,90.0,2022,0.1584786053882726,100.8,0.9954999999999999,3.55,Safe
1067,"RIVER GANGA AT KANPUR U/S    (SHUKLAGANJ    U/S), U.P",UTTAR PRADESH,15.0,6.4,7.83,232.0,1.0,0.4,11.0,90.0,2022,0.15600624024961,96.0,0.9954999999999999,3.55,Safe
10154,"RIVER          GANGA          AT
BATHING                       GHAT (BHARAOGHAT)",UTTAR PRADESH,15.0,6.6,7.83,232.0,1.0,0.4,11.0,90.0,2022,0.15128593040847202,99.0,0.9954999999999999,3.55,Safe
10155,RIVER    GANGA    AT    D/S (SHUKLAGANJ),UTTAR PRADESH,16.0,6.1,8.13,232.0,1.0,0.4,11.0,90.0,2022,0.16366612111292964,97.6,0.9954999999999999,3.55,Safe
1068,"RIVER GANGA AT KANPUR D/S (JANA VILLAGE), U.P",UTTAR PRADESH,15.0,6.2,7.9,232.0,1.0,0.4,11.0,90.0,2022,0.1610305958132045,93.0,0.9954999999999999,3.55,Safe
10157,"RIVER          GANGA          AT
BATHING   GHAT   (JAJMAU BRIDGE)",UTTAR PRADESH,16.0,6.4,7.89,232.0,1.0,0.4,11.0,90.0,2022,0.15600624024961,102.4,0.9954999999999999,3.55,Safe
1147,"RIVER GANGA AT DALMAU (RAI BAREILLY), U.P.",UTTAR PRADESH,20.0,6.8,7.66,232.0,1.0,0.76,11.0,90.0,2022,0.14684287812041116,136.0,1.0675,3.9,Safe
2498,"RIVER   GANGA   AT   KALA KANKAR, RAEBARELI",UTTAR PRADESH,20.0,7.0,7.77,232.0,1.0,0.74,11.0,90.0,2022,0.14265335235378032,140.0,1.0635,3.88,Safe
1046,"RIVER          GANGA          AT
PRAYAGRAJ (RASOOLABAD), U.P.",UTTAR PRADESH,18.9,6.1,7.39,232.0,1.0,0.56,11.0,90.0,2022,0.16366612111292964,115.28999999999998,1.0274999999999999,3.71,Safe
2487,"RIVER          GANGA          AT
KADAGHAT, KAUSHAMABI","UTTAR
PRADESH",19.0,6.2,7.19,232.0,1.0,0.61,11.0,90.0,2022,0.1610305958132045,117.8,1.0374999999999999,3.76,Safe
1049,"RIVER          GANGA          AT PRAYAGRAJ                      D/S (SANGAM), U.P.",UTTAR PRADESH,18.9,6.0,7.43,232.0,1.0,0.6,11.0,90.0,2022,0.1663893510815308,113.39999999999999,1.0354999999999999,3.75,Safe
10158,"RIVER  GANGA A/C  TAMSA RIVER, SIRSA, SON BARSA",UTTAR PRADESH,19.0,6.0,7.59,232.0,1.0,0.6,11.0,90.0,2022,0.1663893510815308,114.0,1.0354999999999999,3.75,Safe
2485,"RIVER         GANGA         U/S, VINDHYACHAL, MIRZAPUR",UTTAR PRADESH,19.0,7.0,7.7,232.0,1.0,0.74,11.0,90.0,2022,0.14265335235378032,133.0,1.0635,3.88,Safe
2486,"RIVER         GANGA         D/S, MIRZAPUR",UTTAR PRADESH,19.0,6.4,6.6,232.0,1.0,0.88,11.0,90.0,2022,0.15600624024961,121.60000000000001,1.0915,4.02,Safe
10153,RIVER GANGA AT CHUNAR,UTTAR PRADESH,19.5,6.7,6.4,232.0,1.0,0.84,11.0,90.0,2022,0.14903129657228018,130.65,1.0835,3.98,Safe
1070,"RIVER          GANGA          AT VARANASI       U/S       NEAR VISHWASUNDARI   BRIDGE B/C      DRAINS(      NAGWA NALA,        SAMNE        GHAT
NALA,NAKHHI NALA)",UTTAR PRADESH,18.5,7.1,7.74,232.0,1.0,0.84,11.0,90.0,2022,0.1406469760900141,131.35,1.0835,3.98,Safe
1071,"RIVER          GANGA          AT
VARANASI D/S , A/C RIVER VARUNA , U.P",UTTAR PRADESH,18.5,6.5,7.59,232.0,1.0,0.96,11.0,90.0,2022,0.15360983102918588,120.25,1.1075,4.09,Safe
10152,"RIVER  GANGA  A/C  GOMTI RIVER, BHUSAULA",UTTAR PRADESH,19.0,7.0,7.68,232.0,1.0,0.92,11.0,90.0,2022,0.14265335235378032,133.0,1.0995,4.05,Safe
10156,"RIVER          GANGA          AT
BATHING     GHAT     (GOLA GHAT)",UTTAR PRADESH,16.0,4.1,7.47,232.0,1.0,0.4,11.0,90.0,2022,0.24330900243309006,65.6,0.9954999999999999,3.55,Safe
1073,"RIVER          GANGA          AT TARIGHAT      (GHAZIPUR), U.P",UTTAR PRADESH,19.0,6.4,7.58,232.0,1.0,1.12,11.0,90.0,2022,0.15600624024961,121.60000000000001,1.1395,4.24,Safe
30075,"RIVER   GANGA   AT   ROAD BRIDGE      TARIGHAT,DIST GHAZIPUR (U.P.)",UTTAR PRADESH,21.3,6.8,6.98,232.0,1.0,0.32,11.0,90.0,2022,0.14684287812041116,144.84,0.9794999999999999,3.47,Safe
1074,"RIVER  GANGA  CHUSA  AT
BUXAR",BIHAR,14.0,6.0,7.1,232.0,1.0,0.4,11.0,90.0,2022,0.1663893510815308,84.0,0.9954999999999999,3.55,Safe
10113,"RIVER GANGA AT U/S JAIL GHAT, BUXAR",BIHAR,14.0,5.4,7.1,232.0,1.0,0.4,11.0,90.0,2022,0.18484288354898337,75.60000000000001,0.9954999999999999,3.55,Safe
2551,"RIVER  GANGA  AT  BUXAR, RAMREKHAGHAT",BIHAR,14.0,5.2,7.01,232.0,1.0,0.4,11.0,90.0,2022,0.19193857965451055,72.8,0.9954999999999999,3.55,Safe
3113,"RIVER    GANGA    AT    D/S BUXAR        NEAR         VEER KUNWAR     SINGH     ROAD
BRIDGE",BIHAR,15.0,5.8,6.98,232.0,1.0,0.4,11.0,90.0,2022,0.17211703958691912,87.0,0.9954999999999999,3.55,Safe
10131,"RIVER GANGA D/S OF M/S NTPC,       BARH       WATER INTAKE POINT,PATHANICHAK,
BINDTOLA BARH",BIHAR,10.0,5.0,7.02,232.0,1.0,0.4,11.0,90.0,2022,0.1996007984031936,50.0,0.9954999999999999,3.55,Safe
30076,RIVER          GANGA          AT MANJHIGHAT                DIST. CHHAPRA(BIHAR),BIHAR,21.0,6.7,7.5,232.0,1.0,0.32,11.0,90.0,2022,0.14903129657228018,140.70000000000002,0.9794999999999999,3.47,Safe
10162,"RIVER    GANGA    AT    ARA-CHAPRA     ROAD     BRIDGE
(KOIILWAR         BARHARA-CHAPRA ROAD)",BIHAR,15.0,6.6,6.96,232.0,1.0,0.4,11.0,90.0,2022,0.15128593040847202,99.0,0.9954999999999999,3.55,Safe
2564,"RIVER    GANGA    AT    THE BALUGHAT,         DORIGANJ,
SARAN",BIHAR,15.0,5.8,7.08,232.0,1.0,0.4,11.0,90.0,2022,0.17211703958691912,87.0,0.9954999999999999,3.55,Safe
10114,"RIVER    GANGA    AT    MAA AMBIKA    ASTHAN,    AAMI, SARAN",BIHAR,15.0,5.9,6.99,232.0,1.0,0.4,11.0,90.0,2022,0.1692047377326565,88.5,0.9954999999999999,3.55,Safe
3114,"RIVER        GANGA        NEAR DANAPUR     (NEAR     PIPA PUL) ,PATNA",BIHAR,13.0,5.4,6.97,232.0,1.0,0.4,11.0,90.0,2022,0.18484288354898337,70.2,0.9954999999999999,3.55,Safe
1077,"RIVER  GANGA  AT  DIGHA, NEAR J P SETU, PATNA U/S",BIHAR,13.0,5.7,7.14,232.0,1.0,0.4,11.0,90.0,2022,0.17513134851138354,74.10000000000001,0.9954999999999999,3.55,Safe
2552,"RIVER          GANGA          AT GANDHIGHAT, NIT  PATNA",BIHAR,14.0,5.6,6.98,232.0,1.0,0.4,11.0,90.0,2022,0.17825311942959005,78.39999999999999,0.9954999999999999,3.55,Safe
10115,"RIVER  GANGA  AT  GULABI GHAT, PATNA",BIHAR,14.0,5.5,7.08,232.0,1.0,0.4,11.0,90.0,2022,0.18148820326678766,77.0,0.9954999999999999,3.55,Safe
1079,"RIVER  GANGA  AT  PATNA D/S      (GANGA      BRIDGE), GAIGHAT, PATNA",BIHAR,14.0,5.2,7.12,232.0,1.0,0.4,11.0,90.0,2022,0.19193857965451055,72.8,0.9954999999999999,3.55,Safe
3122,"RIVER          GANGA          AT MALSALAMI,  PATNA  CITY, PATNA",BIHAR,15.0,5.6,7.16,232.0,1.0,0.4,11.0,90.0,2022,0.17825311942959005,84.0,0.9954999999999999,3.55,Safe
4297,RIVER          GANGA          AT KACHCHI-DARGAH-,BIHAR,15.0,5.7,7.33,232.0,1.0,0.4,11.0,90.0,2022,0.17513134851138354,85.5,0.9954999999999999,3.55,Safe
10122,"RIVER GANGA AT TRIVENI GHAT, PATNA",BIHAR,14.0,6.0,7.14,232.0,1.0,0.4,11.0,90.0,2022,0.1663893510815308,84.0,0.9954999999999999,3.55,Safe
4301,"RIVER          GANGA          AT BAKHTIYARPUR-TAJPUR BRIDGE        ON        GANGA,
ATHMALGOLA, PATNA",BIHAR,9.0,5.4,7.12,232.0,1.0,0.4,11.0,90.0,2022,0.18484288354898337,48.6,0.9954999999999999,3.55,Safe
2553,"RIVER GANGA AT KEWALA GHAT,FATUHA, PATNA",BIHAR,14.0,5.8,7.26,232.0,1.0,0.4,11.0,90.0,2022,0.17211703958691912,81.2,0.9954999999999999,3.55,Safe
3115,"RIVER    GANGA    AT    UMA NATH MANDIR,BARH",BIHAR,9.0,5.6,7.21,232.0,1.0,0.4,11.0,90.0,2022,0.17825311942959005,50.4,0.9954999999999999,3.55,Safe
10130,"RIVER GANGA U/S OF M/S
NTPC,       BARH       WATER INTAKE POINT, BARH",BIHAR,9.0,5.5,7.3,232.0,1.0,0.4,11.0,90.0,2022,0.18148820326678766,49.5,0.9954999999999999,3.55,Safe
1817,"RIVER          GANGA          AT MOKAMA                      (U/S),
MAHADEO              ASTHAN,
PATNA",BIHAR,10.0,5.4,7.29,232.0,1.0,0.4,11.0,90.0,2022,0.18484288354898337,54.0,0.9954999999999999,3.55,Safe
1815,"RIVER          GANGA          AT MOKAMA      (D/S),     NEAR RAJENDRA        BRIDGE        , SIMIRIYA GHAT",BIHAR,10.0,5.0,7.21,232.0,1.0,0.4,11.0,90.0,2022,0.1996007984031936,50.0,0.9954999999999999,3.55,Safe
3123,"RIVER          GANGA          AT BARAHIYA,    NEPALITOLA, MARANCHI, HATHIDAH AT
MOKAMA, PATNA",BIHAR,9.0,5.1,7.25,232.0,1.0,0.4,11.0,90.0,2022,0.19569471624266147,45.9,0.9954999999999999,3.55,Safe
3116,"RIVER    GANGA    AT     U/S
MUNGER     KASHATHARNI GHAT",BIHAR,10.0,5.6,7.1,232.0,1.0,0.4,11.0,90.0,2022,0.17825311942959005,56.0,0.9954999999999999,3.55,Safe
1818,"RIVER GANGA AT MUNGER D/S,             CREAMINATION GHAT",BIHAR,9.0,5.5,7.03,232.0,1.0,0.4,11.0,90.0,2022,0.18148820326678766,49.5,0.9954999999999999,3.55,Safe
3117,"RIVER    GANGA    AT     U/S AJGABINATH          MANDIR SULTANGANJ, BHAGALPUR",BIHAR,9.0,5.6,7.2,232.0,1.0,0.4,11.0,90.0,2022,0.17825311942959005,50.4,0.9954999999999999,3.55,Safe
4398,"RIVER  GANGA  AT  WATER INTAKE                        POINT,
BHAGALPUR",BIHAR,10.0,5.5,7.1,232.0,1.0,0.4,11.0,90.0,2022,0.18148820326678766,55.0,0.9954999999999999,3.55,Safe
2554,"RIVER         GANGA         D/S CREMINATION   GHAT   AT SULTANGANJ, BHAGALPUR",BIHAR,9.0,5.5,7.15,232.0,1.0,0.4,11.0,90.0,2022,0.18148820326678766,49.5,0.9954999999999999,3.55,Safe
10138,"RIVER          GANGA          AT CHAMPANAGAR, RASIDPUR,  BHAGALPUR",BIHAR,9.0,5.7,7.0,232.0,1.0,0.4,11.0,90.0,2022,0.17513134851138354,51.300000000000004,0.9954999999999999,3.55,Safe
1819,"RIVER          GANGA          AT BHAGALPUR,  OPP.  KUPPA GHAT",BIHAR,9.0,5.6,7.1,232.0,1.0,0.4,11.0,90.0,2022,0.17825311942959005,50.4,0.9954999999999999,3.55,Safe
3118,"RIVER    GANGA    AT    D/S
BHAGALPUR                 NEAR BARARIGHAT",BIHAR,15.0,5.3,7.1,232.0,1.0,0.4,11.0,90.0,2022,0.18832391713747648,79.5,0.9954999999999999,3.55,Safe
1816,"RIVER   GANGA,   JHAJGHAT AT KAHALGAON",BIHAR,10.0,5.6,7.0,232.0,1.0,0.4,11.0,90.0,2022,0.17825311942959005,56.0,0.9954999999999999,3.55,Safe
10143,"RIVER   GANGA   D/S   NEAR CREMATION                GHAT, KHALGOAN",BIHAR,10.0,5.2,7.2,232.0,1.0,0.4,11.0,90.0,2022,0.19193857965451055,52.0,0.9954999999999999,3.55,Safe
10144,RIVER   GANGA   U/S   NEAR LCT GHAT,JHARKHAND,15.0,1.2,7.4,232.0,1.0,0.4,11.0,90.0,2022,0.8264462809917356,18.0,0.9954999999999999,3.55,Safe
10145,RIVER   GANGA   D/S   NEAR JANTA GHAT,JHARKHAND,15.0,6.7,7.4,232.0,1.0,0.4,11.0,90.0,2022,0.14903129657228018,100.5,0.9954999999999999,3.55,Safe
10146,RIVER   GANGA   AT   SANGI DALAN,JHARKHAND,14.0,6.6,7.4,232.0,1.0,0.4,11.0,90.0,2022,0.15128593040847202,92.39999999999999,0.9954999999999999,3.55,Safe
1059,"RIVER          GANGA          AT RAJMAHAL, BIHAR",JHARKHAND,15.0,6.6,7.5,232.0,1.0,0.4,11.0,90.0,2022,0.15128593040847202,99.0,0.9954999999999999,3.55,Safe
1080,"RIVER          GANGA          AT BAHARAMPORE, MURSHIDABAD,          WEST BENGAL",WEST BENGAL,16.0,5.7,7.82,232.0,1.0,0.32,11.0,90.0,2022,0.17513134851138354,91.2,0.9794999999999999,3.47,Safe
10159,"RIVER          GANGA          AT
BEHRAMPORE(KHAGRA), MURSHIDABAD",WEST BENGAL,16.0,6.0,7.78,232.0,1.0,0.32,11.0,90.0,2022,0.1663893510815308,96.0,0.9794999999999999,3.47,Safe
10160,"RIVER          GANGA          AT BEHRAMPORE,          (GORA
BAZAR),MURSHIDABAD",WEST BENGAL,16.0,6.0,7.69,232.0,1.0,0.32,11.0,90.0,2022,0.1663893510815308,96.0,0.9794999999999999,3.47,Safe
2506,"RIVER TRIBENI ON GANGA, NEAR     BURNING     GHAT, HOOGHLY",WEST BENGAL,20.0,5.1,7.6,232.0,1.0,0.32,11.0,90.0,2022,0.19569471624266147,102.0,0.9794999999999999,3.47,Safe
2511,"RIVER        NABADIP        ON GANGA,             GHOSHPARA NEAR
MONIPURGHAT,NADIA",WEST BENGAL,19.0,5.5,7.78,232.0,1.0,0.32,11.0,90.0,2022,0.18148820326678766,104.5,0.9794999999999999,3.47,Safe
10161,"RIVER  GANGA  AT  PALTA, SHITALTALA,",WEST BENGAL,18.0,4.8,7.62,232.0,1.0,0.32,11.0,90.0,2022,0.2079002079002079,86.39999999999999,0.9794999999999999,3.47,Safe
1054,"RIVER  GANGA  AT   PALTA
WEST BENGAL",WEST BENGAL,18.0,5.1,7.79,232.0,1.0,0.32,11.0,90.0,2022,0.19569471624266147,91.8,0.9794999999999999,3.47,Safe
1472,"RIVER          GANGA          AT SERAMPORE, HOOGHLY,WEST BENGAL",WEST BENGAL,18.0,5.0,7.2,232.0,1.0,0.32,11.0,90.0,2022,0.1996007984031936,90.0,0.9794999999999999,3.47,Safe
1053,"RIVER          GANGA          AT DAKSHMINESHWAR, KOLKATA, WEST BENGAL",WEST BENGAL,19.0,5.0,6.81,232.0,1.0,0.32,11.0,90.0,2022,0.1996007984031936,95.0,0.9794999999999999,3.47,Safe
1471,"RIVER          GANGA          AT HOWRAH-SHIVPUR   WEST
BENGAL",WEST BENGAL,21.0,5.2,7.02,232.0,1.0,0.34,11.0,90.0,2022,0.19193857965451055,109.2,0.9834999999999999,3.49,Safe
1470,"RIVER GANGA AT GARDEN REACH,   KOLKATA,   WEST BENGAL",WEST BENGAL,21.0,5.0,7.03,232.0,1.0,0.36,11.0,90.0,2022,0.1996007984031936,105.0,0.9874999999999999,3.51,Safe
1052,"RIVER          GANGA          AT ULUBERIA                               ,
HOWRAH,WEST BENGAL",WEST BENGAL,20.0,5.0,6.95,232.0,1.0,0.4,11.0,90.0,2022,0.1996007984031936,100.0,0.9954999999999999,3.55,Safe
1335,RIVER          GANGA          AT PATIKALI    NEAR    DURGA CHAK WEST BENGAL,WEST BENGAL,20.0,5.2,7.21,232.0,1.0,0.32,11.0,90.0,2022,0.19193857965451055,104.0,0.9794999999999999,3.47,Safe
1469,"RIVER          GANGA          AT DIAMOND   HARBOUR,   24 PARGANAS              (S)WEST BENGAL",WEST BENGAL,19.0,5.3,6.93,232.0,1.0,0.56,11.0,90.0,2022,0.18832391713747648,100.7,1.0274999999999999,3.71,Safe
5162,"RIVER          GANGA          AT FARAKKA, MUSHIDABAD",WEST BENGAL,15.0,5.3,7.82,232.0,1.0,0.32,11.0,90.0,2022,0.18832391713747648,79.5,0.9794999999999999,3.47,Safe
3120,"RIVER     PUNPUN     AT KINJAR ROAD BRIDGE, JEHANABAD-ARWAL
BORDER , JEHANABAD",BIHAR,18.0,5.1,7.31,232.0,1.0,0.4,11.0,90.0,2022,0.19569471624266147,91.8,0.9954999999999999,3.55,Safe
4406,"RIVER     PUNPUN     AT OBRA, AURANGABAD",BIHAR,17.0,2.8,7.1,232.0,1.0,0.4,11.0,90.0,2022,0.3558718861209965,47.599999999999994,0.9954999999999999,3.55,Safe
4293,"RIVER KOHRA  U/S RAJ GHAT,         MAJHAULIA, WEST CHAMPARAN",BIHAR,16.0,4.8,6.92,232.0,1.0,0.4,11.0,90.0,2022,0.2079002079002079,76.8,0.9954999999999999,3.55,Safe
4294,"RIVER    KOHRA       D/S NEAR               RAILWAY BRIDGE,    MAJHAULIA, WEST CHAMPARAN",BIHAR,16.0,3.4,6.7,232.0,1.0,0.4,11.0,90.0,2022,0.2932551319648094,54.4,0.9954999999999999,3.55,Safe
4399,"RIVER      HARHA      AT BAGHA,            LAURIYA ROAD BRIDGE",BIHAR,16.0,1.9,7.1,232.0,1.0,0.4,11.0,90.0,2022,0.5235602094240838,30.4,0.9954999999999999,3.55,Safe
4400,RIVER         LAKHANDEI U/S   SITAMARHI      AT MEHANDI NAGAR,BIHAR,11.0,3.1,7.14,232.0,1.0,0.4,11.0,90.0,2022,0.3215434083601286,34.1,0.9954999999999999,3.55,Safe
4401,RIVER         LAKHANDEI D/S     SITAMARHI     AT PARORI ROAD BRIDGE,BIHAR,11.0,1.2,7.03,232.0,1.0,0.4,11.0,90.0,2022,0.8264462809917356,13.2,0.9954999999999999,3.55,Safe
4404,"RIVER  GANGI  AT  ARA,
D/S",BIHAR,15.0,0.5,6.89,232.0,1.0,0.4,11.0,90.0,2022,1.9607843137254901,7.5,0.9954999999999999,3.55,Safe
1824,"RIVER     PARMAR     AT JOGBANI, ARARIA",BIHAR,17.0,6.1,7.11,232.0,1.0,0.4,11.0,90.0,2022,0.16366612111292964,103.69999999999999,0.9954999999999999,3.55,Safe
2572,"RIVER      MAHANANDA AT            THAKURGANJ, KISHANGANJ        ROAD BRIDGE, KISHANGANJ",BIHAR,12.0,5.2,7.25,232.0,1.0,0.4,11.0,90.0,2022,0.19193857965451055,62.400000000000006,0.9954999999999999,3.55,Safe
1424,RIVER   IMPHAL   AT MAHABALI,MANIPUR,16.0,6.6,7.2,232.0,1.0,0.4,11.0,90.0,2022,0.15128593040847202,105.6,0.9954999999999999,3.55,Safe
1457,RIVER   IMPHAL   AT KOIRENGEI,MANIPUR,15.0,7.2,7.2,232.0,1.0,0.4,11.0,90.0,2022,0.13869625520110956,108.0,0.9954999999999999,3.55,Safe
1627,RIVER   IMPHAL   AT KIYAMGI,MANIPUR,16.0,6.6,7.0,232.0,1.0,0.4,11.0,90.0,2022,0.15128593040847202,105.6,0.9954999999999999,3.55,Safe
1628,RIVER   IMPHAL   AT MINUTHONG,MANIPUR,16.0,6.9,7.3,232.0,1.0,0.4,11.0,90.0,2022,0.1447178002894356,110.4,0.9954999999999999,3.55,Safe
2862,RIVER   IMPHAL   AT SAMUROU,MANIPUR,16.0,6.9,7.2,232.0,1.0,0.4,11.0,90.0,2022,0.1447178002894356,110.4,0.9954999999999999,3.55,Safe
2864,"RIVER            IMPHAL NEAR   LEIKINTHABI ROAD,             AWANG
SEKMAI",MANIPUR,16.0,6.8,7.3,232.0,1.0,0.4,11.0,90.0,2022,0.14684287812041116,108.8,0.9954999999999999,3.55,Safe
1458,RIVER       IRIL       AT PORAMPET,MANIPUR,16.0,7.1,7.3,232.0,1.0,0.4,11.0,90.0,2022,0.1406469760900141,113.6,0.9954999999999999,3.55,Safe
1624,RIVER       IRIL       AT LILONG,MANIPUR,17.0,7.0,7.2,232.0,1.0,0.4,11.0,90.0,2022,0.14265335235378032,119.0,0.9954999999999999,3.55,Safe
2863,RIVER       IRIL       AT KANGLA SIPHAI,MANIPUR,16.0,7.2,7.2,232.0,1.0,0.4,11.0,90.0,2022,0.13869625520110956,115.2,0.9954999999999999,3.55,Safe
2873,RIVER       IRIL       AT LILONG,MANIPUR,17.0,6.8,7.2,232.0,1.0,0.4,11.0,90.0,2022,0.14684287812041116,115.6,0.9954999999999999,3.55,Safe
1625,RIVER   NAMBUL   AT HUMP BRIDGE,MANIPUR,16.0,4.8,6.4,232.0,1.0,0.4,11.0,90.0,2022,0.2079002079002079,76.8,0.9954999999999999,3.55,Safe
1626,RIVER   NAMBUL   AT HEIRANGOITHONG,MANIPUR,16.0,5.0,6.7,232.0,1.0,0.4,11.0,90.0,2022,0.1996007984031936,80.0,0.9954999999999999,3.55,Safe
2858,"RIVER   NAMBUL   AT SAMUSANG         (U.K.
ROAD)",MANIPUR,16.0,6.0,6.5,232.0,1.0,0.4,11.0,90.0,2022,0.1663893510815308,96.0,0.9954999999999999,3.55,Safe
2859,RIVER   NAMBUL   AT SINGDA DAM,MANIPUR,15.0,7.3,7.3,232.0,1.0,0.4,11.0,90.0,2022,0.13679890560875513,109.5,0.9954999999999999,3.55,Safe
2860,RIVER   NAMBUL   AT NAOREMTHONG,MANIPUR,16.0,6.1,6.7,232.0,1.0,0.4,11.0,90.0,2022,0.16366612111292964,97.6,0.9954999999999999,3.55,Safe
1925,"RIVER              KHUGA (TUITHA)                AT RENGKAI, CHURACHANDPUR",MANIPUR,16.0,7.1,7.2,232.0,1.0,0.4,11.0,90.0,2022,0.1406469760900141,113.6,0.9954999999999999,3.55,Safe
1926,"RIVER     KHUJAIROK NEAR ELORA HOTEL ROAD, MOREH",MANIPUR,18.0,7.0,7.0,232.0,1.0,0.4,11.0,90.0,2022,0.14265335235378032,126.0,0.9954999999999999,3.55,Safe
1927,"RIVER             SEKMAI RIVER, KAKCHING",MANIPUR,16.0,7.1,7.2,232.0,1.0,0.4,11.0,90.0,2022,0.1406469760900141,113.6,0.9954999999999999,3.55,Safe
2852,RIVER  MANIPUR  AT SEKMAIJIN,MANIPUR,15.0,7.2,7.3,232.0,1.0,0.4,11.0,90.0,2022,0.13869625520110956,108.0,0.9954999999999999,3.55,Safe
2853,RIVER THOUBAL ON MAPITHEL DAM,MANIPUR,17.0,7.2,7.3,232.0,1.0,0.4,11.0,90.0,2022,0.13869625520110956,122.4,0.9954999999999999,3.55,Safe
2854,RIVER  THOUBAL  AT PHADOM,MANIPUR,17.0,7.2,7.2,232.0,1.0,0.4,11.0,90.0,2022,0.13869625520110956,122.4,0.9954999999999999,3.55,Safe
2856,RIVER  THOUBAL  AT YAIRIPOK,MANIPUR,16.0,6.9,7.1,232.0,1.0,0.4,11.0,90.0,2022,0.1447178002894356,110.4,0.9954999999999999,3.55,Safe
2870,RIVER  THOUBAL  AT SHONG KONG,MANIPUR,16.0,7.2,7.2,232.0,1.0,0.4,11.0,90.0,2022,0.13869625520110956,115.2,0.9954999999999999,3.55,Safe
2871,"RIVER         THOUBAL
KONG                  NEAR YAOLEN VILLAGE",MANIPUR,17.0,5.5,7.0,232.0,1.0,0.4,11.0,90.0,2022,0.18148820326678766,93.5,0.9954999999999999,3.55,Safe
2872,RIVER THOUBAL  AT LITAN BRIDGE,MANIPUR,16.0,7.0,7.2,232.0,1.0,0.4,11.0,90.0,2022,0.14265335235378032,112.0,0.9954999999999999,3.55,Safe
2855,RIVER       WANGJING AT HEIROK,MANIPUR,16.0,6.8,6.9,232.0,1.0,0.4,11.0,90.0,2022,0.14684287812041116,108.8,0.9954999999999999,3.55,Safe
2857,RIVER  MANIPUR  AT THOUBAL,MANIPUR,16.0,6.6,7.1,232.0,1.0,0.4,11.0,90.0,2022,0.15128593040847202,105.6,0.9954999999999999,3.55,Safe
2867,"RIVER  MAHA   NEAR KOMLATHABI
BAZAR",MANIPUR,15.0,6.8,7.3,232.0,1.0,0.4,11.0,90.0,2022,0.14684287812041116,102.0,0.9954999999999999,3.55,Safe
2868,RIVER    CHAKPI    AT CHAKPIKARONG,MANIPUR,15.0,7.2,7.3,232.0,1.0,0.4,11.0,90.0,2022,0.13869625520110956,108.0,0.9954999999999999,3.55,Safe
2876,RIVER       WANGJING AT WANGJING,MANIPUR,16.0,7.0,7.1,232.0,1.0,0.4,11.0,90.0,2022,0.14265335235378032,112.0,0.9954999999999999,3.55,Safe
2877,"RIVER              KHUGA (TUITHA)   DAM   ON
KHUGA RIVER",MANIPUR,16.0,7.2,7.3,232.0,1.0,0.4,11.0,90.0,2022,0.13869625520110956,115.2,0.9954999999999999,3.55,Safe
2878,RIVER THONGJAOROK     AT THONGJAOROK BRIDGE,MANIPUR,15.0,6.9,7.2,232.0,1.0,0.4,11.0,90.0,2022,0.1447178002894356,103.5,0.9954999999999999,3.55,Safe
2879,RIVER                ETHAI BARRAGE               ON MANIPUR RIVER,MANIPUR,15.0,7.2,7.1,232.0,1.0,0.4,11.0,90.0,2022,0.13869625520110956,108.0,0.9954999999999999,3.55,Safe
2880,RIVER   NAMBOL   AT BISHNUPUR,MANIPUR,15.0,7.1,7.0,232.0,1.0,0.4,11.0,90.0,2022,0.1406469760900141,106.5,0.9954999999999999,3.55,Safe
2874,RIVER     IRANG     AT TAMENGLONG,MANIPUR,17.0,5.7,7.3,232.0,1.0,0.4,11.0,90.0,2022,0.17513134851138354,96.9,0.9954999999999999,3.55,Safe
3359,"RIVER UMKHRAH AT DEMTHRING, SHILLONG",MEGHALAYA,13.0,1.0,6.8,232.0,1.0,0.58,11.0,90.0,2022,0.9900990099009901,13.0,1.0314999999999999,3.73,Safe
3360,"RIVER UMKHRAH AT UMKALIAR, SHILLONG",MEGHALAYA,13.0,4.1,6.8,232.0,1.0,0.4,11.0,90.0,2022,0.24330900243309006,53.3,0.9954999999999999,3.55,Safe
3361,"RIVER UMKHRAH AT MAWLAI,           NEAR SLAUGHTER HOUSE",MEGHALAYA,13.0,1.0,6.7,232.0,1.0,0.44,11.0,90.0,2022,0.9900990099009901,13.0,1.0034999999999998,3.59,Safe
3362,"RIVER UMKHRAH AT MAWPDANG, MAWLAI",MEGHALAYA,13.0,1.0,6.8,232.0,1.0,0.4,11.0,90.0,2022,0.9900990099009901,13.0,0.9954999999999999,3.55,Safe
3363,RIVER UMSHYRPI AT RISA COLONY,MEGHALAYA,12.0,7.2,6.6,232.0,1.0,0.32,11.0,90.0,2022,0.13869625520110956,86.4,0.9794999999999999,3.47,Safe
3364,"RIVER UMSHYRPI AT LAW            COLLEGE,
DHANKETI,",MEGHALAYA,13.0,1.0,6.7,232.0,1.0,0.34,11.0,90.0,2022,0.9900990099009901,13.0,0.9834999999999999,3.49,Safe
3365,RIVER UMSHYRPI AT UMSHYRPI BRIDGE,MEGHALAYA,13.0,4.0,6.7,232.0,1.0,0.41,11.0,90.0,2022,0.24937655860349128,52.0,0.9974999999999999,3.56,Safe
3366,"RIVER  UMTREW  AT UMRAN,",MEGHALAYA,14.0,6.6,6.7,232.0,1.0,0.32,11.0,90.0,2022,0.15128593040847202,92.39999999999999,0.9794999999999999,3.47,Safe
3810,RIVER      KULSI     AT CHAYGAON       NEAR NH37 CROSSING,ASSAM,22.0,4.5,6.8,232.0,1.0,0.8,11.0,90.0,2022,0.22172949002217296,99.0,1.0755,3.94,Safe
3811,"RIVER     PUTHIMARI NEAR      PUTHIMARI
CHOWK       AT       NH CROSSING",ASSAM,21.0,5.0,7.3,232.0,1.0,0.7,11.0,90.0,2022,0.1996007984031936,105.0,1.0554999999999999,3.84,Safe
1423,RIVER BARAK RIVER AT PANCHAGRAM,ASSAM,19.0,5.1,7.1,232.0,1.0,0.8,11.0,90.0,2022,0.19569471624266147,96.89999999999999,1.0755,3.94,Safe
1427,RIVER  UMTREW  AT BYRNIHAT EAST,MEGHALAYA,16.0,6.8,6.8,232.0,1.0,0.38,11.0,90.0,2022,0.14684287812041116,108.8,0.9914999999999999,3.53,Safe
2228,"GELA       BEEL       AT DERGAON, ASSAM",ASSAM,19.0,5.2,6.7,232.0,1.0,0.8,11.0,90.0,2022,0.19193857965451055,98.8,1.0755,3.94,Safe
2240,RIVER    BARAK    AT D/S OF SILCHAR,ASSAM,20.0,4.8,7.0,232.0,1.0,0.7,11.0,90.0,2022,0.2079002079002079,96.0,1.0554999999999999,3.84,Safe
3350,"RIVER  UMKHEN  AT WAH KDAIT,",MEGHALAYA,8.0,6.7,6.7,232.0,1.0,0.49,11.0,90.0,2022,0.14903129657228018,53.6,1.0135,3.64,Safe
3351,"RIVER  UMKHEN  AT KSEHPONGDENG,",MEGHALAYA,9.0,6.8,6.7,232.0,1.0,0.32,11.0,90.0,2022,0.14684287812041116,61.199999999999996,0.9794999999999999,3.47,Safe
3352,RIVER  UMKHEN  AT DIENGPASOH,MEGHALAYA,10.0,6.7,6.9,232.0,1.0,0.49,11.0,90.0,2022,0.14903129657228018,67.0,1.0135,3.64,Safe
3768,RIVER  KAKODONGA AT NH-37 CROSSING,ASSAM,18.0,4.0,6.8,232.0,1.0,0.7,11.0,90.0,2022,0.24937655860349128,72.0,1.0554999999999999,3.84,Safe
3784,"RIVER           TINGRAI
NEAR          TINSUKIA
MSW           DUMPING SITE, ITAKHOLA",ASSAM,23.0,4.4,6.8,232.0,1.0,0.8,11.0,90.0,2022,0.22675736961451246,101.2,1.0755,3.94,Safe
3791,"RIVER            KALIANI NEAR     KANAIGHAT BRIDGE, KANAIGHAT",ASSAM,19.0,5.8,6.7,232.0,1.0,0.7,11.0,90.0,2022,0.17211703958691912,110.2,1.0554999999999999,3.84,Safe
3792,RIVER  DHANSIRI AT JAHAIGHAT,ASSAM,20.0,5.0,6.8,232.0,1.0,0.7,11.0,90.0,2022,0.1996007984031936,100.0,1.0554999999999999,3.84,Safe
4319,RIVER UMIUREM AT LALE,MEGHALAYA,15.0,6.7,3.4,232.0,1.0,0.34,11.0,90.0,2022,0.14903129657228018,100.5,0.9834999999999999,3.49,Safe
4320,RIVER     KUPLI     AT LOOSKI,MEGHALAYA,16.1,6.3,3.6,232.0,1.0,0.32,11.0,90.0,2022,0.1584786053882726,101.43,0.9794999999999999,3.47,Safe
4321,RIVER     KUPLI     AT KHANDONG,MEGHALAYA,16.1,6.3,3.1,232.0,1.0,0.37,11.0,90.0,2022,0.1584786053882726,101.43,0.9894999999999999,3.52,Safe
4723,RIVER    TEESTA    AT JALPESH,WEST BENGAL,18.0,6.8,6.62,232.0,1.0,0.4,11.0,90.0,2022,0.14684287812041116,122.39999999999999,0.9954999999999999,3.55,Safe
4717,RIVER JALDHAKA AT DHUPGURI,WEST BENGAL,14.0,6.2,6.5,232.0,1.0,0.4,11.0,90.0,2022,0.1610305958132045,86.8,0.9954999999999999,3.55,Safe
4718,RIVER  SILTORSA  AT HASIMARA,WEST BENGAL,13.0,6.1,6.24,232.0,1.0,0.4,11.0,90.0,2022,0.16366612111292964,79.3,0.9954999999999999,3.55,Safe
4728,RIVER    RAIDAK    AT ALIPURDUAR,WEST BENGAL,17.0,6.7,6.55,232.0,1.0,0.4,11.0,90.0,2022,0.14903129657228018,113.9,0.9954999999999999,3.55,Safe
4645,RIVER  CHELIKHOLA D/S   OF   BURIGAON BURIGAON RIVER,TRIPURA,19.5,5.1,7.1,232.0,1.0,1.0,11.0,90.0,2022,0.19569471624266147,99.44999999999999,1.1155,4.13,Safe
4646,RIVER     GOLAGHATI U/S   OF   BURIGAON RIVER,TRIPURA,19.0,5.6,7.22,232.0,1.0,1.0,11.0,90.0,2022,0.17825311942959005,106.39999999999999,1.1155,4.13,Safe
1428,"RIVER
KYRHUHKHLA KHLIEHRIAT",MEGHALAYA,12.0,6.6,3.1,232.0,1.0,0.32,11.0,90.0,2022,0.15128593040847202,79.19999999999999,0.9794999999999999,3.47,Safe
1631,RIVER          MYNTDU JOWAI,MEGHALAYA,9.0,6.4,6.6,232.0,1.0,0.32,11.0,90.0,2022,0.15600624024961,57.6,0.9794999999999999,3.47,Safe
1633,RIVER          SIMSANG WILLIAMNAGAR,MEGHALAYA,19.0,6.9,6.9,232.0,1.0,0.42,11.0,90.0,2022,0.1447178002894356,131.1,0.9994999999999999,3.57,Safe
3353,RIVER              UMIAM MAWPHLANG        AT NONGKREM,MEGHALAYA,6.0,6.8,6.6,232.0,1.0,0.75,11.0,90.0,2022,0.14684287812041116,40.8,1.0655,3.89,Safe
3354,RIVER              UMIAM MAWPHLANG        AT UMTYNGNGAR,MEGHALAYA,12.0,6.5,6.7,232.0,1.0,0.39,11.0,90.0,2022,0.15360983102918588,78.0,0.9934999999999999,3.54,Safe
3355,RIVER              UMIAM MAWPHLANG        AT MAWPHLANG,MEGHALAYA,13.0,7.0,6.6,232.0,1.0,0.5,11.0,90.0,2022,0.14265335235378032,91.0,1.0154999999999998,3.65,Safe
3356,"RIVER              UMIAM MAWPHLANG        AT
SHELLA",MEGHALAYA,18.0,7.7,7.4,232.0,1.0,0.47,11.0,90.0,2022,0.1297016861219196,138.6,1.0095,3.62,Safe
3357,"RIVER  UMNGOT  AT SMIT,",MEGHALAYA,5.0,6.7,6.6,232.0,1.0,0.47,11.0,90.0,2022,0.14903129657228018,33.5,1.0095,3.62,Safe
3358,"RIVER  UMNGOT  AT
DAWKI",MEGHALAYA,14.0,7.6,6.9,232.0,1.0,0.32,11.0,90.0,2022,0.1314060446780552,106.39999999999999,0.9794999999999999,3.47,Safe
3375,RIVER    LUNAR    AT MYNDIHATI (TRIBUTARY          OF LUKHA),MEGHALAYA,15.0,6.5,2.8,232.0,1.0,0.32,11.0,90.0,2022,0.15360983102918588,97.5,0.9794999999999999,3.47,Safe
3376,RIVER    LUKHA    AT SONAPUR,MEGHALAYA,15.0,7.0,5.9,232.0,1.0,0.39,11.0,90.0,2022,0.14265335235378032,105.0,0.9934999999999999,3.54,Safe
3379,RIVER  MYNTDU  AT LESHKA,MEGHALAYA,14.0,6.8,4.6,232.0,1.0,0.32,11.0,90.0,2022,0.14684287812041116,95.2,0.9794999999999999,3.47,Safe
3383,RIVER      BUGI      AT MIBONPARA,MEGHALAYA,18.0,7.0,6.9,232.0,1.0,0.38,11.0,90.0,2022,0.14265335235378032,126.0,0.9914999999999999,3.53,Safe
3384,RIVER      BUGI      AT DALU,MEGHALAYA,18.0,6.8,7.0,232.0,1.0,0.41,11.0,90.0,2022,0.14684287812041116,122.39999999999999,0.9974999999999999,3.56,Safe
3760,"RIVER  BAROI  NEAR BRIDGE   AT   NH-52, BISWANATH
DISTRICT",ASSAM,20.0,5.4,6.8,232.0,1.0,0.7,11.0,90.0,2022,0.18484288354898337,108.0,1.0554999999999999,3.84,Safe
3765,"RIVER      BEGA     MG ROAD, MANGALDOI",ASSAM,22.0,5.0,7.0,232.0,1.0,0.9,11.0,90.0,2022,0.1996007984031936,110.0,1.0955,4.03,Safe
3767,"RIVER    NUWA    NOI NEAR  BRIDGE  OVER BOINAOJA         PARA, MANGALDOI",ASSAM,20.0,5.4,7.3,232.0,1.0,0.7,11.0,90.0,2022,0.18484288354898337,108.0,1.0554999999999999,3.84,Safe
3773,"RIVER  TOWKAK  AT
SONARI",ASSAM,16.0,6.2,6.7,232.0,1.0,0.8,11.0,90.0,2022,0.1610305958132045,99.2,1.0755,3.94,Safe
3774,RIVER    SUFFRY    AT MAIBELLA,ASSAM,15.0,6.5,6.8,232.0,1.0,0.8,11.0,90.0,2022,0.15360983102918588,97.5,1.0755,3.94,Safe
3780,"RIVER  SESSA  NEAR SESSA   TINIALI,   NH
BRIDGE, DIBRUGARH",ASSAM,22.0,4.0,6.8,232.0,1.0,0.7,11.0,90.0,2022,0.24937655860349128,88.0,1.0554999999999999,3.84,Safe
3788,"RIVER           JIADHAL KUMOTIYA      RIVER NEAR            JIADHAL
BRIDGE, DHEMAJI",ASSAM,22.0,6.8,7.2,232.0,1.0,0.9,11.0,90.0,2022,0.14684287812041116,149.6,1.0955,4.03,Safe
3796,"RIVER   KUJI   (NEAR NEW  BOGAGIGAON) NEAR              WATER INTAKE  POINT  FOR
NF RAILWAY",ASSAM,22.0,5.3,7.0,232.0,1.0,0.7,11.0,90.0,2022,0.18832391713747648,116.6,1.0554999999999999,3.84,Safe
3799,RIVER    KILLING    IN MORIGAON DISTRICT,ASSAM,19.0,4.1,6.9,232.0,1.0,0.7,11.0,90.0,2022,0.24330900243309006,77.89999999999999,1.0554999999999999,3.84,Safe
3803,"RIVER MADHURA AT
MADHURAGHAT, CACHAR",ASSAM,20.0,5.1,7.1,232.0,1.0,0.7,11.0,90.0,2022,0.19569471624266147,102.0,1.0554999999999999,3.84,Safe
5135,"RIVER   AIE       NEAR RAKHALDUBI   DIST., BONGAIGAON,
ASSAM",ASSAM,21.0,5.1,7.0,232.0,1.0,0.8,11.0,90.0,2022,0.19569471624266147,107.1,1.0755,3.94,Safe
5138,"RIVER,  TUNIA     U/S BRPL,    DHALIGAON, DIST. CHIRANG",ASSAM,23.0,5.2,7.0,232.0,1.0,0.8,11.0,90.0,2022,0.19193857965451055,119.60000000000001,1.0755,3.94,Safe
5139,"RIVER   JAMUNA   AT DOBOKA            NEAR
BRIDGE, DIST. HOJAI",ASSAM,20.0,4.2,6.9,232.0,1.0,0.8,11.0,90.0,2022,0.23752969121140144,84.0,1.0755,3.94,Safe
5140,"RIVER   BONDANJAN, SLUICE               GATE, BIRKUCHI  NARENGI TINIALI, KHARGHULI, NO. 2",ASSAM,21.0,4.0,6.8,232.0,1.0,0.8,11.0,90.0,2022,0.24937655860349128,84.0,1.0755,3.94,Safe
5141,"RIVER        BASISTHA BASISTHA
CHARIALI,      NUTAN BAZAAR,",ASSAM,20.0,4.0,6.8,232.0,1.0,0.8,11.0,90.0,2022,0.24937655860349128,80.0,1.0755,3.94,Safe
5142,"RIVER            PAMOHI GACHUK,      PAMOHI
ROAD, GUWAHATI",ASSAM,18.0,1.2,6.8,232.0,1.0,1.0,11.0,90.0,2022,0.8264462809917356,21.599999999999998,1.1155,4.13,Safe
5144,RIVER       KALANADI NEAR      BAMUNJULI BRIDGE     CROSSING AT          MANGALDOI BHUTIACHANG,ASSAM,22.0,8.4,7.0,232.0,1.0,0.8,11.0,90.0,2022,0.11890606420927467,184.8,1.0755,3.94,Safe
5281,RIVER  RANGPO  U/S DAM SITE,SIKKIM,9.0,8.4,6.6,232.0,1.0,2.2,11.0,90.0,2022,0.11890606420927467,75.60000000000001,1.3555,5.2,Safe
5282,RIVER  RANGPO  D/S DAM SITE,SIKKIM,10.0,1.9,6.6,232.0,1.0,2.1,11.0,90.0,2022,0.5235602094240838,19.0,1.3355,5.11,Safe
5283,RIVER   RONGLI   U/S DAM SITE,SIKKIM,11.0,7.7,6.8,232.0,1.0,2.1,11.0,90.0,2022,0.1297016861219196,84.7,1.3355,5.11,Safe
5284,RIVER   RONGLI   D/S DAM SITE,SIKKIM,13.0,8.4,6.5,232.0,1.0,2.4,11.0,90.0,2022,0.11890606420927467,109.2,1.3955,5.36,Safe
5285,RIVER   RANGPO   AT POWER  HOUSE  D/S OF GATI INFRA PVT. LTD.,SIKKIM,12.0,8.2,6.5,232.0,1.0,2.0,11.0,90.0,2022,0.12180267965895251,98.39999999999999,1.3155,5.03,Safe
5286,"RIVER   RANGPO   AT U/S OF RORATHANG
BAZAR            (ABOVE SWISS GARNIER)",SIKKIM,12.0,7.1,6.4,232.0,1.0,2.3,11.0,90.0,2022,0.1406469760900141,85.19999999999999,1.3755,5.28,Safe
5287,"RIVER   RANGPO   AT D/S OF RORATHANG
BRIDGE",SIKKIM,14.0,8.1,6.5,232.0,1.0,2.0,11.0,90.0,2022,0.12330456226880396,113.39999999999999,1.3155,5.03,Safe
5288,"RIVER   RANGPO   AT
D/S     OF     PHARMA PLANT KUMREK",SIKKIM,14.0,7.0,6.5,232.0,1.0,2.1,11.0,90.0,2022,0.14265335235378032,98.0,1.3355,5.11,Safe
5289,"RIVER   RANGPO   AT D/S      OF      POWER HOUSE  OF  MADHYA
BHARAT",SIKKIM,15.0,7.4,6.4,232.0,1.0,2.1,11.0,90.0,2022,0.1349527665317139,111.0,1.3355,5.11,Safe
4219,RIVER       DEO       AT SANTIPUR,TRIPURA,19.0,5.4,6.97,232.0,1.0,0.8,11.0,90.0,2022,0.18484288354898337,102.60000000000001,1.0755,3.94,Safe
4220,RIVER       DEO       AT SUBASH NAGAR,TRIPURA,19.0,5.3,6.89,232.0,1.0,0.8,11.0,90.0,2022,0.18832391713747648,100.7,1.0755,3.94,Safe
4655,RIVER       DEO       AT KANCHANPUR,TRIPURA,19.0,5.2,7.08,232.0,1.0,1.1,11.0,90.0,2022,0.19193857965451055,98.8,1.1355,4.22,Safe
4640,"RIVER                       AT
BORDOWALI, HAORA",TRIPURA,19.5,5.7,7.18,232.0,1.0,1.7,11.0,90.0,2022,0.17513134851138354,111.15,1.2555,4.77,Safe
4654,"RIVER       JURI       AT
CHAMTALI",TRIPURA,19.0,5.3,7.05,232.0,1.0,0.8,11.0,90.0,2022,0.18832391713747648,100.7,1.0755,3.94,Safe
4649,RIVER     MANU     AT MANUBAZAR,TRIPURA,19.0,5.3,7.01,232.0,1.0,1.1,11.0,90.0,2022,0.18832391713747648,100.7,1.1355,4.22,Safe
4650,RIVER     MANU     AT CHAILENGTA,TRIPURA,18.5,5.1,6.78,232.0,1.0,0.7,11.0,90.0,2022,0.19569471624266147,94.35,1.0554999999999999,3.84,Safe
2105,RIVER     CHILLAR     AT SHAJAPUR,MADHYA PRADESH,22.0,6.8,7.32,232.0,1.0,0.5,11.0,90.0,2022,0.14684287812041116,149.6,1.0154999999999998,3.65,Safe
2103,"RIVER     JAMMER     AT DHOLABAD, RATLAM",MADHYA PRADESH,25.0,7.2,7.2,232.0,1.0,0.32,11.0,90.0,2022,0.13869625520110956,180.0,0.9794999999999999,3.47,Safe
4620,"RIVER   AJAB   BOURALI
AT    PETLAWAD    DAM PETLAVAD, JHABUA",MADHYA PRADESH,20.0,4.2,7.64,232.0,1.0,0.55,11.0,90.0,2022,0.23752969121140144,84.0,1.0255,3.7,Safe
4593,"RIVER  NARMADA  AT DOWN-STREAM      OF TEXTILE                UNIT VILLAGE.    HOLIPURA BUDNI           DISTRICT
SEHORE (M.P.)",MADHYA PRADESH,16.0,5.8,7.36,232.0,1.0,1.44,11.0,90.0,2022,0.17211703958691912,92.8,1.2035,4.53,Safe
4596,RIVER  NARMADA  AT HANUWANTIA    DIST. KHANDWA,MADHYA PRADESH,20.0,7.0,8.04,232.0,1.0,0.55,11.0,90.0,2022,0.14265335235378032,140.0,1.0255,3.7,Safe
4597,RIVER  NARMADA  AT U/S OMKAREWHWAR DAM KHANDWA,MADHYA PRADESH,20.0,6.8,7.66,232.0,1.0,0.5,11.0,90.0,2022,0.14684287812041116,136.0,1.0154999999999998,3.65,Safe
4598,"RIVER          NARMADA
RIVER                          AT
DHARESHWAR",MADHYA PRADESH,19.0,7.0,8.0,232.0,1.0,0.43,11.0,90.0,2022,0.14265335235378032,133.0,1.0015,3.58,Safe
4599,RIVER          NARMADA NEAR    W/S    INTAKE JALLOD,MADHYA PRADESH,20.0,7.0,8.0,232.0,1.0,0.44,11.0,90.0,2022,0.14265335235378032,140.0,1.0034999999999998,3.59,Safe
4600,"RIVER          NARMADA
RIVER                          AT
SHAHASTRADHARA (JALKOTI)",MADHYA PRADESH,20.0,6.6,7.52,232.0,1.0,0.51,11.0,90.0,2022,0.15128593040847202,132.0,1.0175,3.66,Safe
4601,"RIVER  NARMADA  AT
KHALGHAT","MADHYA
PRADESH",20.0,2.4,7.76,232.0,1.0,0.58,11.0,90.0,2022,0.4149377593360996,48.0,1.0314999999999999,3.73,Safe
4602,RIVER          NARMADA RIVER   AT   SEMALDA U/S OF BARWANI,MADHYA PRADESH,20.0,7.0,7.75,232.0,1.0,0.65,11.0,90.0,2022,0.14265335235378032,140.0,1.0454999999999999,3.8,Safe
4603,RIVER  NARMADA  AT KOTESHWAR,MADHYA PRADESH,20.0,6.9,8.15,232.0,1.0,0.57,11.0,90.0,2022,0.1447178002894356,138.0,1.0294999999999999,3.72,Safe
4605,"RIVER  NARMADA  AT KAKRANA, INTERSTATE
BOUNDRY, ALIRAJPUR",MADHYA PRADESH,20.0,7.4,8.0,232.0,1.0,0.4,11.0,90.0,2022,0.1349527665317139,148.0,0.9954999999999999,3.55,Safe
30048,"RIVER  NARMADA  AT NAVAGAM,          NEAR GORA               COLONY, KEVADIA,      GUJARAT (GUJARAT               AND
MADHYA PRADESH)",GUJARAT,28.0,7.1,7.95,232.0,1.0,0.34,11.0,90.0,2022,0.1406469760900141,198.79999999999998,0.9834999999999999,3.49,Safe
7,RIVER  NARMADA  AT GARUDESHWAR,GUJARAT,27.0,7.4,7.88,232.0,1.0,0.4,11.0,90.0,2022,0.1349527665317139,199.8,0.9954999999999999,3.55,Safe
1244,"RIVER  NARMADA  AT PANETHA,",GUJARAT,27.0,7.1,7.9,232.0,1.0,0.4,11.0,90.0,2022,0.1406469760900141,191.7,0.9954999999999999,3.55,Safe
1245,"RIVER  NARMADA  AT CHANDOD,",GUJARAT,25.0,7.5,7.45,232.0,1.0,0.33,11.0,90.0,2022,0.13315579227696406,187.5,0.9814999999999999,3.48,Safe
1981,"RIVER  NARMADA  AT ZANOR              (NTPC), BHARUCHRIVER NARMADA AT ZANOR
(NTPC), BHARUCH",GUJARAT,24.0,6.9,7.48,232.0,1.0,0.4,11.0,90.0,2022,0.1447178002894356,165.60000000000002,0.9954999999999999,3.55,Safe
1243,"RIVER  NARMADA  AT
BHARUCH, ZADESHVAR,",GUJARAT,24.0,6.7,7.71,232.0,1.0,0.4,11.0,90.0,2022,0.14903129657228018,160.8,0.9954999999999999,3.55,Safe
1085,RIVER  DHAMRA  AT DHAMRA,ODISHA,20.0,5.2,6.7,232.0,1.0,0.32,11.0,90.0,2022,0.19193857965451055,104.0,0.9794999999999999,3.47,Safe
3938,RIVER BAITARNI AT TRIBINDHA,ODISHA,22.0,5.4,6.9,232.0,1.0,0.32,11.0,90.0,2022,0.18484288354898337,118.80000000000001,0.9794999999999999,3.47,Safe
3937,RIVER BAITARNI AT CHAMPUA,ODISHA,21.0,5.8,6.8,232.0,1.0,0.32,11.0,90.0,2022,0.17211703958691912,121.8,0.9794999999999999,3.47,Safe
1084,RIVER BAITARNI AT CHANDBALI U/S,ODISHA,20.0,5.2,6.7,232.0,1.0,0.32,11.0,90.0,2022,0.19193857965451055,104.0,0.9794999999999999,3.47,Safe
10018,RIVER BAITARNI AT CHANDBALI D/S,ODISHA,20.0,5.2,6.6,232.0,1.0,0.32,11.0,90.0,2022,0.19193857965451055,104.0,0.9794999999999999,3.47,Safe
3940,RIVER  SALANDI  AT BHADRAK U/S,ODISHA,20.0,4.8,6.5,232.0,1.0,0.32,11.0,90.0,2022,0.2079002079002079,96.0,0.9794999999999999,3.47,Safe
3941,RIVER  SALANDI  AT BHADRAK D/S,ODISHA,20.0,4.0,6.5,232.0,1.0,0.32,11.0,90.0,2022,0.24937655860349128,80.0,0.9794999999999999,3.47,Safe
2421,"RIVER               KUSEI BEFORE       JOINING WITH     BAITARANI
AT          ANANDPUR, DEOGAON",ODISHA,20.0,6.4,6.9,232.0,1.0,0.32,11.0,90.0,2022,0.15600624024961,128.0,0.9794999999999999,3.47,Safe
Station Code,Name Of Monitoring Location,State Name,21.0,5.7,7.2,232.0,1.0,0.4,11.0,90.0,2022,0.17513134851138354,119.7,0.9954999999999999,3.55,Safe
1037,RIVER      BRAHMANI AT U/S PANPOSH,ODISHA,20.0,5.4,6.8,232.0,1.0,0.32,11.0,90.0,2022,0.18484288354898337,108.0,0.9794999999999999,3.47,Safe
1038,"RIVER      BRAHMANI AT D/S PANPOSH AT
DEOGAN",ODISHA,22.0,3.4,6.8,232.0,1.0,0.32,11.0,90.0,2022,0.2932551319648094,74.8,0.9794999999999999,3.47,Safe
1302,RIVER      BRAHMANI AT   ROURKELA   D/S AT JALDA,ODISHA,22.0,3.8,6.8,232.0,1.0,0.6,11.0,90.0,2022,0.2624671916010499,83.6,1.0354999999999999,3.75,Safe
1303,"RIVER      BRAHMANI
AT TALCHER U/S",ODISHA,22.0,5.8,6.9,232.0,1.0,0.32,11.0,90.0,2022,0.17211703958691912,127.6,0.9794999999999999,3.47,Safe
2414,RIVER      BRAHMANI AT  ROURKELA  FD/S AT BIRITOLA,ODISHA,21.0,5.7,6.9,232.0,1.0,0.52,11.0,90.0,2022,0.17513134851138354,119.7,1.0194999999999999,3.67,Safe
1039,RIVER      BRAHMANI AT BONAIGARH,ODISHA,20.0,5.8,6.9,232.0,1.0,0.62,11.0,90.0,2022,0.17211703958691912,116.0,1.0394999999999999,3.77,Safe
1040,RIVER      BRAHMANI AT RENGALI,ODISHA,24.0,5.6,6.8,232.0,1.0,0.32,11.0,90.0,2022,0.17825311942959005,134.39999999999998,0.9794999999999999,3.47,Safe
1041,RIVER      BRAHMANI AT SAMAL,ODISHA,24.0,6.2,6.9,232.0,1.0,0.32,11.0,90.0,2022,0.1610305958132045,148.8,0.9794999999999999,3.47,Safe
2415,"RIVER      BRAHMANI AT   TALCHER   FU/S (INTAKE   WELL   OF MCL, TALCHER)",ODISHA,23.0,6.6,6.7,232.0,1.0,0.32,11.0,90.0,2022,0.15128593040847202,151.79999999999998,0.9794999999999999,3.47,Safe
2416,RIVER      BRAHMANI AT TALCHER FD/S,ODISHA,20.0,6.2,6.7,232.0,1.0,0.32,11.0,90.0,2022,0.1610305958132045,124.0,0.9794999999999999,3.47,Safe
1042,"RIVER      BRAHMANI AT         KAMALANGA
(TALCHER D/S)",ODISHA,20.0,5.2,7.1,232.0,1.0,0.32,11.0,90.0,2022,0.19193857965451055,104.0,0.9794999999999999,3.47,Safe
2417,"RIVER      BRAHAMNI
AT          DHENKANAL D/S,",ODISHA,23.0,6.4,6.7,232.0,1.0,0.32,11.0,90.0,2022,0.15600624024961,147.20000000000002,0.9794999999999999,3.47,Safe
1043,RIVER      BRAHMANI AT BHUBAN,ODISHA,23.0,5.4,6.9,232.0,1.0,0.32,11.0,90.0,2022,0.18484288354898337,124.2,0.9794999999999999,3.47,Safe
2418,"RIVER      BRAHMANI AT KABATABANDHA (BEFORE IMPACT OF INDUSTRIAL ACTIVITY                 IN
KALINGANAGAR)",ODISHA,21.0,7.4,6.6,232.0,1.0,0.32,11.0,90.0,2022,0.1349527665317139,155.4,0.9794999999999999,3.47,Safe
10019,"RIVER      BRAHMANI AT    DHARAMSHALA
U/S",ODISHA,21.0,7.0,6.7,232.0,1.0,0.32,11.0,90.0,2022,0.14265335235378032,147.0,0.9794999999999999,3.47,Safe
1044,"RIVER      BRAHMANI AT    DHARMASHALA
U/S",ODISHA,21.0,7.2,6.6,232.0,1.0,0.32,11.0,90.0,2022,0.13869625520110956,151.20000000000002,0.9794999999999999,3.47,Safe
1045,"RIVER      BRAHMANI
AT PATTAMUNDAI",ODISHA,22.8,6.0,6.8,232.0,1.0,0.32,11.0,90.0,2022,0.1663893510815308,136.8,0.9794999999999999,3.47,Safe
3916,RIVER      BRAHMANI AT  ROURKELA  FD/S AT ATTAGHAT,ODISHA,22.0,4.1,6.7,232.0,1.0,0.58,11.0,90.0,2022,0.24330900243309006,90.19999999999999,1.0314999999999999,3.73,Safe
3917,RIVER      BRAHMANI AT MANDAPAL,ODISHA,21.0,6.8,6.8,232.0,1.0,0.32,11.0,90.0,2022,0.14684287812041116,142.79999999999998,0.9794999999999999,3.47,Safe
3918,RIVER      BRAHMANI AT DHENKANAL U/S,ODISHA,23.0,6.3,7.1,232.0,1.0,0.32,11.0,90.0,2022,0.1584786053882726,144.9,0.9794999999999999,3.47,Safe
2377,"RIVER    NORTH    KOEL D/S BCCL, REHLA",JHARKHAND,13.0,7.6,7.2,232.0,1.0,0.4,11.0,90.0,2022,0.1314060446780552,98.8,0.9954999999999999,3.55,Safe
2412,"RIVER  SANKHA  U/S  (
D/S      OF      MANDIRA DAM)",ODISHA,21.0,5.3,6.6,232.0,1.0,0.32,11.0,90.0,2022,0.18832391713747648,111.3,0.9794999999999999,3.47,Safe
2413,RIVER       KOEL       U/S (AFTER   CONFLUENCE OF KARO),ODISHA,21.0,6.5,6.7,232.0,1.0,0.32,11.0,90.0,2022,0.15360983102918588,136.5,0.9794999999999999,3.47,Safe
3919,RIVER   NANDIRA   U/S AT KUKUDANGA,ODISHA,20.0,4.4,6.9,232.0,1.0,0.32,11.0,90.0,2022,0.22675736961451246,88.0,0.9794999999999999,3.47,Safe
3920,RIVER   NANDIRA   D/S AT DASNALI,ODISHA,21.0,5.0,7.1,232.0,1.0,0.32,11.0,90.0,2022,0.1996007984031936,105.0,0.9794999999999999,3.47,Safe
3925,RIVER LINGIRA U/S OF ANGUL,ODISHA,19.0,5.0,7.2,232.0,1.0,0.32,11.0,90.0,2022,0.1996007984031936,95.0,0.9794999999999999,3.47,Safe
3926,RIVER LINGIRA D/S OF ANGUL,ODISHA,19.0,6.0,7.5,232.0,1.0,0.32,11.0,90.0,2022,0.1663893510815308,114.0,0.9794999999999999,3.47,Safe
3930,"BANGURU        NALLAH (OVER                 BRIDGE TALCHER        RENGALI DAM                       ROAD,
SARKISOREPAL)",ODISHA,22.0,5.0,6.7,232.0,1.0,0.52,11.0,90.0,2022,0.1996007984031936,110.0,1.0194999999999999,3.67,Safe
4367,"RIVER               GODAVARI KOUNDINYA       MUKTHI (V),      KUKUNUR      (M), BORDER                   POINT
BETWEEN          ANDHRA
PRADESH                          &
TELANGANA STATES",ANDHRA PRADESH,20.0,6.0,7.77,232.0,1.0,0.32,11.0,90.0,2022,0.1663893510815308,120.0,0.9794999999999999,3.47,Safe
14,RIVER     GODAVARI     AT POLAVARAM (V & M),ANDHRA PRADESH,18.0,6.0,7.45,232.0,1.0,0.32,11.0,90.0,2022,0.1663893510815308,108.0,0.9794999999999999,3.47,Safe
3067,"RIVER    GODAVARI    D/S DOWLEISWARAM AFTER CONFLUENCE OF STP                        OUTLET, DOWLEISWARAM (V)",ANDHRA PRADESH,25.0,6.0,7.41,232.0,1.0,0.32,11.0,90.0,2022,0.1663893510815308,150.0,0.9794999999999999,3.47,Safe
1184,"RIVER          BHIMA          AT FEROZABAD          VILLAGE
(D/S)",KARNATAKA,25.0,6.7,6.9,232.0,1.0,0.4,11.0,90.0,2022,0.14903129657228018,167.5,0.9954999999999999,3.55,Safe
1167,"RIVER  BHIMA  AT  D/S  OF
BDG. NEAR YADGIR",KARNATAKA,26.0,6.5,8.1,232.0,1.0,0.11,11.0,90.0,2022,0.15360983102918588,169.0,0.9375,3.26,Safe
1888,RIVER          BHIMA          AT CONFLUENCE OF JEWARGI TOWN SEWAGE DISPOSAL POINT,KARNATAKA,25.0,6.4,7.0,232.0,1.0,0.4,11.0,90.0,2022,0.15600624024961,160.0,0.9954999999999999,3.55,Safe
2656,"RIVER                          BHIMA BACKWATER     OF     UJANI DAM,  NEAR  RAW  WATER PUMP    HOUSE,    VILLAGE-KUMBARGAON,    TALUKA-INDAPUR,            DISTRICT-
PUNE.",MAHARASHTRA,20.0,4.7,7.9,232.0,1.0,0.88,11.0,90.0,2022,0.21231422505307856,94.0,1.0915,4.02,Safe
4102,"RIVER CAUVERY D/S AT BHAGAMANDALA
BRIDGE",KARNATAKA,16.0,6.6,7.0,232.0,1.0,0.4,11.0,90.0,2022,0.15128593040847202,105.6,0.9954999999999999,3.55,Safe
4103,"RIVER CAUVERY D/S AT                    KANIVE RAMALINGESWARA TEMPLE        BRIDGE, KUSHALANAGAR",KARNATAKA,18.0,6.6,7.3,232.0,1.0,0.4,11.0,90.0,2022,0.15128593040847202,118.8,0.9954999999999999,3.55,Safe
1322,"RIVER  CAUVERY  AT 1KM.         D/S         OF BHAVANI CONFL.,R.N. PUNDUR,",TAMIL NADU,25.0,5.7,6.29,232.0,1.0,0.32,11.0,90.0,2022,0.17513134851138354,142.5,0.9794999999999999,3.47,Safe
10059,RIVER        VAIGAI        AT MADURAI U/S,TAMIL NADU,28.0,5.2,7.48,232.0,1.0,0.32,11.0,90.0,2022,0.19193857965451055,145.6,0.9794999999999999,3.47,Safe
10060,RIVER        VAIGAI        AT MADURAI D/S,TAMIL NADU,26.0,6.1,7.23,232.0,1.0,0.32,11.0,90.0,2022,0.16366612111292964,158.6,0.9794999999999999,3.47,Safe
,,,21.0,5.7,7.2,232.0,1.0,0.4,11.0,90.0,2023,0.17513134851138354,119.7,0.9954999999999999,3.55,Safe
4366,"RIVER VASISHTA GODAVARI DOWNSTREAM OF
NARASAPURAM TOWN AFTER CONFLUENCE OF TOWN SEWAGE",ANDHRA PRADESH,22.0,5.0,7.5,345.0,1.0,0.4,7.0,210.0,2023,0.1996007984031936,110.0,1.3955,5.36,Safe
5149,"RIVER BAHUDA AT NTR JALASAYAM, KALAVAGUNTA (V), PENUMURU (M)",ANDHRA PRADESH,24.0,5.1,7.6,1039.0,1.0,0.4,114.0,454.0,2023,0.19569471624266147,122.39999999999999,3.31,11.2,Safe
5155,"RIVER YELERU AT YELERU  RESERVOIR,YELESWARAM (V & M)",ANDHRA PRADESH,24.0,6.4,7.3,243.0,1.0,0.4,2.0,43.0,2023,0.15600624024961,153.60000000000002,0.9335000000000001,3.24,Safe
Station Code,Monitoring Location,State Name,21.0,5.7,7.2,232.0,1.0,0.4,11.0,90.0,2023,0.17513134851138354,119.7,0.9954999999999999,3.55,Safe
5135,"RIVER AIE  NEAR RAKHALDUBI DIST., BONGAIGAON, ASSAM",ASSAM,20.0,5.1,6.8,130.0,1.0,0.4,360.0,1100.0,2023,0.19569471624266147,102.0,2.83,10.03,Safe
5138,"RIVER, TUNIA  U/S BRPL, DHALIGAON, DIST. CHIRANG, ASSAM",ASSAM,21.0,4.4,6.9,130.0,1.0,0.4,360.0,910.0,2023,0.22675736961451246,92.4,2.545,9.26,Safe
5139,"RIVER JAMUNA AT DOBOKA NEAR BRIDGE, DIST. HOJAI",ASSAM,19.0,5.0,6.9,128.0,1.0,0.4,360.0,1100.0,2023,0.1996007984031936,95.0,2.826,10.02,Safe
5140,"RIVER BONDANJAN,  SLUICE GATE, BIRKUCHI NARENGI TINIALI, KHARGHULI, NO. 2",ASSAM,18.0,4.5,6.9,116.0,1.0,0.4,1500.0,3400.0,2023,0.22172949002217296,81.0,7.962,18.47,Safe
5141,"RIVER BASISTHA  BASISTHA CHARIALI, NUTAN BAZAAR,",ASSAM,19.0,4.8,6.9,130.0,1.0,0.4,1500.0,2800.0,2023,0.2079002079002079,91.2,7.09,17.45,Safe
5142,"RIVER PAMOHI  GACHUK, PAMOHI ROAD, GUWAHATI",ASSAM,21.0,4.3,7.0,190.0,1.0,0.4,1400.0,2400.0,2023,0.2320185614849188,90.3,6.46,16.65,Safe
5144,RIVER KALANADI NEAR  BAMUNJULI BRIDGE CROSSING AT MANGALDOI BHUTIACHANG,ASSAM,18.0,8.6,7.2,194.0,1.0,0.4,910.0,2000.0,2023,0.11614401858304298,154.79999999999998,5.133,14.7,Safe
3791,"RIVER KALIANI NEAR KANAIGHAT BRIDGE, KANAIGHAT",ASSAM,19.0,5.8,7.0,120.0,1.0,0.4,360.0,910.0,2023,0.17211703958691912,110.2,2.5250000000000004,9.2,Safe
3796,RIVER KUJI (NEAR NEW BOGAGIGAON) NEAR WATER INTAKE POINT FOR NF RAILWAY,ASSAM,20.0,5.2,6.8,140.0,1.0,0.4,360.0,1100.0,2023,0.19193857965451055,104.0,2.8499999999999996,10.08,Safe
3797,RIVER MANAS (SANTOSHPUR) NEAR LENGTISINGA,ASSAM,19.0,5.2,6.8,132.0,1.0,0.4,600.0,1100.0,2023,0.19193857965451055,98.8,3.194,10.93,Safe
3799,RIVER KILLING IN MORIGAON DISTRICT,ASSAM,16.0,5.2,6.9,84.0,1.0,0.4,300.0,910.0,2023,0.19193857965451055,83.2,2.363,8.73,Safe
3810,RIVER KULSI AT CHAYGAON NEAR NH37 CROSSING,ASSAM,20.0,5.9,7.1,96.0,1.0,0.4,610.0,1100.0,2023,0.1692047377326565,118.0,3.137,10.79,Safe
3811,RIVER PUTHIMARI NEAR PUTHIMARI CHOWK AT NH CROSSING,ASSAM,19.0,5.7,7.0,140.0,1.0,0.4,620.0,1400.0,2023,0.17513134851138354,108.3,3.69,12.04,Safe
4344,"RIVER TIHU (NEAR BRIDGE ALONG NH-31) TIHU, NALBARI",ASSAM,20.0,5.0,6.8,105.0,1.0,0.4,610.0,1400.0,2023,0.1996007984031936,100.0,3.605,11.86,Safe
STN Code,Monitoring Location,State Name,21.0,5.7,7.2,232.0,1.0,0.4,11.0,90.0,2023,0.17513134851138354,119.7,0.9954999999999999,3.55,Safe
4345,"RIVER SINGRA (NEAR BRIDGE ALONG NH-37) BOKO, KAMRUP",ASSAM,19.0,5.5,6.9,102.0,1.0,0.4,360.0,910.0,2023,0.18148820326678766,104.5,2.489,9.1,Safe
5599,RIVER GADADHAR AT GOLKGANJ BRIDGE,ASSAM,17.0,5.3,6.8,120.0,1.0,0.4,360.0,1100.0,2023,0.18832391713747648,90.1,2.81,9.97,Safe
5600,RIVER NAMDANG NEAR BRIDGE AT HATI PATTY GELEKY,ASSAM,18.0,5.0,6.5,132.0,1.0,0.4,300.0,720.0,2023,0.1996007984031936,90.0,2.174,8.16,Safe
5601,RIVER NAMDANG AT KALUGAON,ASSAM,18.0,5.1,6.5,118.0,1.0,0.4,300.0,730.0,2023,0.19569471624266147,91.8,2.1609999999999996,8.12,Safe
5602,"RIVER KAPILI AT KHERONI GHAT NEAR BRIDGE, WEST KARBI ANGLONG , KHERONI",ASSAM,22.0,5.3,6.8,118.0,1.0,0.4,720.0,1400.0,2023,0.18832391713747648,116.6,3.7960000000000003,12.26,Safe
5603,"RIVER DALOO AT DALOO, CACHAR",ASSAM,22.0,5.0,7.2,128.0,1.0,0.4,300.0,620.0,2023,0.1996007984031936,110.0,2.016,7.65,Safe
5604,"RIVER EGO (SIMEN) NEAR SIMENCHAPORI BRIDGE,DHEMAJI",ASSAM,22.0,5.8,7.0,148.0,1.0,0.4,300.0,620.0,2023,0.17211703958691912,127.6,2.056,7.78,Safe
5605,RIVER DISANG AT NANGALMARA GHAT,ASSAM,17.0,5.5,7.0,126.0,1.0,0.4,360.0,730.0,2023,0.18148820326678766,93.5,2.2670000000000003,8.45,Safe
5606,RIVER DIKHOW AT SIMALUGURI,ASSAM,20.0,6.5,7.0,120.0,1.0,0.4,720.0,1400.0,2023,0.15360983102918588,130.0,3.8000000000000003,12.27,Safe
5607,RIVER TIHU AT D/S OF INDUSTRIAL AREAÂ Â  NEAR HELOCHAPARA SHIVA TEMPLE,ASSAM,21.0,5.1,7.0,116.0,1.0,0.4,360.0,910.0,2023,0.19569471624266147,107.1,2.5170000000000003,9.18,Safe
5608,RIVER KULSI AT KUKURMARA,ASSAM,19.0,5.3,6.8,90.0,1.0,0.4,360.0,1400.0,2023,0.18832391713747648,100.7,3.2,10.94,Safe
5609,RIVER TUNIA AT NEW BONGAIGAON RAILWAY STATION,ASSAM,22.0,5.0,7.0,132.0,1.0,0.4,300.0,1100.0,2023,0.1996007984031936,110.0,2.7439999999999998,9.8,Safe
5611,RIVER MORNOI AT MORNOI GHAT,ASSAM,20.0,5.2,7.0,90.0,1.0,0.4,300.0,610.0,2023,0.19193857965451055,104.0,1.9249999999999998,7.35,Safe
5613,RIVER DOOMDOOMA AT D/S OF DOOMDOOMA TOWN AT HANSARA,ASSAM,21.0,5.1,6.8,122.0,1.0,0.4,300.0,720.0,2023,0.19569471624266147,107.1,2.154,8.1,Safe
5614,RIVER BEGA AT D/S OF MANGALDOI TOWN,ASSAM,18.0,5.0,7.0,92.0,1.0,0.4,730.0,1500.0,2023,0.1996007984031936,90.0,3.909,12.49,Safe
5615,"RIVER GHOGRA NEAR ITI, SRIKONA MAIN BLOCK",ASSAM,19.0,5.5,7.0,103.0,1.0,0.4,360.0,910.0,2023,0.18148820326678766,104.5,2.491,9.11,Safe
5616,RIVER TUNIA AT NH NEAR BGR,ASSAM,22.0,4.3,7.0,126.0,1.0,0.4,730.0,1500.0,2023,0.2320185614849188,94.6,3.977,12.63,Safe
4496,RIVER AGHANASHINI MARIGADDE (SIRSI),KARNATAKA,20.0,7.2,7.1,55.0,1.0,0.4,38.0,70.0,2023,0.13869625520110956,144.0,0.6519999999999999,1.67,Safe
4497,RIVER KENGRE HOLE (SIRSI),KARNATAKA,20.0,7.2,6.8,63.0,1.0,0.4,32.0,56.0,2023,0.13869625520110956,144.0,0.638,1.59,Safe
1443,"RIVER ACHANKOVIL AT CHENNITHALA, ALAPPUZHA",KERALA,25.0,5.0,6.1,104.0,1.0,0.4,170.0,700.0,2023,0.1996007984031936,125.0,1.8930000000000002,7.24,Safe
3465,"RIVER ACHANKOVIL AT KALLARAKADAVU, PATHANAMTHITTA",KERALA,25.0,6.1,6.4,79.0,1.0,0.4,120.0,810.0,2023,0.16366612111292964,152.5,1.9329999999999998,7.38,Safe
3466,RIVER ACHANKOVIL AT PANDALAM,KERALA,25.0,5.3,6.8,96.0,1.0,0.4,79.0,700.0,2023,0.18832391713747648,132.5,1.7405000000000002,6.7,Safe
1342,RIVER ACHANKOVIL AT THUMPAMON,KERALA,24.0,4.9,6.5,83.0,1.0,0.4,170.0,790.0,2023,0.20366598778004072,117.60000000000001,1.9860000000000002,7.55,Safe
2319,RIVER ANCHARAKANDY AT ANCHARAKANDY,KERALA,28.0,5.9,5.5,134.0,1.0,0.4,100.0,150.0,2023,0.1692047377326565,165.20000000000002,1.0230000000000001,3.69,Safe
2297,RIVER ANCHARAKANDY AT MERUVAMBAYI,KERALA,27.0,5.7,5.3,79.0,1.0,0.4,100.0,200.0,2023,0.17513134851138354,153.9,0.988,3.51,Safe
5176,RIVER KANAMPUZHA IN KANNUR MUNCIPALITY,KERALA,21.0,2.8,6.3,232.0,1.0,0.4,170.0,90.0,2023,0.3558718861209965,58.8,1.234,4.67,Safe
2286,RIVER AYIROOR AT AYIROOR BRIDGE,KERALA,26.0,5.1,6.1,111.0,1.0,0.4,790.0,1300.0,2023,0.19569471624266147,132.6,3.737,12.14,Safe
2331,RIVER BHARATHAPUZHA AT KUTTIPPURAM,KERALA,26.0,5.5,7.3,107.0,1.0,0.4,100.0,200.0,2023,0.18148820326678766,143.0,1.044,3.79,Safe
2332,RIVER BHARATHAPUZHA AT PATTAMBI,KERALA,25.0,6.5,7.3,161.0,1.0,0.4,2.0,100.0,2023,0.15360983102918588,162.5,0.8550000000000001,2.82,Safe
2328,RIVER BHARATHAPUZHA RSVR AT MALAMPUZHA,KERALA,25.0,6.7,7.2,79.0,1.0,0.4,2.0,100.0,2023,0.14903129657228018,167.5,0.6910000000000001,1.9,Safe
1154,"RIVER CHALAKUDY AT PULIKKAKADAVU, THRISSUR",KERALA,26.0,6.1,6.6,66.0,1.0,0.4,5.0,310.0,2023,0.16366612111292964,158.6,0.9844999999999999,3.49,Safe
21,RIVER CHALIYAR AT CHUNGAPALLY,KERALA,26.0,6.1,5.8,50.0,1.0,0.4,90.0,250.0,2023,0.16366612111292964,158.6,0.99,3.52,Safe
20,RIVER CHALIYAR AT KOOLIMADU,KERALA,25.0,6.0,6.4,38.0,1.0,0.4,100.0,250.0,2023,0.1663893510815308,150.0,0.981,3.48,Safe
3464,"RIVER CHALIYAR AT NILAMBUR, MALAPPURAM",KERALA,25.0,6.6,6.5,43.0,1.0,0.4,310.0,1200.0,2023,0.15128593040847202,165.0,2.731,9.77,Safe
5192,"RIVER CHALIYAR BEYPORE PORT, KOZHIKODE",KERALA,21.0,4.3,6.4,232.0,1.0,0.4,10.0,90.0,2023,0.2320185614849188,90.3,0.994,3.54,Safe
1573,"RIVER CHITHRAPUZHA AT IRUMPANAM, KERALA",KERALA,27.0,0.7,6.4,135.0,1.0,0.4,1100.0,2200.0,2023,1.4084507042253522,18.9,5.6,15.43,Safe
5215,"RIVER CHITTURPUZHA AT CHITTUR BRIDGE, PALAKKAD",KERALA,27.0,5.9,7.8,299.0,1.0,0.4,2.0,2.0,2023,0.1692047377326565,159.3,0.9840000000000001,3.49,Safe
2287,RIVER ITHIKKARA AT ITHIKKARA,KERALA,25.0,5.1,7.1,106.0,1.0,0.4,220.0,700.0,2023,0.19569471624266147,127.49999999999999,1.9720000000000002,7.51,Safe
1564,RIVER ITHIKKARA KERALA,KERALA,24.0,6.4,6.4,111.0,1.0,0.4,150.0,700.0,2023,0.15600624024961,153.60000000000002,1.8770000000000002,7.18,Safe
5204,"RIVER ITHIKKARA AT KALLADATHANNI, KOLLAM",KERALA,24.0,5.5,6.5,106.0,1.0,0.4,130.0,630.0,2023,0.18148820326678766,132.0,1.7320000000000002,6.67,Safe
2293,RIVER KADALUNDI AT HAJIRAPPALLY,KERALA,22.0,6.0,6.6,81.0,1.0,0.4,20.0,31.0,2023,0.1663893510815308,132.0,0.6185,1.47,Safe
1566,"RIVER KADALUNDI AT THIRURANGADY, KERALA",KERALA,22.0,5.5,6.8,76.0,1.0,0.4,20.0,49.0,2023,0.18148820326678766,121.0,0.6355000000000001,1.57,Safe
5202,"RIVER KALLADA AT KULATHUPUZHA, KOLLAM",KERALA,24.0,3.0,6.4,74.0,1.0,0.4,200.0,840.0,2023,0.33222591362126247,72.0,2.088,7.89,Safe
5203,"RIVER KALLADA AT MUNDROTHURUTH, KOLLAM",KERALA,22.0,4.4,6.5,126.0,1.0,0.4,210.0,700.0,2023,0.22675736961451246,96.80000000000001,1.997,7.59,Safe
2337,RIVER KADAMBRAYAR AT BRAHMAPURAM,KERALA,28.0,0.8,6.5,102.0,1.0,0.4,210.0,1500.0,2023,1.2345679012345678,22.400000000000002,3.149,10.82,Safe
2338,RIVER KADAMBRAYAR AT MANCKAKADAVU,KERALA,28.0,1.2,6.4,94.0,1.0,0.4,400.0,1500.0,2023,0.8264462809917356,33.6,3.418,11.44,Safe
42,"RIVER KALLADA AT PERUMTHOTTAMKADAVU, PUNALOOR",KERALA,24.0,6.1,6.4,72.0,1.0,0.4,120.0,630.0,2023,0.16366612111292964,146.39999999999998,1.649,6.36,Safe
2294,"RIVER KALLAYI AT KALLAYI BRIDGE, KOZHIKODE",KERALA,26.0,0.4,6.6,482.0,1.0,0.4,2100.0,3600.0,2023,2.4390243902439024,10.4,9.893999999999998,20.41,Safe
5225,"RIVER KALLAYI AT KOTHI BRIDGE, KOZHIKODE",KERALA,27.0,1.1,6.7,523.0,1.0,0.4,60.0,170.0,2023,0.9009009009009008,29.700000000000003,1.7710000000000004,6.81,Safe
5224,"RIVER KALLAYI AT MOORIYADU, KOZHIKODE",KERALA,26.0,0.7,6.7,305.0,1.0,0.4,1300.0,2600.0,2023,1.4084507042253522,18.2,6.84,17.14,Safe
3460,"RIVER KALPATHI PUZHA AT KALPATHI, PALAKKAD",KERALA,25.0,4.8,7.4,199.0,1.0,0.4,2.0,100.0,2023,0.2079002079002079,120.0,0.931,3.22,Safe
3471,"RIVER KARAMANA AT ARUVIKARA, THIRUVANANTHAPURAM",KERALA,26.0,6.7,6.2,59.0,1.0,0.4,100.0,490.0,2023,0.14903129657228018,174.20000000000002,1.383,5.31,Safe
1155,"RIVER KARAMANA AT MOONNATTUMUKKU, KERALA",KERALA,26.0,0.4,6.6,253.0,1.0,0.4,11000.0,24000.0,2023,2.4390243902439024,10.4,53.385999999999996,36.38,Moderate
5196,"RIVER KARAMANA AT PEPPARA UPSTREAM, PEPPARA DAM, THIRUVANANTHAPURAM",KERALA,26.0,7.0,5.9,51.0,1.0,0.4,100.0,310.0,2023,0.14265335235378032,182.0,1.097,4.04,Safe
5195,"RIVER KARAMANA AT THIRUVALLOM, THIRUVANANTHAPURAM",KERALA,26.0,4.1,6.5,154.0,1.0,0.4,2200.0,4000.0,2023,0.24330900243309006,106.6,9.988,20.5,Safe
3458,RIVER KARAPUZHA DAM AT WAYANAD,KERALA,23.0,6.1,6.2,124.0,1.0,0.4,2.0,2.0,2023,0.16366612111292964,140.29999999999998,0.634,1.56,Safe
2289,RIVER KARUVANNUR AT KARUVANNUR BRIDGE,KERALA,17.0,4.7,6.6,48.0,1.0,0.4,2.0,2.0,2023,0.21231422505307856,79.9,0.482,0.59,Safe
2301,RIVER KAVVAI AT KUTTIYOL PALAM,KERALA,28.0,3.3,5.9,108.0,1.0,0.4,200.0,400.0,2023,0.3021148036253777,92.39999999999999,1.496,5.77,Safe
2295,RIVER KORAPUZHA AT KANAYANKODE,KERALA,26.0,4.5,5.9,350.0,1.0,0.4,79.0,100.0,2023,0.22172949002217296,117.0,1.3485,5.17,Safe
2326,"RIVER KORAYAR NEAR NARAGAMPALLY BRIDGE AT KANJIKODE, PALAKKAD",KERALA,26.0,5.3,7.9,525.0,1.0,0.4,2.0,2.0,2023,0.18832391713747648,137.79999999999998,1.436,5.53,Safe
5210,"RIVER KOTHAMANGALAM AT KOOROOR THODU, ERNAKULAM",KERALA,25.0,6.2,6.2,27.0,1.0,0.4,3.0,5.0,2023,0.1610305958132045,155.0,0.446,0.35,Safe
2298,RIVER KUPPAM AT RAYAROM,KERALA,27.0,5.6,6.0,69.0,1.0,0.4,79.0,200.0,2023,0.17825311942959005,151.2,0.9365000000000001,3.25,Safe
1569,"RIVER KUPPAM THALIPARAMBA, KERALA",KERALA,28.0,3.3,6.0,200.0,1.0,0.4,170.0,280.0,2023,0.3021148036253777,92.39999999999999,1.455,5.61,Safe
5234,"RIVER KUPPAM AT UROOTERI, KANNUR",KERALA,27.0,3.6,5.8,66.0,1.0,0.4,49.0,100.0,2023,0.2770083102493075,97.2,0.7355,2.16,Safe
1567,"RIVER KUTTIYADY ESTATE, KERALA",KERALA,27.0,6.3,6.0,23.0,1.0,0.4,58.0,94.0,2023,0.1584786053882726,170.1,0.654,1.68,Safe
1568,"RIVER MAHE AT VALAYAM, KOZHIKODE",KERALA,26.0,5.7,6.2,39.0,1.0,0.4,100.0,200.0,2023,0.17513134851138354,148.20000000000002,0.9079999999999999,3.1,Safe
2285,RIVER MAMOM AT MAMOM BRIDGE,KERALA,26.0,6.2,6.3,105.0,1.0,0.4,700.0,920.0,2023,0.1610305958132045,161.20000000000002,3.02,10.51,Safe
1340,"RIVER MANIMALA AT KALLOOPARA, KERALA",KERALA,27.0,6.5,6.9,154.0,1.0,0.4,2.0,2.0,2023,0.15360983102918588,175.5,0.6940000000000001,1.92,Safe
1384,"RIVER MANIMALA AT THONDRA, KERALA",KERALA,27.0,6.5,6.8,159.0,1.0,0.4,2.0,2.0,2023,0.15360983102918588,175.5,0.7040000000000001,1.98,Safe
3459,"RIVER MANIYANKODE PUZHA AT MANIYANKODE BRIDGE, WAYANAD",KERALA,23.0,5.0,6.5,109.0,1.0,0.4,2.0,22.0,2023,0.1996007984031936,115.0,0.6340000000000001,1.56,Safe
2307,RIVER MANJESHWAR AT BAJRAKKARA BR.,KERALA,27.0,6.2,6.9,84.0,1.0,0.4,2.0,340.0,2023,0.1610305958132045,167.4,1.061,3.87,Safe
5245,"RIVER MANJESHWAR AT BANGRA-MANJESHWAR BRIDGE,HOSDURG, KASARAGOD",KERALA,27.0,5.1,6.5,165.0,1.0,0.4,94.0,490.0,2023,0.19569471624266147,137.7,1.5859999999999999,6.12,Safe
1339,"RIVER MEENACHIL AT KIDANGOOR, KOTTAYAM",KERALA,27.0,6.5,6.0,33.0,1.0,0.4,2.0,150.0,2023,0.15360983102918588,175.5,0.6739999999999999,1.8,Safe
5244,"RIVER MOGRAL AT MADHUR BRIDGE NEAR MADHUR SRI SIDHIVINAYAKA TEMPLE, KASARAGOD",KERALA,26.0,5.6,6.9,66.0,1.0,0.4,130.0,260.0,2023,0.17825311942959005,145.6,1.097,4.04,Safe
2304,RIVER MOGRAL AT MOGRAL BR.,KERALA,27.0,5.2,6.0,371.0,1.0,0.4,40.0,310.0,2023,0.19193857965451055,140.4,1.6469999999999998,6.36,Safe
5211,"RIVER MUVATTAPUZHA AT PERUVAMMUZHI BRIDGE, ERNAKULAM",KERALA,25.0,6.5,5.4,29.0,1.0,0.4,2.0,2.0,2023,0.15360983102918588,162.5,0.444,0.34,Safe
43,RIVER MUVATTAPUZHA AT VETTIKKATTUMUKKU,KERALA,26.0,6.2,5.7,48.0,1.0,0.4,2.0,100.0,2023,0.1610305958132045,161.20000000000002,0.629,1.53,Safe
1563,RIVER NEYYAR AT AMARAVILA,KERALA,26.0,6.0,6.3,74.0,1.0,0.4,790.0,1000.0,2023,0.1663893510815308,156.0,3.213,10.97,Safe
2284,RIVER NEYYAR AT ARUVIPURAM,KERALA,26.0,5.9,6.4,74.0,1.0,0.4,910.0,1300.0,2023,0.1692047377326565,153.4,3.843,12.36,Safe
2288,RIVER PALLICKAL AT NELLIMUKAL,KERALA,24.0,6.4,6.3,110.0,1.0,0.4,58.0,580.0,2023,0.15600624024961,153.60000000000002,1.557,6.01,Safe
1156,"RIVER PAMBA AT CHENGANNUR, ALAPPUZHA",KERALA,26.0,6.2,6.5,40.0,1.0,0.4,70.0,200.0,2023,0.1610305958132045,161.20000000000002,0.865,2.88,Safe
5205,"RIVER PAMBA AT MUNNAR, PATHANAMTHITTA",KERALA,25.0,5.9,6.5,45.0,1.0,0.4,58.0,170.0,2023,0.1692047377326565,147.5,0.812,2.59,Safe
1341,"RIVER PAMBA AT THAKAZHY, KERALA",KERALA,25.0,4.8,6.3,48.0,1.0,0.4,58.0,170.0,2023,0.2079002079002079,120.0,0.818,2.62,Safe
5207,"RIVER PAMBA AT VEEYAPURAM, ALAPPUZHA",KERALA,27.0,5.5,6.5,185.0,1.0,0.4,2.0,2.0,2023,0.18148820326678766,148.5,0.756,2.28,Safe
10017,RIVER PAMBA D/S,KERALA,26.0,6.2,6.5,48.0,1.0,0.4,150.0,430.0,2023,0.1610305958132045,161.20000000000002,1.3459999999999999,5.16,Safe
1565,"RIVER PAMBA DOWN, KERALA",KERALA,26.0,5.1,6.2,47.0,1.0,0.4,61.0,240.0,2023,0.19569471624266147,132.6,0.9255,3.19,Safe
5191,"RIVER PAMBA NEAR THOTTAPPALLY HARBOUR, ALAPPUZHA",KERALA,21.0,4.7,6.3,232.0,1.0,0.4,2.0,90.0,2023,0.21231422505307856,98.7,0.982,3.48,Safe
10016,RIVER PAMBA U/S,KERALA,26.0,6.5,6.7,40.0,1.0,0.4,100.0,310.0,2023,0.15360983102918588,169.0,1.075,3.94,Safe
17,RIVER PERIYAR AT ALUVA-ELOOR,KERALA,26.0,3.0,6.5,86.0,1.0,0.4,400.0,910.0,2023,0.33222591362126247,78.0,2.5170000000000003,9.18,Safe
18,RIVER PERIYAR AT KALADY,KERALA,25.0,6.5,6.1,28.0,1.0,0.4,210.0,700.0,2023,0.15360983102918588,162.5,1.8010000000000002,6.92,Safe
2335,RIVER PERIYAR AT KALAMASSERY,KERALA,27.0,4.2,6.4,48.0,1.0,0.4,110.0,340.0,2023,0.23752969121140144,113.4,1.151,4.29,Safe
3468,"RIVER PERIYAR AT KWA INTAKE, ALUVA",KERALA,26.0,5.4,6.5,36.0,1.0,0.4,84.0,250.0,2023,0.18484288354898337,140.4,0.9530000000000001,3.34,Safe
2333,RIVER PERIYAR AT MUPPATHADAM,KERALA,27.0,5.4,6.5,43.0,1.0,0.4,310.0,1000.0,2023,0.18484288354898337,145.8,2.431,8.93,Safe
5209,"RIVER PERIYAR AT PANAMKUTTY BRIDGE, IDUKKI",KERALA,24.0,5.9,6.5,41.0,1.0,0.4,310.0,790.0,2023,0.1692047377326565,141.60000000000002,2.112,7.96,Safe
2334,RIVER PERIYAR AT PATHALAM,KERALA,27.0,4.0,6.6,105.0,1.0,0.4,200.0,840.0,2023,0.24937655860349128,108.0,2.1500000000000004,8.08,Safe
2336,RIVER PERIYAR AT PURAPPALLIKADAVU,KERALA,27.0,5.5,6.6,48.0,1.0,0.4,170.0,700.0,2023,0.18148820326678766,148.5,1.7810000000000001,6.85,Safe
1338,"RIVER PERIYAR AT SEWAGE DISCHARGE POINT,ALUVA, ERNAKULAM",KERALA,25.0,5.5,6.5,45.0,1.0,0.4,1000.0,2200.0,2023,0.18148820326678766,137.5,5.27,14.92,Safe
5193,"RIVER PERIYAR AZHIKODE FERRY, KODUNGALLUR,THRISSUR",KERALA,21.0,2.7,6.9,232.0,1.0,0.4,2.0,90.0,2023,0.36900369003690037,56.7,0.982,3.48,Safe
2329,RIVER PERIYAR RSVR AT BHOOTHATHANKETU,KERALA,25.0,7.3,6.1,26.0,1.0,0.4,2.0,340.0,2023,0.13679890560875513,182.5,0.9450000000000001,3.29,Safe
2330,RIVER PERIYAR RSVR AT EDAMALAYAR,KERALA,25.0,6.6,6.5,19.0,1.0,0.4,8.0,150.0,2023,0.15128593040847202,165.0,0.655,1.69,Safe
5208,RIVER PERIYAR AT KULAMAVU RESEVOIR AT IDUKKI,KERALA,22.0,5.1,6.3,48.0,1.0,0.4,2.0,2.0,2023,0.19569471624266147,112.19999999999999,0.482,0.59,Safe
2300,RIVER PERUVAMBA AT CHANDAPURA,KERALA,27.0,2.3,5.3,72.0,1.0,0.4,79.0,100.0,2023,0.43290043290043295,62.099999999999994,0.7925000000000001,2.48,Safe
5232,"RIVER PERUVAMBA AT PERUMBA BRIDGE, KANNUR",KERALA,28.0,3.1,6.1,450.0,1.0,0.4,40.0,400.0,2023,0.3215434083601286,86.8,1.94,7.4,Safe
2303,RIVER PULLUR AT PULLUR BRIDGE,KERALA,26.0,7.0,6.8,55.0,1.0,0.4,2.0,110.0,2023,0.14265335235378032,182.0,0.658,1.71,Safe
5213,"RIVER PUZHAKKAL AT PANCHIKKAL CANAL, THRISSUR",KERALA,23.0,1.4,6.8,98.0,1.0,0.4,2.0,100.0,2023,0.7092198581560284,32.199999999999996,0.7290000000000001,2.13,Safe
2290,RIVER PUZHAKKAL AT PUZHACKAL BRIDGE,KERALA,16.0,2.3,6.6,87.0,1.0,0.4,2.0,2.0,2023,0.43290043290043295,36.8,0.56,1.1,Safe
5233,"RIVER RAMAPURAM AT KAPPUNGAL, KANNUR",KERALA,27.0,4.8,5.8,88.0,1.0,0.4,100.0,200.0,2023,0.2079002079002079,129.6,1.006,3.6,Safe
2299,RIVER RAMAPURAM AT RAMAPURAM BRIDGE,KERALA,27.0,3.7,5.2,270.0,1.0,0.4,100.0,380.0,2023,0.2695417789757412,99.9,1.6400000000000001,6.33,Safe
2305,RIVER SHIRIYA AT ANGADIMOGARU,KERALA,26.0,7.5,7.1,74.0,1.0,0.4,2.0,540.0,2023,0.13315579227696406,195.0,1.3410000000000002,5.14,Safe
2296,RIVER THALASSERRY AT PATHIPALAM,KERALA,27.0,5.5,5.5,128.0,1.0,0.4,10.0,49.0,2023,0.18148820326678766,148.5,0.7245,2.1,Safe
5241,"RIVER THALASSERY AT KODUVALLY, KANNUR",KERALA,27.0,3.3,6.5,1200.0,1.0,0.4,200.0,400.0,2023,0.3021148036253777,89.1,3.68,12.02,Safe
5240,"RIVER THALASSERY AT KUNDUCHIRA, KANNUR",KERALA,27.0,3.5,4.4,185.0,1.0,0.4,200.0,400.0,2023,0.2849002849002849,94.5,1.65,6.37,Safe
5236,"RIVER THALLASSERRY AT ERANJOLI PALAM, KANNUR",KERALA,28.0,4.0,5.2,350.0,1.0,0.4,200.0,350.0,2023,0.24937655860349128,112.0,1.9050000000000002,7.28,Safe
2306,RIVER UPPALA AT UPPALA BR.,KERALA,27.0,5.1,6.4,113.0,1.0,0.4,79.0,280.0,2023,0.19569471624266147,137.7,1.1444999999999999,4.26,Safe
5177,"RIVER VALAPATTANAM AT AZHEEKAL PORT, AZHEEKODE,KANNUR",KERALA,21.0,3.0,6.7,232.0,1.0,0.4,120.0,90.0,2023,0.33222591362126247,63.0,1.159,4.33,Safe
3473,"RIVER VALAPATTANAM AT PARASSINIKADAVU, KANNUR",KERALA,26.0,3.7,5.7,220.0,1.0,0.4,200.0,320.0,2023,0.2695417789757412,96.2,1.6,6.18,Safe
5235,"RIVER VALAPATTANAM AT PAVANNUR, KANNUR",KERALA,26.0,4.5,6.4,101.0,1.0,0.4,100.0,200.0,2023,0.22172949002217296,117.0,1.032,3.73,Safe
2318,"RIVER VALAPATTANAM AT PAZHASSI RESERVOIR, KANNUR",KERALA,26.0,6.8,5.5,81.0,1.0,0.4,79.0,200.0,2023,0.14684287812041116,176.79999999999998,0.9605000000000001,3.37,Safe
5239,"VALAPATTANAM RIVER AT IRRITY BRIDGE,KANNUR",KERALA,28.0,4.3,5.3,87.0,1.0,0.4,100.0,200.0,2023,0.2320185614849188,120.39999999999999,1.004,3.59,Safe
1442,"RIVER VAMANAPURAM AT VAMANAPURAM, THIRUVANANTHAPURAM",KERALA,26.0,6.7,6.3,62.0,1.0,0.4,200.0,600.0,2023,0.14903129657228018,174.20000000000002,1.704,6.57,Safe
5206,"RIVER VARATTAAR AT ARATTUKADAVU, ALAPPUZHA",KERALA,27.0,1.1,6.3,165.0,1.0,0.4,2.0,100.0,2023,0.9009009009009008,29.700000000000003,0.863,2.87,Safe
1570,"RIVER NILESWARAM NEAR NILESWARAM BRIDGE AT HOSDURG, KASARAGOD",KERALA,27.0,3.8,6.4,84.0,1.0,0.4,2.0,260.0,2023,0.2624671916010499,102.6,0.9410000000000001,3.27,Safe
1571,RIVER KARYANKODE AT KAKKADAVU,KERALA,27.0,6.3,7.1,65.0,1.0,0.4,2.0,280.0,2023,0.1584786053882726,170.1,0.933,3.23,Safe
1572,RIVER CHANDRAGIRI AT  PADIYATHADKA,KERALA,27.0,6.9,6.8,59.0,1.0,0.4,100.0,320.0,2023,0.1447178002894356,186.3,1.1280000000000001,4.19,Safe
2292,"RIVER TIRUR AT THALAKKADATHUR BRIDGE, MALAPPURAM",KERALA,22.0,2.5,6.7,102.0,1.0,0.4,20.0,31.0,2023,0.39840637450199207,55.0,0.6605000000000001,1.72,Safe
2302,RIVER NILESWARAM AT NAMBIARKAL DAM,KERALA,27.0,5.1,6.2,101.0,1.0,0.4,2.0,170.0,2023,0.19569471624266147,137.7,0.8400000000000001,2.74,Safe
5169,"RIVER KAKKAD AT KAKKAD ,KANNUR",KERALA,27.0,2.1,6.1,265.0,1.0,0.4,200.0,400.0,2023,0.47393364928909953,56.7,1.81,6.95,Safe
5231,"RIVER KAVVAI AT KANKOL, KANNUR",KERALA,27.0,4.5,6.0,50.0,1.0,0.4,150.0,300.0,2023,0.22172949002217296,121.5,1.1549999999999998,4.31,Safe
5171,CHERUVATHUR  - MADAKKARA HARBOUR AT CHERUVATHUR PANCHAYATH KASARAGOD,KERALA,21.0,1.6,6.4,232.0,1.0,0.4,28.0,90.0,2023,0.6211180124223602,33.6,1.021,3.68,Safe
5237,"RIVER KAKKAD AT VARANAM KADAVU BRIDGE, KANNUR",KERALA,26.0,2.9,6.0,630.0,1.0,0.4,100.0,200.0,2023,0.34364261168384885,75.39999999999999,2.09,7.89,Safe
5238,"RIVER ANCHARAKANDY  AT ODAKADAVU BRIDGE, KANNUR",KERALA,28.0,6.3,5.5,120.0,1.0,0.4,100.0,200.0,2023,0.1584786053882726,176.4,1.07,3.91,Safe
5242,"PALLANGODE BRIDGE AT PUTHIYAMBALAM, KASARAGOD",KERALA,27.0,7.0,6.7,62.0,1.0,0.4,32.0,200.0,2023,0.14265335235378032,189.0,0.8520000000000001,2.81,Safe
5243,"CHANDRAGIRI RIVER AT CHANDRAGIRI BRIDGE, KASARAGOD",KERALA,26.0,2.1,6.6,103.0,1.0,0.4,100.0,270.0,2023,0.47393364928909953,54.6,1.141,4.25,Safe
5197,"RIVER KILLIYAR AT MARUTHAMKUZHI BRIDGE, THIRUVANANTHAPURAM",KERALA,26.0,6.3,6.4,133.0,1.0,0.4,1100.0,2000.0,2023,0.1584786053882726,163.79999999999998,5.295999999999999,14.96,Safe
5214,"RIVER WADAKKANCHERY AT WADAKKANCHERY PALAM,THRISSUR",KERALA,15.0,1.3,6.3,99.0,1.0,0.4,2.0,100.0,2023,0.7633587786259541,19.5,0.7310000000000001,2.14,Safe
5216,"RIVER KANNADIPPUZHA AT THIRUNELLAYI BRIDGE, PALAKKAD",KERALA,27.0,5.3,7.6,368.0,1.0,0.4,2.0,2.0,2023,0.18832391713747648,143.1,1.1219999999999999,4.16,Safe
5217,"RIVER NELLIPUZHA AT NELLIPUZHA BRIDGE, MANNARKKAD, PALAKKAD",KERALA,23.0,5.7,7.3,58.0,1.0,0.4,100.0,200.0,2023,0.17513134851138354,131.1,0.946,3.3,Safe
5218,"RIVER KUNTHIPUZHA AT MANNARKKAD, PALAKKAD",KERALA,23.0,6.4,7.3,90.0,1.0,0.4,2.0,2.0,2023,0.15600624024961,147.20000000000002,0.5660000000000001,1.14,Safe
5220,RIVER TIRUR AT NADUVILANGADI,KERALA,22.0,3.0,6.6,141.0,1.0,0.4,40.0,79.0,2023,0.33222591362126247,66.0,0.8405,2.75,Safe
5221,"RIVER IRUVAZHINJI AT CHEPPILANKODE, KOZHIKODE",KERALA,25.0,6.3,6.1,27.0,1.0,0.4,700.0,920.0,2023,0.1584786053882726,157.5,2.864,10.11,Safe
5222,"RIVER IRUVAZHINJI AT MUKKAM BRIDGE, KOZHIKODE",KERALA,25.0,6.6,6.1,30.0,1.0,0.4,700.0,1300.0,2023,0.15128593040847202,165.0,3.44,11.49,Safe
5223,"RIVER IRUVAZHINJI AT KUTTIPALAKAL, KOZHIKODE",KERALA,26.0,5.2,6.1,31.0,1.0,0.4,160.0,400.0,2023,0.19193857965451055,135.20000000000002,1.282,4.88,Safe
2651,"RIVER AMBA AT D/S OF WAKEN BRIDGE, VILLAGE- WAKEN PHATA, TALUKA- ROHA, DISTRICT- RAIGAD. ( U/S OF THE
JACKWELLS OF M/S SUPREME PETROCHEMICALS & MIDC )",MAHARASHTR A,27.0,5.6,7.5,75.0,1.0,0.4,5.0,23.0,2023,0.17825311942959005,151.2,0.572,1.18,Safe
2653,"RIVER BHATSA AT D/S OF LIBERTY OIL MILLS, VILLAGE- SATNE, TALUKA- SHAHAPUR, DISTRICT- THANE.",MAHARASHTR A,18.0,5.3,7.5,68.0,1.0,0.4,2.0,43.0,2023,0.18832391713747648,95.39999999999999,0.5835,1.25,Safe
1461,"RIVER BHATSA AT D/S OF PISE DAM, VILLAGE. PISE, TALUKA. BHIWANDI, DISTRICT. THANE.",MAHARASHTR A,28.0,5.9,7.5,75.0,1.0,0.4,2.0,22.0,2023,0.1692047377326565,165.20000000000002,0.5660000000000001,1.14,Safe
2654,"RIVER BHATSA AT U/S OF LIBERTY OIL MILLS, SATNEL, SHAHAPUR, THANE.",MAHARASHTR A,18.0,5.3,7.4,63.0,1.0,0.4,2.0,8.0,2023,0.18832391713747648,95.39999999999999,0.521,0.85,Safe
1092,"RIVER KALU AT ATALE VILLAGE, VILLAGE- ATALE, TALUKA- KALYAN, DISTRICT- THANE.",MAHARASHTR A,23.0,1.0,6.8,113.0,1.0,0.4,7.0,23.0,2023,0.9900990099009901,23.0,0.6509999999999999,1.67,Safe
2670,"RIVER KAN AT SAKRI WATER WORKS, VILLAGE. SAKRI, TALUKA. DHULE, DISTRICT. DHULE.",MAHARASHTR A,16.0,5.6,7.2,333.0,1.0,0.4,4.0,40.0,2023,0.17825311942959005,89.6,1.112,4.11,Safe
2198,"RIVER KUNDALIKA AT ARE KHURD (SALINE ZONE), VILLAGE- AREKHURD,TALUKA- ROHA, DISTRICT- RAIGAD.",MAHARASHTR A,27.0,3.7,6.7,108.0,1.0,0.4,2.0,23.0,2023,0.2695417789757412,99.9,0.6335000000000001,1.56,Safe
2672,"RIVER KUNDALIKA AT DHATAV AT JACKWELL, VILLAGE. DHATAV ,TALUKA. ROHA, DISTRICT. RAIGAD.",MAHARASHTR A,27.0,5.4,7.5,71.0,1.0,0.4,2.0,13.0,2023,0.18484288354898337,145.8,0.5445,1.0,Safe
1152,"RIVER KUNDALIKA AT ROHA BRIDGE, VILLAGE-ROHA, TALUKA- ROHA, DISTRICT- RAIGAD.",MAHARASHTR A,27.0,5.2,7.3,79.0,1.0,0.4,2.0,7.0,2023,0.19193857965451055,140.4,0.5515,1.05,Safe
2671,"RIVER KUNDALIKA NEAR SALAV BRIDGE (SALINE ZONE), VILLAGE-SALAV, TALUKA- ROHA, DISTRICT- RAIGAD.",MAHARASHTR A,27.0,4.0,7.0,15370.0,1.0,0.4,8.0,33.0,2023,0.24937655860349128,108.0,31.181499999999996,31.17,Moderate
2168,"RIVER MITHI NEAR ROAD BRIDGE, VILLAGE- MAHIM, TALUKA- BANDRA, DISTRICT- MUMBAI.",MAHARASHTR A,26.0,0.3,6.9,576.0,1.0,0.4,1700.0,2200.0,2023,3.2258064516129035,7.8,7.382,17.81,Safe
2676,"RIVER MUCHKUNDI AT WAKED, RATNAGIRI, NEAR M/S ASAHI INDIA GLASS LTD., VILLAGE- WAKED, TALUKA- LANJA, DISTRICT- RATNAGIRI.",MAHARASHTR A,25.0,6.0,7.2,78.0,1.0,0.4,4.0,15.0,2023,0.1663893510815308,150.0,0.5645,1.13,Safe
2685,"RIVER PATALGANGA AT D/S OF KHARPADA BRIDGE , VILLAGE- KHARPADA, TALUKA- KHALAPUR, DISTRICT- RAIGAD.",MAHARASHTR A,26.0,5.4,6.9,70.0,1.0,0.4,2.0,23.0,2023,0.18484288354898337,140.4,0.5575,1.09,Safe
2689,"RIVER PATALGANGA AT GAGANGIRI MAHARAJ TEMPLE, VILLAGE- KHOPOLI, TALUKA- KHALAPUR, DISTRICT-
RAIGAD.",MAHARASHTR A,26.0,6.3,7.2,51.0,1.0,0.4,2.0,23.0,2023,0.1584786053882726,163.79999999999998,0.5195,0.84,Safe
2687,"RIVER PATALGANGA AT KHALAPUR PUMPING STATION,
VILLAGE- KHALAPUR, TALUKA- KHALAPUR, DISTRICT- RAIGAD.",MAHARASHTR A,27.0,6.2,7.0,74.0,1.0,0.4,2.0,23.0,2023,0.1610305958132045,167.4,0.5655,1.14,Safe
2688,"RIVER PATALGANGA AT SAVROLI BRIDGE, VILLAGE- SAVROLI,TALUKA- KHALAPUR,DISTRICT- RAIGAD.",MAHARASHTR A,26.0,5.8,7.0,80.0,1.0,0.4,2.0,40.0,2023,0.17211703958691912,150.79999999999998,0.603,1.37,Safe
1151,"RIVER PATALGANGA AT SHILPHATA BRIDGE, VILLAGE- KHOPOLI,TALUKA- KHALAPUR, DISTRICT- RAIGAD.",MAHARASHTR A,26.0,6.3,7.0,70.0,1.0,0.4,5.0,23.0,2023,0.1584786053882726,163.79999999999998,0.5619999999999999,1.12,Safe
2686,"RIVER PATALGANGA AT VYAL PUMP HOUSE, VILLAGE. VYAL, TALUKA. KHALAPUR, DISTRICT. RAIGAD.",MAHARASHTR A,27.0,6.2,7.0,78.0,1.0,0.4,2.0,17.0,2023,0.1610305958132045,167.4,0.5645,1.13,Safe
1462,"RIVER PATALGANGA NEAR INTAKE OF MIDC WATER WORKS (TURADE W/W). VILLAGE. TURADE, TALUKA. KHALAPUR,
DISTRICT. RAIGAD.",MAHARASHTR A,27.0,6.0,7.1,74.0,1.0,0.4,2.0,22.0,2023,0.1663893510815308,162.0,0.5640000000000001,1.13,Safe
2696,"PEHLAR DAM ON PEHLAR RIVER- INLET OF WATER WORKS, VILLAGE- PEHLAR, TALUKA- VASAI, DISTRICT- PALGHAR.",MAHARASHTR A,26.0,6.0,7.2,109.0,1.0,0.4,2.0,22.0,2023,0.1663893510815308,156.0,0.6340000000000001,1.56,Safe
2703,"RIVER SAVITRI AT DADLI ROAD BRIDGE, VILLAGE. DADLI, TALUKA. MAHAD, DISTRICT. RAIGAD.",MAHARASHTR A,25.0,6.4,7.1,76.0,1.0,0.4,6.0,26.0,2023,0.15600624024961,160.0,0.5800000000000001,1.23,Safe
2704,"RIVER SAVITRI AT MUTHAVALI VILLAGE, VILLAGE. MUTHAVALI, TALUKA. MAHAD, DISTRICT. RAIGAD.",MAHARASHTR A,25.0,6.7,7.3,79.0,1.0,0.4,6.0,25.0,2023,0.14903129657228018,167.5,0.5845,1.26,Safe
2199,"RIVER SAVITRI AT OVALE VILLAGE, VILLAGE. OVALE, TALUKA. MAHAD, DISTRICT. RAIGAD.",MAHARASHTR A,25.0,5.0,7.3,127.0,1.0,0.4,4.0,26.0,2023,0.1996007984031936,125.0,0.679,1.83,Safe
2702,"RIVER SAVITRI AT SHEDAV DOV, VILLAGE. SHEDAV DOV, TALUKA. MAHAD, DISTRICT. RAIGAD.",MAHARASHTR A,25.0,6.6,7.3,83.0,1.0,0.4,6.0,24.0,2023,0.15128593040847202,165.0,0.5910000000000001,1.3,Safe
2701,"RIVER SAVITRI JACKWELL AT UPSA KENDRE, VILLAGE. NANGALWADI, TALUKA. MAHAD, DISTRICT. RAIGAD.",MAHARASHTR A,25.0,6.2,7.1,85.0,1.0,0.4,6.0,21.0,2023,0.1610305958132045,155.0,0.5905,1.3,Safe
2708,"RIVER SURYA AT INTAKE OF VASAI-VIRAR WATER SCHEME, VILLAGE- MASVAN, TALUKA- PALGHAR, DISTRICT-
PALGHAR.",MAHARASHTR A,26.0,5.2,7.6,113.0,1.0,0.4,2.0,7.0,2023,0.19193857965451055,135.20000000000002,0.6194999999999999,1.48,Safe
2707,"RIVER SURYA AT MIDC PUMPING STATION ON BOISAR - CHILLARPHATA ROAD, VILLAGE- GARVASHET, TALUKA-
PALGHAR, DISTRICT- PAKGHAR",MAHARASHTR A,26.0,5.0,7.5,112.0,1.0,0.4,2.0,2.0,2023,0.1996007984031936,130.0,0.6100000000000001,1.42,Safe
2706,"RIVER SURYA AT U/S OF SURYA DAM, VILLAGE- DHAMNI, TALUKA- VIKRAMGAD, DISTRICT- PALGHAR.",MAHARASHTR A,26.0,5.4,7.6,114.0,1.0,0.4,2.0,11.0,2023,0.18484288354898337,140.4,0.6275,1.52,Safe
2709,"RIVER TANSA NEAR ROAD BRIDGE, VILLAGE- DAKEWALI, TALUKA- WADA, DISTRICT- PALGHAR.",MAHARASHTR A,19.0,6.5,7.6,71.0,1.0,0.4,2.0,17.0,2023,0.15360983102918588,123.5,0.5505,1.04,Safe
2162,"RIVER ULHAS AT JAMBHUL WATER WORKS, VILLAGE- JAMBHUL, TALUKA- AMBERNATH, DISTRICT- THANE.",MAHARASHTR A,26.0,6.2,7.0,131.0,1.0,0.4,2.0,33.0,2023,0.1610305958132045,161.20000000000002,0.6945,1.92,Safe
1094,"RIVER ULHAS AT U/S OF BADLAPUR WATER WORKS, VILLAGE. KULGAON, TALUKA. AMBERNATH, DISTRICT.
THANE.",MAHARASHTR A,26.0,6.3,7.1,121.0,1.0,0.4,2.0,22.0,2023,0.1584786053882726,163.79999999999998,0.658,1.71,Safe
1093,"RIVER ULHAS AT U/S OF NRC BUND, VILLAGE. MOHANE, TALUKA. KALYAN, DISTRICT. THANE.",MAHARASHTR A,26.0,6.2,7.3,130.0,1.0,0.4,2.0,13.0,2023,0.1610305958132045,161.20000000000002,0.6625,1.74,Safe
2712,"RIVER VAITARNA NEAR ROAD BRIDGE, VILLAGE- GANDHARE, TALUKA- WADA, DISTRICT- PALGHAR.",MAHARASHTR A,19.0,6.5,7.7,74.0,1.0,0.4,2.0,23.0,2023,0.15360983102918588,123.5,0.5655,1.14,Safe
2713,"RIVER VASHISHTI AT D/S OF THREE M PAPER MILLS NEAR
CHIPLUN WATER INTAKE JACKWELL, VILLAGE- KHERDI, TALUKA- CHIPLUN, DISTRICT- RATNAGIRI.",MAHARASHTR A,27.0,6.4,7.3,50.0,1.0,0.4,4.0,17.0,2023,0.15600624024961,172.8,0.5115,0.79,Safe
2714,"RIVER VASHISHTI AT U/S OF POPHALI NEAR
KONPHANSAWANE BRIDGE, VILLAGE- POPHALI, TALUKA- CHIPLUN, DISTRICT- RATNAGIRI.",MAHARASHTR A,27.0,6.8,7.4,43.0,1.0,0.4,4.0,17.0,2023,0.14684287812041116,183.6,0.49750000000000005,0.7,Safe
2164,"RIVER VASHISHTI AT U/S OF THREE M PAPER MILLS NEAR M/S MULTIFILMS PLASTIC PVT. LTD ., VILLAGE- KHERDI,
TALUKA- CHIPLUN, DISTRICT- RATNAGIRI.",MAHARASHTR A,27.0,5.7,7.4,49.0,1.0,0.4,4.0,14.0,2023,0.17513134851138354,153.9,0.505,0.75,Safe
2657,"RIVER BINDUSARA  AT BEED, NEAR INTAKE WATER PUMP HOUSE AT DAM, VILLAGE- PALIGAON, TALUKA- BEED,
DISTRICT- BEED.",MAHARASHTR A,22.0,2.6,8.1,358.0,1.0,0.4,2.0,2.0,2023,0.3831417624521073,57.2,1.1019999999999999,4.07,Safe
2660,"RIVER DARNA AT CHEHEDI WATER WORKS (PUMPING STATION), VILLAGE- CHEHEDI, TALUKA- NASHIK, DISTRICT- NASHIK.",MAHARASHTR A,20.0,5.6,7.2,177.0,1.0,0.4,4.0,40.0,2023,0.17825311942959005,112.0,0.8,2.52,Safe
2664,"RIVER DARNA AT SANSARI, VILLAGE- SANSARI,TALUKA- NASHIK,DISTRICT- NASHIK.",MAHARASHTR A,20.0,5.3,7.0,175.0,1.0,0.4,4.0,31.0,2023,0.18832391713747648,106.0,0.7825,2.43,Safe
2663,"RIVER DARNA AT BHAGUR PUMPING STATION NEAR
PANDHURLI BRIDGE, VILLAGE- BHAGUR, TALUKA-NASHIK, DISTRICT- NASHIK.",MAHARASHTR A,20.0,5.8,7.3,158.0,1.0,0.4,4.0,40.0,2023,0.17211703958691912,116.0,0.762,2.31,Safe
2662,"RIVER DARNA  AT MES SITE PUMPING STATION, VILLAGE- BHAGUR, TALUKA- NASHIK, DISTRICT- NASHIK.",MAHARASHTR A,20.0,5.6,7.3,164.0,1.0,0.4,4.0,40.0,2023,0.17825311942959005,112.0,0.774,2.38,Safe
2661,"RIVER DARNA AT ASWALI ( DARNA DAM),VILLAGE- ASWALI,TALUKA- IGATPURI,DISTRICT- NASHIK.",MAHARASHTR A,20.0,5.7,7.2,135.0,1.0,0.4,4.0,43.0,2023,0.17513134851138354,114.0,0.7205,2.08,Safe
2868,RIVER CHAKPI AT CHAKPIKARONG,MANIPUR,18.0,7.1,7.2,180.0,1.0,0.4,5.0,40.0,2023,0.1406469760900141,127.8,0.8074999999999999,2.57,Safe
1627,RIVER IMPHAL AT KIYAMGI,MANIPUR,19.0,7.1,7.0,120.0,1.0,0.4,60.0,135.0,2023,0.1406469760900141,134.9,0.9125,3.13,Safe
1457,RIVER IMPHAL AT KOIRENGEI,MANIPUR,19.0,7.1,7.2,140.0,1.0,0.4,40.0,75.0,2023,0.1406469760900141,134.9,0.8325,2.7,Safe
1424,RIVER IMPHAL AT MAHABALI,MANIPUR,19.0,6.7,7.2,140.0,1.0,0.4,55.0,90.0,2023,0.14903129657228018,127.3,0.8775,2.94,Safe
1628,RIVER IMPHAL AT MINUTHONG,MANIPUR,19.0,7.0,7.2,150.0,1.0,0.4,55.0,120.0,2023,0.14265335235378032,133.0,0.9425000000000001,3.28,Safe
2862,RIVER IMPHAL AT SAMUROU,MANIPUR,19.0,7.0,7.1,150.0,1.0,0.4,50.0,115.0,2023,0.14265335235378032,133.0,0.9275,3.2,Safe
2864,"RIVER IMPHAL NEAR LEIKINTHABI ROAD, AWANG SEKMAI",MANIPUR,20.0,7.1,7.2,150.0,1.0,0.4,40.0,95.0,2023,0.1406469760900141,142.0,0.8825,2.97,Safe
2874,RIVER IRANG AT TAMENGLONG,MANIPUR,18.0,7.1,7.2,150.0,1.0,0.4,5.0,30.0,2023,0.1406469760900141,127.8,0.7325,2.15,Safe
2863,RIVER IRIL AT KANGLA SIPHAI,MANIPUR,19.0,7.2,7.2,160.0,1.0,0.4,40.0,50.0,2023,0.13869625520110956,136.8,0.835,2.72,Safe
1624,RIVER IRIL AT LILONG,MANIPUR,19.0,7.0,7.2,150.0,1.0,0.4,55.0,100.0,2023,0.14265335235378032,133.0,0.9125000000000001,3.13,Safe
2873,RIVER IRIL AT LILONG,MANIPUR,21.0,6.9,7.2,210.0,1.0,0.4,55.0,120.0,2023,0.1447178002894356,144.9,1.0625,3.88,Safe
1458,RIVER IRIL AT PORAMPET,MANIPUR,18.0,7.2,7.3,210.0,1.0,0.4,45.0,70.0,2023,0.13869625520110956,129.6,0.9725,3.43,Safe
1926,"RIVER KHUJAIROK NEAR ELORA HOTEL ROAD, MOREH",MANIPUR,20.0,6.1,6.8,340.0,1.0,0.4,120.0,295.0,2023,0.16366612111292964,122.0,1.6825,6.49,Safe
2867,RIVER MAHA NEAR KOMLATHABI BAZAR,MANIPUR,18.0,7.0,7.2,240.0,1.0,0.4,15.0,40.0,2023,0.14265335235378032,126.0,0.9424999999999999,3.28,Safe
2879,RIVER MANIPUR AT ETHAI BARRAGE,MANIPUR,18.0,6.9,7.1,160.0,1.0,0.4,60.0,150.0,2023,0.1447178002894356,124.2,1.0150000000000001,3.65,Safe
2852,RIVER MANIPUR AT SEKMAIJIN,MANIPUR,19.0,7.2,7.2,160.0,1.0,0.4,60.0,140.0,2023,0.13869625520110956,136.8,1.0,3.57,Safe
2857,RIVER MANIPUR AT THOUBAL,MANIPUR,20.0,6.7,7.1,180.0,1.0,0.4,60.0,125.0,2023,0.14903129657228018,134.0,1.0175,3.66,Safe
1626,RIVER NAMBUL AT HEIRANGOITHONG,MANIPUR,20.0,5.1,6.8,300.0,1.0,0.4,200.0,785.0,2023,0.19569471624266147,102.0,2.4575,9.01,Safe
1625,RIVER NAMBUL AT HUMP BRIDGE,MANIPUR,20.0,5.3,6.9,280.0,1.0,0.4,195.0,755.0,2023,0.18832391713747648,106.0,2.3649999999999998,8.74,Safe
2860,RIVER NAMBUL AT NAOREMTHONG,MANIPUR,20.0,6.5,6.4,190.0,1.0,0.4,85.0,170.0,2023,0.15360983102918588,130.0,1.1425,4.26,Safe
2858,RIVER NAMBUL AT SAMUSANG (U.K. ROAD),MANIPUR,19.0,6.7,6.8,130.0,1.0,0.4,90.0,200.0,2023,0.14903129657228018,127.3,1.075,3.94,Safe
2859,RIVER NAMBUL AT SINGDA DAM,MANIPUR,18.0,7.3,7.2,108.0,1.0,0.4,15.0,30.0,2023,0.13679890560875513,131.4,0.6635000000000001,1.74,Safe
1927,"RIVER SEKMAI RIVER, KAKCHING",MANIPUR,19.0,7.0,7.2,140.0,1.0,0.4,20.0,65.0,2023,0.14265335235378032,133.0,0.7875,2.46,Safe
2872,RIVER THOUBAL AT LITAN BRIDGE,MANIPUR,19.0,7.3,7.2,180.0,1.0,0.4,30.0,60.0,2023,0.13679890560875513,138.7,0.875,2.93,Safe
2854,RIVER THOUBAL AT PHADOM,MANIPUR,19.0,7.1,7.2,160.0,1.0,0.4,20.0,50.0,2023,0.1406469760900141,134.9,0.805,2.55,Safe
2870,RIVER THOUBAL AT SHONG KONG,MANIPUR,18.0,7.2,7.2,210.0,1.0,0.4,15.0,50.0,2023,0.13869625520110956,129.6,0.8975,3.05,Safe
2856,RIVER THOUBAL AT YAIRIPOK,MANIPUR,19.0,7.0,7.2,220.0,1.0,0.4,45.0,95.0,2023,0.14265335235378032,133.0,1.03,3.72,Safe
2871,RIVER THOUBAL KONG NEAR YAOLEN VILLAGE,MANIPUR,19.0,6.7,7.2,220.0,1.0,0.4,20.0,50.0,2023,0.14903129657228018,127.3,0.925,3.19,Safe
2853,RIVER THOUBAL ON MAPITHEL DAM,MANIPUR,19.0,7.1,7.3,150.0,1.0,0.4,15.0,55.0,2023,0.1406469760900141,134.9,0.785,2.44,Safe
2855,RIVER WANGJING AT HEIROK,MANIPUR,19.0,7.1,7.1,160.0,1.0,0.4,45.0,80.0,2023,0.1406469760900141,134.9,0.8875000000000001,3.0,Safe
2876,RIVER WANGJING AT WANGJING,MANIPUR,19.0,7.2,7.1,190.0,1.0,0.4,6.0,130.0,2023,0.13869625520110956,136.8,0.964,3.39,Safe
3357,"RIVER UMNGOT AT SMIT,",MEGHALAYA,8.0,6.7,6.6,36.0,1.0,0.4,10.0,350.0,2023,0.14903129657228018,53.6,0.992,3.53,Safe
3358,RIVER UMNGOT AT DAWKI,MEGHALAYA,13.0,7.3,6.9,35.0,1.0,0.4,2.0,23.0,2023,0.13679890560875513,94.89999999999999,0.48750000000000004,0.63,Safe
3375,RIVER LUNAR AT MYNDIHATI (TRIBUTARY OF LUKHA),MEGHALAYA,14.0,6.4,2.5,630.0,1.0,0.4,2.0,2.0,2023,0.15600624024961,89.60000000000001,1.646,6.35,Safe
3376,RIVER LUKHA AT SONAPUR,MEGHALAYA,14.0,6.8,6.8,143.0,1.0,0.4,2.0,70.0,2023,0.14684287812041116,95.2,0.7739999999999999,2.38,Safe
3384,RIVER BUGI AT DALU,MEGHALAYA,15.0,6.7,7.0,65.0,1.0,0.4,48.0,540.0,2023,0.14903129657228018,100.5,1.392,5.35,Safe
3383,RIVER BUGI AT MIBONPARA,MEGHALAYA,15.0,6.9,7.1,64.0,1.0,0.4,23.0,330.0,2023,0.1447178002894356,103.5,1.0374999999999999,3.76,Safe
4112,RIVER GANOL AT GAROBADHA,MEGHALAYA,16.0,6.6,6.9,58.0,1.0,0.4,10.0,280.0,2023,0.15128593040847202,105.6,0.931,3.22,Safe
1632,RIVER GANOL TURA,MEGHALAYA,15.0,6.9,6.9,53.0,1.0,0.4,79.0,540.0,2023,0.1447178002894356,103.5,1.4145,5.44,Safe
3355,RIVER UMIAM MAWPHLANG AT MAWPHLANG,MEGHALAYA,9.0,6.7,6.7,33.0,1.0,0.4,11.0,240.0,2023,0.14903129657228018,60.300000000000004,0.8225,2.65,Safe
3353,RIVER UMIAM MAWPHLANG AT NONGKREM,MEGHALAYA,10.0,6.4,6.6,42.0,1.0,0.4,130.0,840.0,2023,0.15600624024961,64.0,1.919,7.33,Safe
3356,RIVER UMIAM MAWPHLANG AT SHELLA,MEGHALAYA,16.0,7.0,7.1,76.0,1.0,0.4,2.0,38.0,2023,0.14265335235378032,112.0,0.5920000000000001,1.31,Safe
3354,RIVER UMIAM MAWPHLANG AT UMTYNGNGAR,MEGHALAYA,12.0,6.9,6.7,40.0,1.0,0.4,27.0,120.0,2023,0.1447178002894356,82.80000000000001,0.6805000000000001,1.84,Safe
3352,RIVER UMKHEN AT DIENGPASOH,MEGHALAYA,12.0,6.8,6.9,35.0,1.0,0.4,7.0,210.0,2023,0.14684287812041116,81.6,0.7755000000000001,2.39,Safe
3351,"RIVER UMKHEN AT KSEHPONGDENG,",MEGHALAYA,10.0,6.6,6.7,38.0,1.0,0.4,9.0,210.0,2023,0.15128593040847202,66.0,0.7845,2.44,Safe
3350,"RIVER UMKHEN AT WAH KDAIT,",MEGHALAYA,14.0,6.2,6.7,48.0,1.0,0.4,11.0,280.0,2023,0.1610305958132045,86.8,0.9125,3.13,Safe
3359,"RIVER UMKHRAH AT DEMTHRING, SHILLONG",MEGHALAYA,14.0,0.3,6.7,251.0,1.0,0.4,4300.0,17000.0,2023,3.2258064516129035,4.2,32.832,31.67,Moderate
3361,"RIVER UMKHRAH AT MAWLAI, NEAR SLAUGHTER HOUSE",MEGHALAYA,14.0,0.3,6.7,289.0,1.0,0.4,21000.0,63000.0,2023,3.2258064516129035,4.2,126.958,44.88,Moderate
3362,"RIVER UMKHRAH AT MAWPDANG, MAWLAI",MEGHALAYA,14.0,0.3,6.7,326.0,1.0,0.4,14000.0,46000.0,2023,3.2258064516129035,4.2,91.032,41.61,Moderate
3360,"RIVER UMKHRAH AT UMKALIAR, SHILLONG",MEGHALAYA,14.0,2.4,6.7,226.0,1.0,0.4,2500.0,5200.0,2023,0.4149377593360996,33.6,12.382,22.45,Safe
3364,"RIVER UMSHYRPI AT LAW COLLEGE, DHANKETI,",MEGHALAYA,14.0,0.3,6.7,230.0,1.0,0.4,17000.0,70000.0,2023,3.2258064516129035,4.2,131.34,45.22,Moderate
3363,RIVER UMSHYRPI AT RISA COLONY,MEGHALAYA,10.0,7.0,6.7,32.0,1.0,0.4,2.0,63.0,2023,0.14265335235378032,70.0,0.5415,0.98,Safe
3365,RIVER UMSHYRPI AT UMSHYRPI BRIDGE,MEGHALAYA,13.0,0.9,6.7,162.0,1.0,0.4,2700.0,14000.0,2023,1.0989010989010988,11.700000000000001,25.753999999999998,29.34,Moderate
1427,RIVER UMTREW AT BYRNIHAT EAST,MEGHALAYA,14.0,6.8,6.8,41.0,1.0,0.4,330.0,2100.0,2023,0.14684287812041116,95.2,4.107,12.88,Safe
3366,"RIVER UMTREW AT UMRAN,",MEGHALAYA,14.0,6.8,6.9,36.0,1.0,0.4,7.0,110.0,2023,0.14684287812041116,95.2,0.6275000000000001,1.52,Safe
4111,RIVER SIMSANG AT NANGALBIBRA BRIDGE,MEGHALAYA,16.0,7.0,6.9,51.0,1.0,0.4,6.0,230.0,2023,0.14265335235378032,112.0,0.836,2.72,Safe
4326,RIVER SIMSANG AT BAGHMARA,MEGHALAYA,16.0,7.2,7.0,59.0,1.0,0.4,23.0,430.0,2023,0.13869625520110956,115.2,1.1774999999999998,4.42,Safe
2424,RIVER BUDHABALANGA AT BALASORE D/S,ODISHA,20.0,5.2,6.9,134.0,1.0,0.4,330.0,1700.0,2023,0.19193857965451055,104.0,3.6929999999999996,12.04,Safe
2425,"RIVER KERANDI (INTAKE WELL OF NALCO REFINARY, HAL, SUNABEDA)",ODISHA,15.0,4.9,6.8,70.0,1.0,0.4,45.0,170.0,2023,0.20366598778004072,73.5,0.8425,2.76,Safe
1642,RIVER NAGAVALI AT JAYKAYPUR D/S,ODISHA,11.0,6.3,6.9,145.0,1.0,0.4,230.0,490.0,2023,0.1584786053882726,69.3,1.75,6.74,Safe
2422,"RIVER NAGAVALI AT PENTA U/S, JAYKAYPUR TOWN",ODISHA,1.0,6.9,6.7,135.0,1.0,0.4,130.0,490.0,2023,0.1447178002894356,6.9,1.58,6.1,Safe
1643,RIVER NAGAVALI AT RAYAGADA D/S,ODISHA,10.0,6.9,6.9,155.0,1.0,0.4,330.0,1100.0,2023,0.1447178002894356,69.0,2.835,10.04,Safe
3945,RIVER RUSHIKULYA AT ASKA,ODISHA,21.0,5.0,7.1,210.0,1.0,0.4,130.0,790.0,2023,0.1996007984031936,105.0,2.18,8.18,Safe
1456,RIVER RUSHIKULYA AT GANJAM D/S (NEAR POTTAGARH PORT),ODISHA,19.0,5.2,7.4,320.0,1.0,0.4,78.0,330.0,2023,0.19193857965451055,98.8,1.632,6.3,Safe
1455,"RIVER RUSHIKULYA AT GANJAM U/S (NEAR BABA TOLEKESWAR TEMPLE, KARAPADA) MADHOPUR",ODISHA,19.0,5.9,7.4,250.0,1.0,0.4,130.0,330.0,2023,0.1692047377326565,112.10000000000001,1.5699999999999998,6.06,Safe
3947,RIVER RUSHIKULYA AT NALABANTA,ODISHA,18.0,5.4,7.2,238.0,1.0,0.4,170.0,490.0,2023,0.18484288354898337,97.2,1.846,7.08,Safe
2426,RIVER VAMSADHARA AT MUNIGUDA (D/S OF M/S VEDANTA ALUMINA PROJECT),ODISHA,11.0,6.8,6.9,133.0,1.0,0.4,130.0,700.0,2023,0.14684287812041116,74.8,1.891,7.23,Safe
2427,RIVER VAMSADHARA AT GUNUPUR (INTERSTATE BOUNDRY),ODISHA,10.0,6.6,6.8,140.0,1.0,0.4,78.0,330.0,2023,0.15128593040847202,66.0,1.2719999999999998,4.84,Safe
3946,RIVER BADA NADI AT ASKA,ODISHA,20.0,5.0,6.9,230.0,1.0,0.4,330.0,790.0,2023,0.1996007984031936,100.0,2.52,9.19,Safe
3949,RIVER BAHUDA AT DAMODARPALLY,ODISHA,18.0,5.4,7.5,330.0,1.0,0.4,130.0,790.0,2023,0.18484288354898337,97.2,2.42,8.9,Safe
4087,"RIVER GANGAVALI RIVER, NEAR BRIDGE, ANKOLA",KARNATAKA,23.0,7.5,7.1,128.0,1.0,0.4,70.0,109.0,2023,0.13315579227696406,172.5,0.9045,3.09,Safe
4088,"RIVER AGHANASHINI , NEAR BRIDGE, KUMATA",KARNATAKA,22.0,7.1,6.9,69.0,1.0,0.4,49.0,84.0,2023,0.1406469760900141,156.2,0.7175,2.06,Safe
4089,RIVER GUNDABAI AT HADINABAI BRIDGE,KARNATAKA,20.0,7.3,6.9,77.0,1.0,0.4,38.0,70.0,2023,0.13679890560875513,146.0,0.696,1.93,Safe
4090,RIVER SHARAVATHI NEAR BRIDGE AT HONNAVARA,KARNATAKA,20.0,7.2,7.1,62.0,1.0,0.4,39.0,63.0,2023,0.13869625520110956,144.0,0.657,1.7,Safe
4091,RIVER VENKATPUR NEAR KADIVINAKATTE DAM,KARNATAKA,20.0,7.2,7.1,58.0,1.0,0.4,38.0,53.0,2023,0.13869625520110956,144.0,0.6325,1.55,Safe
4107,"RIVER DAKSHINA PINAKINI NEAR MUGALUR BRIDGE MUGALUR, BENGALURU",KARNATAKA,22.0,0.3,6.8,960.0,1.0,0.4,3300.0,54000.0,2023,3.2258064516129035,6.6,88.25,41.3,Moderate
1328,RIVER TAMBIRAPARANI AT THIRUVIDAIMARUTHUR,TAMIL NADU,25.0,4.8,6.2,47.0,1.0,0.4,8.0,20.0,2023,0.2079002079002079,120.0,0.516,0.82,Safe
1161,"RIVER TAMBIRAPARANI AT TIRUNELVELI, COLLECTORATE,",TAMIL NADU,25.0,4.3,6.5,98.0,1.0,0.4,8.0,24.0,2023,0.2320185614849188,107.5,0.6240000000000001,1.5,Safe
3028,"RIVER TAMBIRAPARANI AT VELLAKOIL, TIRUNELVELI,",TAMIL NADU,26.0,4.3,6.5,112.0,1.0,0.4,9.0,21.0,2023,0.2320185614849188,111.8,0.649,1.65,Safe
10062,RIVER TAMRABARANI AT TIRUNELVELI D/S,TAMIL NADU,25.0,4.8,6.8,108.0,1.0,0.4,11.0,21.0,2023,0.2079002079002079,120.0,0.644,1.62,Safe
3405,"RIVER BURIGAON AT BISHALGARH, WEST TRIPURA",TRIPURA,21.0,5.1,7.0,131.0,1.0,0.4,43.0,140.0,2023,0.19569471624266147,107.1,0.9165,3.15,Safe
4645,RIVER CHELIKHOLA D/S OF BURIGAON,TRIPURA,21.0,5.2,7.0,127.0,1.0,0.4,39.0,120.0,2023,0.19193857965451055,109.2,0.8725,2.92,Safe
4646,RIVER GOLAGHATI U/S OF BURIGAON RIVER,TRIPURA,21.0,5.3,7.1,130.0,1.0,0.4,34.0,110.0,2023,0.18832391713747648,111.3,0.8560000000000001,2.83,Safe
4655,RIVER DEO AT KANCHANPUR,TRIPURA,20.5,5.3,7.0,142.0,1.0,0.4,27.0,94.0,2023,0.18832391713747648,108.64999999999999,0.8454999999999999,2.77,Safe
3422,"RIVER DEO AT PECHARTHAL D/S, NORTH TRIPURA",TRIPURA,21.0,5.3,6.9,118.0,1.0,0.4,27.0,84.0,2023,0.18832391713747648,111.3,0.7825,2.43,Safe
4219,RIVER DEO AT SANTIPUR,TRIPURA,21.0,5.2,7.0,130.0,1.0,0.4,31.0,94.0,2023,0.19193857965451055,109.2,0.8275,2.68,Safe
4220,RIVER DEO AT SUBASH NAGAR,TRIPURA,20.5,5.4,6.5,122.0,1.0,0.4,26.0,84.0,2023,0.18484288354898337,110.7,0.789,2.46,Safe
3414,"RIVER DHALAI AT CHANDRAIPARA, D/S OF AMBASSA TOWN, DHALAI",TRIPURA,20.5,5.3,7.0,114.0,1.0,0.4,21.0,70.0,2023,0.18832391713747648,108.64999999999999,0.7444999999999999,2.21,Safe
3415,"RIVER DHALAI AT KAMALPUR D/S, DHALAI",TRIPURA,21.0,5.3,6.9,111.0,1.0,0.4,21.0,63.0,2023,0.18832391713747648,111.3,0.7280000000000001,2.12,Safe
3416,"RIVER DHALAI AT MANIK BHANDHER, DHALAI",TRIPURA,20.5,5.3,7.0,122.0,1.0,0.4,27.0,70.0,2023,0.18832391713747648,108.64999999999999,0.7695,2.36,Safe
3411,"RIVER FENI AT CHOTOKHIL BATTALA, SOUTH TRIPURA",TRIPURA,21.0,5.5,7.0,119.0,1.0,0.4,31.0,94.0,2023,0.18148820326678766,115.5,0.8055,2.56,Safe
3410,"RIVER FENI AT SABROOM (INTERSTATE BOUNDARY), SOUTH TRIPURA",TRIPURA,21.0,5.4,6.9,128.0,1.0,0.4,31.0,94.0,2023,0.18484288354898337,113.4,0.8235,2.65,Safe
3407,"RIVER GUMTI AT AMARPUR, SOUTH TRIPURA",TRIPURA,21.0,5.6,7.1,127.0,1.0,0.4,27.0,94.0,2023,0.17825311942959005,117.6,0.8155,2.61,Safe
1404,"RIVER GUMTI AT D/S SOUTH TRIPURA, TRIPURA",TRIPURA,21.0,5.1,7.2,157.0,1.0,0.4,47.0,130.0,2023,0.19569471624266147,107.1,0.9595,3.37,Safe
3406,"RIVER GUMTI AT RAJDHARNAGAR, SOUTH TRIPURA",TRIPURA,21.0,5.2,6.9,129.0,1.0,0.4,39.0,110.0,2023,0.19193857965451055,109.2,0.8615,2.86,Safe
3409,"RIVER GUMTI AT SUBHAS SETU, DHAJANAGAR, D/S UDAIPUR CITY, SOUTH TRIPURA",TRIPURA,21.0,5.2,7.0,123.0,1.0,0.4,41.0,110.0,2023,0.19193857965451055,109.2,0.8525,2.81,Safe
3408,"RIVER GUMTI AT THIRTHAMUKH, SOUTH TRIPURA",TRIPURA,21.0,5.6,7.1,111.0,1.0,0.4,31.0,110.0,2023,0.17825311942959005,117.6,0.8135000000000001,2.6,Safe
1403,"RIVER GUMTI AT U/S SOUTH TRIPURA, TRIPURA",TRIPURA,21.0,5.2,7.2,130.0,1.0,0.4,39.0,94.0,2023,0.19193857965451055,109.2,0.8395,2.74,Safe
3401,"RIVER HAORA AT ARALIA, WEST TRIPURA",TRIPURA,21.0,5.1,6.7,141.0,1.0,0.4,43.0,150.0,2023,0.19569471624266147,107.1,0.9514999999999999,3.33,Safe
4640,"RIVER HAORA AT BORDOWALI, HAORA",TRIPURA,21.0,5.2,7.0,143.0,1.0,0.4,58.0,140.0,2023,0.19193857965451055,109.2,0.9629999999999999,3.39,Safe
3397,"RIVER HAORA AT DASHAMIGHAT, WEST TRIPURA",TRIPURA,21.0,4.9,6.9,153.0,1.0,0.4,49.0,350.0,2023,0.20366598778004072,102.9,1.2845,4.89,Safe
3403,"RIVER HAORA AT JOYNAGAR, WEST TRIPURA",TRIPURA,20.5,5.6,6.8,122.0,1.0,0.4,25.0,94.0,2023,0.17825311942959005,114.8,0.8025,2.54,Safe
3402,"RIVER HAORA AT KALABAGAN, WEST TRIPURA",TRIPURA,20.5,5.5,7.2,122.0,1.0,0.4,23.0,94.0,2023,0.18148820326678766,112.75,0.7995,2.52,Safe
1726,"RIVER HAORA D/S OF CHANDRAPUR, AGARTALA D/S OF TRIPURA",TRIPURA,21.5,5.5,7.0,154.0,1.0,0.4,38.0,130.0,2023,0.18148820326678766,118.25,0.9400000000000002,3.27,Safe
4654,RIVER JURI AT CHAMTALI,TRIPURA,20.5,5.3,6.9,127.0,1.0,0.4,31.0,94.0,2023,0.18832391713747648,108.64999999999999,0.8215,2.64,Safe
3421,"RIVER JURI AT KRISHNAPUR, D/S OF DHARMANAGAR, NORTH TRIPURA",TRIPURA,20.0,5.4,7.0,127.0,1.0,0.4,25.0,70.0,2023,0.18484288354898337,108.0,0.7765,2.39,Safe
3400,"RIVER KHOWAI AT CHAKMAGHAT, WEST TRIPURA",TRIPURA,21.0,5.2,6.9,122.0,1.0,0.4,22.0,49.0,2023,0.19193857965451055,109.2,0.7305,2.13,Safe
3404,"RIVER KHOWAI AT KARAILONG, TELIAMURA, WEST TRIPURA",TRIPURA,20.5,5.3,6.9,113.0,1.0,0.4,27.0,63.0,2023,0.18832391713747648,108.64999999999999,0.741,2.19,Safe
3399,"RIVER KHOWAI AT KUMARI MADHUTI SETU, WEST TRIPURA",TRIPURA,20.5,5.6,6.9,127.0,1.0,0.4,31.0,110.0,2023,0.17825311942959005,114.8,0.8455,2.77,Safe
3398,"RIVER KHOWAI AT TRISHA BARI, TELIAMURA, WEST TRIPURA",TRIPURA,21.0,5.4,7.0,124.0,1.0,0.4,31.0,94.0,2023,0.18484288354898337,113.4,0.8155,2.61,Safe
3420,"RIVER LONGAI AT DAMCHERRA (INTERSTATE BOUNDRY), NORTH TRIPURA",TRIPURA,19.5,5.5,7.0,133.0,1.0,0.4,25.0,70.0,2023,0.18148820326678766,107.25,0.7885,2.46,Safe
3412,"RIVER MUHARI AT BANKAR (INTERSTATE BOUNDRY), BELONIA, SOUTH TRIPURA",TRIPURA,21.0,5.7,7.1,118.0,1.0,0.4,31.0,94.0,2023,0.17513134851138354,119.7,0.8035,2.54,Safe
3413,"RIVER MUHARI AT MUHARICHAR, SOUTH TRIPURA",TRIPURA,21.0,5.6,6.9,119.0,1.0,0.4,22.0,84.0,2023,0.17825311942959005,117.6,0.777,2.4,Safe
,,,21.0,5.7,7.2,232.0,1.0,0.4,11.0,90.0,2023,0.17513134851138354,119.7,0.9954999999999999,3.55,Safe
1292,"RIVER BEAS AT PONG DAM ,PONG VILLAGE",HIMACHAL PRADESH,7.0,5.7,7.5,157.0,1.0,0.4,2.0,220.0,2023,0.17513134851138354,39.9,1.0270000000000001,3.7,Safe
1009,RIVER BEAS AT D/S PONG DAM,HIMACHAL PRADESH,8.0,5.7,7.4,158.0,1.0,0.4,2.0,170.0,2023,0.17513134851138354,45.6,0.9540000000000001,3.34,Safe
1008,RIVER BEAS AT D/S DEHRAGOPIPUR,HIMACHAL PRADESH,15.0,5.7,7.2,107.0,1.0,0.4,2.0,40.0,2023,0.17513134851138354,85.5,0.657,1.7,Safe
4435,RIVER BEAS U/S SUJANPUR TIHRA,HIMACHAL PRADESH,15.0,5.7,6.9,241.0,1.0,0.4,2.0,17.0,2023,0.17513134851138354,85.5,0.8905000000000001,3.01,Safe
4436,RIVER BEAS D/S SUJANPUR TIHRA,HIMACHAL PRADESH,14.9,5.7,7.0,229.0,1.0,0.4,2.0,17.0,2023,0.17513134851138354,84.93,0.8665,2.89,Safe
4437,RIVER BEAS U/S NADAUM TOWN,HIMACHAL PRADESH,15.6,5.7,7.4,241.0,1.0,0.4,2.0,17.0,2023,0.17513134851138354,88.92,0.8905000000000001,3.01,Safe
4438,RIVER BEAS D/S NADAUN TOWN AFTER CONFLUENCE OF MAAN KHAD,HIMACHAL PRADESH,15.5,5.7,7.2,216.0,1.0,0.4,2.0,21.0,2023,0.17513134851138354,88.35000000000001,0.8465,2.78,Safe
4443,RIVER BEAS AT RAISON,HIMACHAL PRADESH,3.0,5.7,6.8,53.0,1.0,0.4,47.0,220.0,2023,0.17513134851138354,17.1,0.8865000000000001,2.99,Safe
5765,RIVER BEAS D/S NEW BAJAURA BRIDGE,HIMACHAL PRADESH,4.0,5.7,7.0,56.0,1.0,0.4,58.0,280.0,2023,0.17513134851138354,22.8,0.9989999999999999,3.57,Safe
30083,RIVER BEAS AT TALWARA (PONG DAM),HIMACHAL PRADESH,17.5,5.7,8.1,174.0,1.0,0.4,11.0,46.0,2023,0.17513134851138354,99.75,0.8134999999999999,2.6,Safe
30084,"RIVER BEAS AT D/S CHANGARWA VILLAGE, (PUNJAB)",PUNJAB,18.0,5.7,8.0,201.0,1.0,0.4,110.0,270.0,2023,0.17513134851138354,102.60000000000001,1.352,5.18,Safe
1693,"RIVER BEAS AT TALWARA H/W, PUNJAB",PUNJAB,13.0,5.7,7.4,178.0,1.0,0.4,18.0,70.0,2023,0.17513134851138354,74.10000000000001,0.868,2.89,Safe
1694,"RIVER BEAS AT U/S PATHANKOT, PUNJAB",PUNJAB,11.0,5.7,7.7,198.0,1.0,0.4,27.0,110.0,2023,0.17513134851138354,62.7,0.9815,3.48,Safe
1010,"RIVER BEAS AT MIRTHAL BRIDGE, GURDASPUR",PUNJAB,11.0,5.7,7.5,204.0,1.0,0.4,26.0,94.0,2023,0.17513134851138354,62.7,0.9680000000000001,3.41,Safe
1695,"RIVER BEAS D/S PATHANKOT, PUNJAB",PUNJAB,11.0,5.7,7.5,218.0,1.0,0.4,31.0,120.0,2023,0.17513134851138354,62.7,1.0425,3.78,Safe
1294,"RIVER BEAS AT 1KM.D/S OF EFFL. DISH. POINT AT
MUKERIAN , PUNJAB",PUNJAB,15.0,5.7,7.6,203.0,1.0,0.4,27.0,110.0,2023,0.17513134851138354,85.5,0.9915,3.53,Safe
1696,"RIVER BEAS U/S GOINDWAL, PUNJAB",PUNJAB,14.0,5.7,7.5,191.0,1.0,0.4,68.0,220.0,2023,0.17513134851138354,79.8,1.194,4.49,Safe
1697,"RIVER BEAS AT HARIKE, PUNJAB",PUNJAB,14.0,5.7,7.7,201.0,1.0,0.4,120.0,280.0,2023,0.17513134851138354,79.8,1.382,5.31,Safe
1011,RIVER BEAS AT G.T. ROAD UNDER BDG. NEAR KAPURTHALA,PUNJAB,16.0,5.7,7.8,190.0,1.0,0.4,63.0,220.0,2023,0.17513134851138354,91.2,1.1845,4.45,Safe
1012,RIVER BEAS AT 100M D/S INDUST. DISCH. GOINDWAL,PUNJAB,14.0,5.7,7.8,203.0,1.0,0.4,93.0,260.0,2023,0.17513134851138354,79.8,1.3155000000000001,5.03,Safe
4164,"RIVER BEAS RIVER, NR VILL KIRI AFGHANA, TEHSIL BATALA, GURDASPUR",PUNJAB,16.0,5.7,7.7,192.0,1.0,0.4,33.0,140.0,2023,0.17513134851138354,91.2,1.0235,3.69,Safe
5504,RIVER BEAS AT  KARMOWALA  VILLAGE,PUNJAB,26.0,5.7,7.9,211.0,1.0,0.4,84.0,260.0,2023,0.17513134851138354,148.20000000000002,1.318,5.04,Safe
5505,RIVER BEAS AT  CHAMBA KALAN,PUNJAB,26.0,5.7,7.9,208.0,1.0,0.4,70.0,220.0,2023,0.17513134851138354,148.20000000000002,1.231,4.66,Safe
5506,RIVER BEAS AT KAMBOH DAHIWALA,PUNJAB,26.0,5.7,7.8,209.0,1.0,0.4,94.0,280.0,2023,0.17513134851138354,148.20000000000002,1.359,5.21,Safe
4033,RIVER SUTLEJ NEAR LUHNOO GROUND,HIMACHAL PRADESH,10.0,5.7,6.8,150.0,1.0,0.4,33.0,240.0,2023,0.17513134851138354,57.0,1.0895000000000001,4.01,Safe
4450,RIVER SUTLEJ BEFORE CONFLUENCE WITH GANVI KHAND,HIMACHAL PRADESH,7.0,5.7,7.5,117.0,1.0,0.4,5.0,17.0,2023,0.17513134851138354,39.9,0.6469999999999999,1.64,Safe
4451,RIVER SUTLEJ AFTER CONFLUENCE WITH GANVI KHAD,HIMACHAL PRADESH,7.5,5.7,7.6,100.0,1.0,0.4,7.0,17.0,2023,0.17513134851138354,42.75,0.616,1.45,Safe
30009,RIVER SUTLEJ AT NANGAL (H.P.),HIMACHAL PRADESH,16.5,5.7,7.9,230.0,1.0,0.4,20.0,460.0,2023,0.17513134851138354,94.05,1.56,6.02,Safe
1014,RIVER SUTLEJ U/S OF EXIT POINT OF DEHAR POWER HOUSE,HIMACHAL PRADESH,9.0,5.7,5.7,96.0,1.0,0.4,22.0,70.0,2023,0.17513134851138354,51.300000000000004,0.7100000000000001,2.02,Safe
1015,RIVER SUTLEJ D/S OF EXIT POINT OF DEHAR POWER HOUSE,HIMACHAL PRADESH,9.0,5.7,7.3,94.0,1.0,0.4,32.0,110.0,2023,0.17513134851138354,51.300000000000004,0.7810000000000001,2.42,Safe
1016,RIVER SUTLEJ D/S BHAKHRA,HIMACHAL PRADESH,16.0,5.7,6.9,203.0,1.0,0.4,2.0,13.0,2023,0.17513134851138354,91.2,0.8085,2.57,Safe
30087,"RIVER SUTLEJ U/S AT OLINDA, NEAR BHAKRA DAM, H.P.",HIMACHAL PRADESH,19.0,5.7,7.9,223.0,1.0,0.4,2.0,13.0,2023,0.17513134851138354,108.3,0.8485,2.79,Safe
30088,"RIVER SUTLEJ D/S OLINDA, NEAR BHAKRA DAM, H.P.",HIMACHAL PRADESH,18.5,5.7,8.0,217.0,1.0,0.4,4.0,14.0,2023,0.17513134851138354,105.45,0.8410000000000001,2.75,Safe
30010,RIVER SUTLEJ AT NOORPUR BEDI ROAD (PUNJAB),PUNJAB,19.5,5.7,7.7,257.0,1.0,0.4,200.0,1700.0,2023,0.17513134851138354,111.15,3.7439999999999998,12.15,Safe
1814,"RIVER SUTLEJ AT D/S KIRATPUR SAHIB, PUNJAB",PUNJAB,14.0,5.7,7.0,227.0,1.0,0.4,33.0,120.0,2023,0.17513134851138354,79.8,1.0635000000000001,3.88,Safe
1380,"RIVER SUTLEJ AT D/S NFL, PUNJAB",PUNJAB,16.0,5.7,7.4,206.0,1.0,0.4,17.0,70.0,2023,0.17513134851138354,91.2,0.9225,3.18,Safe
2915,"RIVER SUTLEJ AT 100 MT. D/S OF PACL, NANGAL",PUNJAB,16.0,5.7,7.6,207.0,1.0,0.4,20.0,79.0,2023,0.17513134851138354,91.2,0.9425000000000001,3.28,Safe
10020,RIVER SUTLEJ AT ANANDPUR SAHIB,PUNJAB,15.0,5.7,7.1,202.0,1.0,0.4,22.0,110.0,2023,0.17513134851138354,85.5,0.9820000000000001,3.48,Safe
10021,RIVER SUTLEJ AT BUNGA SAHIB,PUNJAB,13.0,5.7,7.0,210.0,1.0,0.4,38.0,140.0,2023,0.17513134851138354,74.10000000000001,1.067,3.9,Safe
10022,RIVER SUTLEJ AT PHILLAUR U/S,PUNJAB,15.0,5.7,7.6,248.0,1.0,0.4,200.0,700.0,2023,0.17513134851138354,85.5,2.226,8.32,Safe
10023,RIVER SUTLEJ AT PHAGWARA U/S (CHAHERU BRIDGE),PUNJAB,15.0,5.7,7.2,518.0,1.0,0.4,330.0,1400.0,2023,0.17513134851138354,85.5,4.011,12.7,Safe
10024,"RIVER SUTLEJ AT PHAGWARA D/S (KANGANIWAL
BRIDGE)",PUNJAB,15.0,5.7,7.3,538.0,1.0,0.4,1100.0,6300.0,2023,0.17513134851138354,85.5,12.556,22.58,Safe
10027,RIVER SUTLEJ AT LUDHIANA U/S,PUNJAB,10.0,5.7,7.6,257.0,1.0,0.4,130.0,700.0,2023,0.17513134851138354,57.0,2.1390000000000002,8.05,Safe
10028,RIVER SUTLEJ AT LUDHIANA D/S,PUNJAB,13.0,5.7,7.2,247.0,1.0,0.4,17000.0,54000.0,2023,0.17513134851138354,74.10000000000001,107.374,43.23,Moderate
1017,"RIVER SUTLEJ AT 100M U/S OF HEADWORKS, NANGAL",PUNJAB,16.0,5.7,7.5,196.0,1.0,0.4,17.0,68.0,2023,0.17513134851138354,91.2,0.8995,3.06,Safe
1018,"RIVER SUTLEJ AT 100M D/S , NANGAL",PUNJAB,17.0,5.7,7.6,200.0,1.0,0.4,20.0,70.0,2023,0.17513134851138354,96.9,0.915,3.14,Safe
1293,"RIVER SUTLEJ AT 1 KM. D/S OF ZENITH, PUNJAB",PUNJAB,14.0,5.7,7.3,243.0,1.0,0.4,78.0,490.0,2023,0.17513134851138354,79.8,1.718,6.62,Safe
1019,RIVER SUTLEJ AT U/S HEAD WORKS ROPAR,PUNJAB,14.0,5.7,7.5,240.0,1.0,0.4,61.0,330.0,2023,0.17513134851138354,79.8,1.4465,5.57,Safe
1690,"RIVER SUTLEJ AT U/S BUDHA NALLAH (UPPER), PUNJAB",PUNJAB,12.0,5.7,7.4,259.0,1.0,0.4,210.0,790.0,2023,0.17513134851138354,68.4,2.398,8.84,Safe
1020,"RIVER SUTLEJ AT 100M D/S BUDHA NALA CONFL.,
LUDHIANA",PUNJAB,12.0,5.7,7.2,505.0,1.0,0.4,79000.0,220000.0,2023,0.17513134851138354,68.4,449.89,57.39,Risky
1022,"RIVER SUTLEJ AT BRIDGE HARIKE, AMRITSAR",PUNJAB,11.0,5.7,7.2,271.0,1.0,0.4,270.0,700.0,2023,0.17513134851138354,62.7,2.377,8.78,Safe
10025,"RIVER SUTLEJ AT JALANDHAR U/S (PEERU SHAH KA
DARGAH)",PUNJAB,15.0,5.7,6.9,937.0,1.0,0.4,63000.0,220000.0,2023,0.17513134851138354,85.5,426.754,56.87,Risky
10026,RIVER SUTLEJ AT JALANDHAR D/S (MALSIAN BRIDGE),PUNJAB,16.0,5.7,6.7,849.0,1.0,0.4,63000.0,210000.0,2023,0.17513134851138354,91.2,411.578,56.51,Risky
1021,"RIVER SUTLEJ AT BOAT BDG. DHARMKOTNAKODAR ROAD, JALANDHAR",PUNJAB,11.0,5.7,7.1,305.0,1.0,0.4,4900.0,17000.0,2023,0.17513134851138354,62.7,33.84,31.96,Moderate
1381,"RIVER SUTLEJ AT D/S EAST BEIN, PUNJAB",PUNJAB,12.0,5.7,7.1,300.0,1.0,0.4,7900.0,17000.0,2023,0.17513134851138354,68.4,38.33,33.16,Moderate
1691,"RIVER SUTLEJ AT U/S HUSSANIWALA - H/W FEROZEPUR,
PUNJAB",PUNJAB,12.0,5.7,7.0,248.0,1.0,0.4,110.0,540.0,2023,0.17513134851138354,68.4,1.851,7.09,Safe
1692,"RIVER SUTLEJ AT D/S HUSSANIWALA-H/W FEROZEPUR, PUNJAB",PUNJAB,12.0,5.7,6.9,251.0,1.0,0.4,170.0,540.0,2023,0.17513134851138354,68.4,1.947,7.42,Safe
Station Code,Monitoring Location,State Name,21.0,5.7,7.2,232.0,1.0,0.4,11.0,90.0,2023,0.17513134851138354,119.7,0.9954999999999999,3.55,Safe
4059,"RIVER RAVI AT RANJIT SAGAR DAM, AT PANAGAR (BASOHIL)",JAMMU & KASHMIR,12.0,5.7,7.5,109.0,1.0,0.4,11.0,90.0,2023,0.17513134851138354,68.4,0.7495,2.24,Safe
4060,RIVER RAVI AT DAM-SITE AT THEIN,JAMMU & KASHMIR,12.0,5.7,7.4,107.0,1.0,0.4,11.0,90.0,2023,0.17513134851138354,68.4,0.7455,2.22,Safe
4061,"RIVER RAVI AT LAKHANPUR, 1 KM D/S FROM MADHOPUR BRIDGE",JAMMU & KASHMIR,12.0,5.7,7.6,108.0,1.0,0.4,11.0,90.0,2023,0.17513134851138354,68.4,0.7475,2.23,Safe
1089,RIVER RAVI U/S CHAMBA,HIMACHAL PRADESH,10.0,5.7,7.5,141.0,1.0,0.4,2.0,21.0,2023,0.17513134851138354,57.0,0.6964999999999999,1.94,Safe
1088,RIVER RAVI AT U/S MADHOPUR,HIMACHAL PRADESH,9.0,5.7,7.4,164.0,1.0,0.4,2.0,130.0,2023,0.17513134851138354,51.300000000000004,0.9059999999999999,3.09,Safe
2614,RIVER RAVI  CHAMERA-I RESERVOIR,"HIMACHAL
PRADESH",11.0,5.7,6.9,158.0,1.0,0.4,2.0,110.0,2023,0.17513134851138354,62.7,0.8640000000000001,2.87,Safe
2615,RIVER RAVI  D/S  CHAMERA- III HEP DAM,HIMACHAL PRADESH,9.0,5.7,7.1,136.0,1.0,0.4,2.0,27.0,2023,0.17513134851138354,51.300000000000004,0.6955,1.93,Safe
2613,RIVER RAVI AT D/S OF CHAMBA TOWN,HIMACHAL PRADESH,10.0,5.7,7.5,130.0,1.0,0.4,2.0,26.0,2023,0.17513134851138354,57.0,0.682,1.85,Safe
3873,RIVER RAVI U/S STP AT BHARGA,HIMACHAL PRADESH,10.0,5.7,7.5,142.0,1.0,0.4,2.0,21.0,2023,0.17513134851138354,57.0,0.6984999999999999,1.95,Safe
3874,RIVER RAVI D/S STP AT BHAGOT,HIMACHAL PRADESH,10.0,5.7,7.5,140.0,1.0,0.4,2.0,32.0,2023,0.17513134851138354,57.0,0.711,2.02,Safe
30089,"RIVER RAVI AT LAKHANPUR,",JAMMU & KASHMIR,19.0,5.7,8.0,175.0,1.0,0.4,2200.0,7000.0,2023,0.17513134851138354,108.3,14.53,23.93,Safe
30085,RIVER RAVI AT MADHOPUR,PUNJAB,18.0,5.7,7.9,172.0,1.0,0.4,37.0,400.0,2023,0.17513134851138354,102.60000000000001,1.3795,5.3,Safe
1097,"RIVER RAVI AT U/S OF MADHOPUR HEADWORKS, GURDASPUR, PUNJAB",PUNJAB,11.0,5.7,7.5,152.0,1.0,0.4,18.0,70.0,2023,0.17513134851138354,62.7,0.8160000000000001,2.61,Safe
1290,RIVER PARVATI BEFORE CONF. TO RIVER BEAS AT BHUNTER,HIMACHAL PRADESH,4.0,5.7,6.5,42.0,1.0,0.4,43.0,220.0,2023,0.17513134851138354,22.8,0.8585,2.84,Safe
1090,RIVER SAINJ D/S LARJI,HIMACHAL PRADESH,6.0,5.7,7.0,60.0,1.0,0.4,22.0,94.0,2023,0.17513134851138354,34.2,0.674,1.8,Safe
2605,RIVER PARVATI AT U/S MANIKARAN,HIMACHAL PRADESH,3.0,5.7,6.8,40.0,1.0,0.4,17.0,63.0,2023,0.17513134851138354,17.1,0.5800000000000001,1.23,Safe
2606,RIVER PARVATI AT D/S MANIKARAN,HIMACHAL PRADESH,3.0,5.7,6.8,42.0,1.0,0.4,22.0,70.0,2023,0.17513134851138354,17.1,0.602,1.37,Safe
1551,RIVER SIRSA U/S SITOMAJRI NALLAH,HIMACHAL PRADESH,12.0,5.7,7.4,331.0,1.0,0.4,2.0,26.0,2023,0.17513134851138354,68.4,1.0839999999999999,3.98,Safe
1552,RIVER SIRSA D/S NALAGARH BRIDGE,HIMACHAL PRADESH,12.0,5.7,7.3,408.0,1.0,0.4,4.0,21.0,2023,0.17513134851138354,68.4,1.2335000000000003,4.67,Safe
1868,RIVER SIRSA  D/S NALAGARH  TOWN,HIMACHAL PRADESH,11.0,5.7,7.1,403.0,1.0,0.4,2.0,26.0,2023,0.17513134851138354,62.7,1.2279999999999998,4.64,Safe
4485,RIVER SIRSA U/S SANDHOLI NALLAH,HIMACHAL PRADESH,11.0,5.7,7.5,329.0,1.0,0.4,4.0,34.0,2023,0.17513134851138354,62.7,1.095,4.03,Safe
4486,RIVER BALD D/S LANDFILLSITE AT BADDI,HIMACHAL PRADESH,12.0,5.7,7.2,302.0,1.0,0.4,2.0,12.0,2023,0.17513134851138354,68.4,1.0050000000000001,3.6,Safe
4487,RIVER SIRSA D/S HOUSING BOARD NALLAH,HIMACHAL PRADESH,11.0,5.7,7.6,360.0,1.0,0.4,7.0,39.0,2023,0.17513134851138354,62.7,1.169,4.38,Safe
4489,RIVER SIRSA AFTER CONF. TO RIVER RATTA,HIMACHAL PRADESH,12.0,5.7,7.7,418.0,1.0,0.4,4.0,33.0,2023,0.17513134851138354,68.4,1.2715,4.84,Safe
30012,"RIVER SARSA AT BADDI , ,GHANOLI VILLAGE) PUNJAB",PUNJAB,19.0,5.7,7.6,330.0,1.0,0.4,3400.0,28000.0,2023,0.17513134851138354,108.3,48.14,35.38,Moderate
4161,"RIVER CONFLUENCE POINT OF SARSA NADI WITH
SUTLEJ, NR VILL ASPUR, ROOPNAGAR",PUNJAB,12.0,5.7,7.2,262.0,1.0,0.4,78.0,210.0,2023,0.17513134851138354,68.4,1.3359999999999999,5.11,Safe
2616,RIVER BAIRA SIUL  D/S SURGANI,HIMACHAL PRADESH,10.0,5.7,6.7,64.0,1.0,0.4,2.0,70.0,2023,0.17513134851138354,57.0,0.616,1.45,Safe
2607,SUKETI KHAD BEFORE CONF. WITH RIVER BEAS,HIMACHAL PRADESH,10.0,5.7,7.1,210.0,1.0,0.4,63.0,350.0,2023,0.17513134851138354,57.0,1.4195000000000002,5.46,Safe
2608,RIVER BINWA AT D/S PAPROLA/BAIJNATH,HIMACHAL PRADESH,15.0,5.7,7.3,57.0,1.0,0.4,2.0,49.0,2023,0.17513134851138354,85.5,0.5705,1.17,Safe
2609,NEUGAL KHAD  D/S THURAL,HIMACHAL PRADESH,12.0,5.7,7.1,88.0,1.0,0.4,2.0,70.0,2023,0.17513134851138354,68.4,0.664,1.74,Safe
2610,RIVER SPITI BEFORE CONF.WITH RIVER SUTLEJ AT KHAB,HIMACHAL PRADESH,7.0,5.7,7.6,129.0,1.0,0.4,2.0,2.0,2023,0.17513134851138354,39.9,0.644,1.62,Safe
2612,RIVER BASPA U/S RESERVOIR BASPA HEP AT KUPPA,HIMACHAL PRADESH,7.0,5.7,7.5,104.0,1.0,0.4,2.0,9.0,2023,0.17513134851138354,39.9,0.6045,1.38,Safe
5767,RIVER ANDHRA B/C TO RIVER PABBAR AT CHIRGAON,HIMACHAL PRADESH,6.0,5.7,7.0,42.0,1.0,0.4,2.0,2.0,2023,0.17513134851138354,34.2,0.47000000000000003,0.51,Safe
5769,BANOI KHAD AT KALAPUL ON CANT ROAD DHARAMSHALA,HIMACHAL PRADESH,12.0,5.7,7.5,79.0,1.0,0.4,2.0,26.0,2023,0.17513134851138354,68.4,0.5800000000000001,1.23,Safe
2755,"RIVER BANGANGA (BATHING GHAT), KATRA,",JAMMU & KASHMIR,11.0,5.7,8.1,280.0,1.0,0.4,11.0,500.0,2023,0.17513134851138354,62.7,1.7065,6.58,Safe
2756,"RIVER BANGANGA (IN FRONT OF PONY SHED NEAR
REASI BRIDGE)KATRA","JAMMU &
KASHMIR",11.0,5.7,8.0,264.0,1.0,0.4,11.0,700.0,2023,0.17513134851138354,62.7,1.9745,7.51,Safe
2752,"RIVER BASANTER U/S (R.H.S) SAMBA (BELOW NH-1A BRIDGE),",JAMMU & KASHMIR,7.8,5.7,7.3,234.0,1.0,0.4,11.0,700.0,2023,0.17513134851138354,44.46,1.9144999999999999,7.31,Safe
2753,RIVER BASANTER D/S(R.H.S.) SAMBA (AT CHAK MANGA GUJJAR,JAMMU & KASHMIR,14.0,5.7,7.5,224.0,1.0,0.4,11.0,600.0,2023,0.17513134851138354,79.8,1.7445,6.72,Safe
2747,"RIVER TAWI AT SURAJPUR CHATHA(10 KM D/S TAWI
BRIDGE)BELOW BRIDGE NEAR CHATHA MSW DUMPING SITE, J&K",JAMMU & KASHMIR,17.0,5.7,7.6,160.0,1.0,0.4,11.0,600.0,2023,0.17513134851138354,96.9,1.6164999999999998,6.24,Safe
2748,RIVER CHENAB AT L.H.S.(BELOW BRIDGE CHENAB),"JAMMU &
KASHMIR",9.0,5.7,7.1,110.0,1.0,0.4,11.0,90.0,2023,0.17513134851138354,51.300000000000004,0.7515000000000001,2.25,Safe
2749,RIVER CHENAB AT BLIND CURVE SHAMSHAN GHAT (1.5 KM U/S FROM SPOT),JAMMU & KASHMIR,9.0,5.7,7.2,110.0,1.0,0.4,11.0,90.0,2023,0.17513134851138354,51.300000000000004,0.7515000000000001,2.25,Safe
2750,RIVER CHENAB AT CHADRA GAON VIEW POINT(4 KM U/S FROM SPOT),JAMMU & KASHMIR,9.0,5.7,7.2,110.0,1.0,0.4,11.0,90.0,2023,0.17513134851138354,51.300000000000004,0.7515000000000001,2.25,Safe
2751,"RIVER CHENAB AT JAL PATAN MANDIR AFTER MEETING WITH MAIN DRAIN OF AKHNOOR CITY(1.5 KMD/S FROM
SPOT)",JAMMU & KASHMIR,9.0,5.7,7.3,114.0,1.0,0.4,11.0,600.0,2023,0.17513134851138354,51.300000000000004,1.5244999999999997,5.89,Safe
2754,"RIVER DEVAK UDHAMPUR(NEAR SHIV MANDIR
D/S)L.H.S.","JAMMU &
KASHMIR",16.0,5.7,7.9,312.0,1.0,0.4,11.0,800.0,2023,0.17513134851138354,91.2,2.2205,8.3,Safe
2757,RIVER DEVAK AT UTTERBEHNI,JAMMU & KASHMIR,17.0,5.7,7.6,164.0,1.0,0.4,11.0,90.0,2023,0.17513134851138354,96.9,0.8594999999999999,2.85,Safe
4058,"RIVER DEVAK AT PURMANDAL, NEAR TEMPLE",JAMMU & KASHMIR,17.0,5.7,8.3,412.0,1.0,0.4,11.0,90.0,2023,0.17513134851138354,96.9,1.3555000000000001,5.2,Safe
4062,"RIVER DEVAK 2 KM D/S FROM SHIV MANDIR AT UDHAMPUR,",JAMMU & KASHMIR,16.0,5.7,7.6,300.0,1.0,0.4,11.0,700.0,2023,0.17513134851138354,91.2,2.0465,7.75,Safe
4063,"RIVER DEVAK ABOUT 10 KM D/S FROM SHIV MANDIR, BELOW RAILWAY BRIDGE, UDHAMPUR",JAMMU & KASHMIR,16.0,5.7,7.3,286.0,1.0,0.4,11.0,700.0,2023,0.17513134851138354,91.2,2.0185,7.66,Safe
4081,SURAN RIVER BELOW SHER-E-KASHMIR BRIDGE AT POONCH,JAMMU & KASHMIR,17.0,5.7,7.5,110.0,1.0,0.4,11.0,90.0,2023,0.17513134851138354,96.9,0.7515000000000001,2.25,Safe
3277,RIVER JHELUM AT BARAMULLA D/S,JAMMU & KASHMIR,5.5,5.7,7.4,160.0,1.0,0.4,11.0,90.0,2023,0.17513134851138354,31.35,0.8515,2.81,Safe
1410,"RIVER JHELAM AT DALAGATE (INLET), SRINAGAR",JAMMU & KASHMIR,6.1,5.7,7.3,155.0,1.0,0.4,11.0,90.0,2023,0.17513134851138354,34.769999999999996,0.8415,2.75,Safe
1411,RIVER JHELAM AT CHATTABAL WEIR (OUTLET,JAMMU & KASHMIR,7.3,5.7,7.3,154.0,1.0,0.4,11.0,90.0,2023,0.17513134851138354,41.61,0.8395,2.74,Safe
3272,RIVER JHELUM AT VERINAG,JAMMU & KASHMIR,7.0,5.7,7.1,152.0,1.0,0.4,11.0,90.0,2023,0.17513134851138354,39.9,0.8355,2.72,Safe
3273,"RIVER JHELUM AT SANGAM, CONFLUENCE POINT OF
VISHAV NALLAH","JAMMU &
KASHMIR",8.0,5.7,7.7,120.0,1.0,0.4,11.0,90.0,2023,0.17513134851138354,45.6,0.7715,2.37,Safe
3274,RIVER JHELUM AT AWANTIPORA,JAMMU & KASHMIR,7.5,5.7,7.5,118.0,1.0,0.4,11.0,90.0,2023,0.17513134851138354,42.75,0.7675,2.34,Safe
3275,RIVER JHELUM AT PAMPORE,JAMMU & KASHMIR,7.6,5.7,7.3,114.0,1.0,0.4,11.0,90.0,2023,0.17513134851138354,43.32,0.7595,2.3,Safe
3276,"RIVER JHELUM AT SOPORE, CONFLUENCE POINT OF
WULAR LAKE","JAMMU &
KASHMIR",5.0,5.7,7.3,153.0,1.0,0.4,11.0,90.0,2023,0.17513134851138354,28.5,0.8375,2.73,Safe
4053,RIVER JHELUM AT BIJEHARA,JAMMU & KASHMIR,8.4,5.7,7.6,121.0,1.0,0.4,11.0,90.0,2023,0.17513134851138354,47.88,0.7735,2.38,Safe
4054,RIVER JHELUM AT PANTHACHOWK,JAMMU & KASHMIR,7.5,5.7,7.5,114.0,1.0,0.4,11.0,90.0,2023,0.17513134851138354,42.75,0.7595,2.3,Safe
2742,RIVER TAWI AT SHETALI LIFTING POINT NAGROTA(5KM U/S TAWI BRIDGE),JAMMU & KASHMIR,16.0,5.7,7.3,166.0,1.0,0.4,11.0,90.0,2023,0.17513134851138354,91.2,0.8634999999999999,2.87,Safe
2743,"RIVER TAWI AT BAGH-E-BAHU LIFTING POINT(1 KM U/S
TAWI BRIDGE)","JAMMU &
KASHMIR",17.0,5.7,7.5,176.0,1.0,0.4,11.0,90.0,2023,0.17513134851138354,96.9,0.8835,2.98,Safe
1412,"RIVER TAWI AT JAMMU U/S, (TAWI BRIDGE )",JAMMU & KASHMIR,14.0,5.7,7.9,420.0,1.0,0.4,11.0,90.0,2023,0.17513134851138354,79.8,1.3715000000000002,5.26,Safe
2744,RIVER TAWI BELOW TAWI BRIDGE,"JAMMU &
KASHMIR",17.0,5.7,7.9,185.0,1.0,0.4,11.0,700.0,2023,0.17513134851138354,96.9,1.8165,6.97,Safe
2745,RIVER TAWI BAGHWATI NAGAR (2KM D/S TAWI BRIDGE,JAMMU & KASHMIR,17.0,5.7,9.0,176.0,1.0,0.4,11.0,90.0,2023,0.17513134851138354,96.9,0.8835,2.98,Safe
2746,RIVER TAWI AT BELICHARANA(4KM D/S TAWI BRIDGE),"JAMMU &
KASHMIR",17.0,5.7,7.9,156.0,1.0,0.4,11.0,500.0,2023,0.17513134851138354,96.9,1.4585,5.62,Safe
4055,RIVER TAWI AT 1 KM D/S BELOW STP DISCHARGE POINT AT BHAGWATI NAGAR,JAMMU & KASHMIR,18.0,5.7,8.9,172.0,1.0,0.4,11.0,90.0,2023,0.17513134851138354,102.60000000000001,0.8755,2.93,Safe
4056,"RIVER TAWI AT BALOL NALLAH, NEAR NIT COLLEGE,
MIRAN SAHIB, BEFORE MIXING","JAMMU &
KASHMIR",16.0,5.7,7.7,326.0,1.0,0.4,11.0,90.0,2023,0.17513134851138354,91.2,1.1835,4.44,Safe
1307,RIVER CHUNT KOL (MAULANA AZAD BRIDGE),JAMMU & KASHMIR,5.8,5.7,7.1,190.0,1.0,0.4,11.0,90.0,2023,0.17513134851138354,33.06,0.9115,3.12,Safe
4030,RIVER SWAN BEFORE CONF. OF GARNI KHAD AT CHURURU,HIMACHAL PRADESH,19.2,5.7,7.6,350.0,1.0,0.4,2.0,17.0,2023,0.17513134851138354,109.44,1.1085,4.1,Safe
4031,RIVER SWAN AFTER CONF. GARNI KHAD AT CHURURU,HIMACHAL PRADESH,19.5,5.7,7.4,421.0,1.0,0.4,2.0,14.0,2023,0.17513134851138354,111.15,1.2459999999999998,4.72,Safe
1869,RIVER SWAN D/S  BELA BATHARI (BHANGLA),HIMACHAL PRADESH,24.0,5.7,6.7,371.0,1.0,0.4,2.0,13.0,2023,0.17513134851138354,136.8,1.1444999999999999,4.26,Safe
3856,RIVER SWAN U/S INDUSTRIAL AREA GAGRET,HIMACHAL PRADESH,19.7,5.7,7.3,346.0,1.0,0.4,2.0,14.0,2023,0.17513134851138354,112.29,1.0959999999999999,4.04,Safe
3857,RIVER SWAN D/S INDUSTRIAL AREA GAGRET,HIMACHAL PRADESH,19.0,5.7,7.5,362.0,1.0,0.4,2.0,13.0,2023,0.17513134851138354,108.3,1.1265,4.18,Safe
3858,RIVER SWAN U/S SANTOSHGARH BRIDGE,HIMACHAL PRADESH,23.0,5.7,7.4,358.0,1.0,0.4,2.0,13.0,2023,0.17513134851138354,131.1,1.1185,4.14,Safe
3859,RIVER SWAN U/S UNA TOWN AT GHALLUWAL BRIDGE,HIMACHAL PRADESH,19.0,5.7,7.4,340.0,1.0,0.4,2.0,17.0,2023,0.17513134851138354,108.3,1.0885,4.0,Safe
30011,"RIVER SWAN AT DHANGLA VILLAGE, SANTOSHGARH
(PUNJAB)",PUNJAB,23.0,5.7,7.6,256.0,1.0,0.4,78.0,1300.0,2023,0.17513134851138354,131.1,2.9589999999999996,10.35,Safe
4433,RIVER SWAN D/S OF UNA AT RAMPUR BRIDGE,"HIMACHAL
PRADESH",16.0,5.7,7.4,259.0,1.0,0.4,2.0,17.0,2023,0.17513134851138354,91.2,0.9265,3.2,Safe
2758,"RIVER UJH AT DAM SITE(L.H.S.), KATHUA",JAMMU & KASHMIR,12.0,5.7,7.5,103.0,1.0,0.4,11.0,90.0,2023,0.17513134851138354,68.4,0.7375,2.17,Safe
2913,"RIVER KALI BEIN FALLING INTO BEAS, PUNJAB",PUNJAB,13.0,5.7,6.8,242.0,1.0,0.4,450.0,1700.0,2023,0.17513134851138354,74.10000000000001,4.0889999999999995,12.85,Safe
3278,RIVER  LIDDER  AT LARIPORA,JAMMU & KASHMIR,3.8,5.7,7.0,100.0,1.0,0.4,11.0,90.0,2023,0.17513134851138354,21.66,0.7315,2.14,Safe
3279,RIVER  LIDDER  AT CLUB PARK,JAMMU & KASHMIR,4.3,5.7,7.5,94.0,1.0,0.4,11.0,90.0,2023,0.17513134851138354,24.509999999999998,0.7195,2.07,Safe
3280,RIVER LIDDER  AT BUS ADDA,JAMMU & KASHMIR,5.2,5.7,7.8,101.0,1.0,0.4,11.0,90.0,2023,0.17513134851138354,29.64,0.7335,2.15,Safe
3281,"RIVER  LIDDER AT YANEER, D/S OF PHALGUM",JAMMU & KASHMIR,3.8,5.7,7.4,62.0,1.0,0.4,11.0,90.0,2023,0.17513134851138354,21.66,0.6555,1.69,Safe
3282,"RIVER LIDDER  NERA BUMZOO, ANANTNAG",JAMMU & KASHMIR,5.6,5.7,7.1,81.0,1.0,0.4,11.0,90.0,2023,0.17513134851138354,31.919999999999998,0.6935,1.92,Safe
4051,RIVER LIDDER AT NUNWAN,JAMMU & KASHMIR,4.3,5.7,7.6,76.0,1.0,0.4,11.0,90.0,2023,0.17513134851138354,24.509999999999998,0.6835,1.86,Safe
4052,RIVER LIDDER NEAR LAVENDER PARK,JAMMU & KASHMIR,4.6,5.7,7.8,99.0,1.0,0.4,11.0,90.0,2023,0.17513134851138354,26.22,0.7295,2.13,Safe
3283,RIVER SINDH AT SONAMARG U/S,JAMMU & KASHMIR,4.0,5.7,7.6,195.0,1.0,0.4,11.0,90.0,2023,0.17513134851138354,22.8,0.9215,3.17,Safe
3284,RIVER SINDH AT SONAMARG D/S,JAMMU & KASHMIR,4.1,5.7,7.3,203.0,1.0,0.4,11.0,90.0,2023,0.17513134851138354,23.369999999999997,0.9375,3.26,Safe
3285,RIVER SINDH AT WAIL BRIDGE,JAMMU & KASHMIR,3.5,5.7,7.6,143.0,1.0,0.4,11.0,90.0,2023,0.17513134851138354,19.95,0.8174999999999999,2.62,Safe
3286,RIVER SINDH AT DUDERHAMA,JAMMU & KASHMIR,4.1,5.7,7.4,146.0,1.0,0.4,11.0,90.0,2023,0.17513134851138354,23.369999999999997,0.8234999999999999,2.65,Safe
3287,"RIVER SINDH AT RANGIL, SRINAGAR",JAMMU & KASHMIR,4.0,5.7,7.5,156.0,1.0,0.4,11.0,90.0,2023,0.17513134851138354,22.8,0.8435,2.76,Safe
4023,MANJHI KHAD U/S DHARAMSHALA OF KHANIYARA,HIMACHAL PRADESH,11.0,5.7,7.5,59.0,1.0,0.4,2.0,22.0,2023,0.17513134851138354,62.7,0.534,0.94,Safe
4024,MANJHI KHAD D/S DHARAMSHALA AT CHETRU,HIMACHAL PRADESH,12.0,5.7,7.6,59.0,1.0,0.4,2.0,39.0,2023,0.17513134851138354,68.4,0.5595,1.1,Safe
4025,MOL KHAD U/S PALAMPUR,HIMACHAL PRADESH,12.0,5.7,7.3,74.0,1.0,0.4,2.0,13.0,2023,0.17513134851138354,68.4,0.5505,1.04,Safe
4026,MOL KHAD D/S PALAMPUR,HIMACHAL PRADESH,10.0,5.7,7.0,74.0,1.0,0.4,2.0,22.0,2023,0.17513134851138354,57.0,0.5640000000000001,1.13,Safe
4038,RIVER TIRTHAN BEFORE CONF. TO RIVER SUTLEJ,HIMACHAL PRADESH,7.0,5.7,7.2,61.0,1.0,0.4,21.0,79.0,2023,0.17513134851138354,39.9,0.6519999999999999,1.67,Safe
4424,RAW WATER FOR LWSS OF NAUTI KHAD AT GUMMA (BASANTPUR),HIMACHAL PRADESH,8.0,5.7,7.2,105.0,1.0,0.4,4.0,17.0,2023,0.17513134851138354,45.6,0.6215,1.49,Safe
4432,DHAULI KHAD AT CHARAN GANGA MEDI,HIMACHAL PRADESH,17.0,5.7,7.4,344.0,1.0,0.4,2.0,14.0,2023,0.17513134851138354,96.9,1.0919999999999999,4.02,Safe
4457,BANER KHAD U/S CHAMUNDA TEMPLE,HIMACHAL PRADESH,16.0,5.7,7.1,97.0,1.0,0.4,2.0,33.0,2023,0.17513134851138354,91.2,0.6265000000000001,1.52,Safe
4458,BANER KHAD D/S CHAMUNDA TEMPLE,HIMACHAL PRADESH,16.0,5.7,7.3,95.0,1.0,0.4,2.0,79.0,2023,0.17513134851138354,91.2,0.6915,1.91,Safe
4460,CHARAN KHAND U/S BHAGSUNAG,HIMACHAL PRADESH,12.0,5.7,7.6,74.0,1.0,0.4,2.0,13.0,2023,0.17513134851138354,68.4,0.5505,1.04,Safe
4469,GAJ  KHAD NEAR WATER SUPPLY SCHEME DHARAMSHALA CANTT.,HIMACHAL PRADESH,11.0,5.7,7.7,67.0,1.0,0.4,2.0,11.0,2023,0.17513134851138354,62.7,0.5335,0.93,Safe
4470,BATHER KHAD WATER SUPPLY SCHEME AT  DAL LAKE,"HIMACHAL
PRADESH",10.0,5.7,7.4,70.0,1.0,0.4,2.0,11.0,2023,0.17513134851138354,57.0,0.5395,0.97,Safe
4471,"NEUGAL KHAD NEAR WATER SUPPLY SCHEME AT BANDLA, PALAMPUR",HIMACHAL PRADESH,9.0,5.7,7.2,77.0,1.0,0.4,2.0,8.0,2023,0.17513134851138354,51.300000000000004,0.549,1.03,Safe
4488,RIVER RATTA BEFORE CONF. TO RIVER SIRSA,HIMACHAL PRADESH,14.0,5.7,7.5,615.0,1.0,0.4,5.0,34.0,2023,0.17513134851138354,79.8,1.6685000000000003,6.44,Safe
5489,"RIVER BHAWA KHAD AT RESERVIOR SITE OF ALLIAN DUHANGAN HEP,PRINI,MANALI",HIMACHAL PRADESH,9.0,5.7,8.3,87.0,1.0,0.4,11.0,26.0,2023,0.17513134851138354,51.300000000000004,0.6095,1.41,Safe
5766,CHAKKI KHAD AT LAHROO D/S OF PHINNA SINGH IRRIGATION SCHEME,HIMACHAL PRADESH,10.0,5.7,7.3,125.0,1.0,0.4,4.0,350.0,2023,0.17513134851138354,57.0,1.161,4.34,Safe
1306,"RIVER GAWKADAL, SRG (SHERGHARI, SRG)",JAMMU & KASHMIR,6.6,5.7,7.4,149.0,1.0,0.4,11.0,90.0,2023,0.17513134851138354,37.62,0.8294999999999999,2.69,Safe
5248,"RIVER UHL D/S OF IIT, MANDI",HIMACHAL PRADESH,4.0,5.7,7.1,62.0,1.0,0.4,23.0,170.0,2023,0.17513134851138354,22.8,0.7935,2.49,Safe
5251,SUKETI KHAD D/S SWM SITE AT SUNDER NAGAR,HIMACHAL PRADESH,12.0,5.7,7.1,210.0,1.0,0.4,58.0,280.0,2023,0.17513134851138354,68.4,1.307,4.99,Safe
5252,SEER KHAD U/S INTAKE POINT OF WSS GHUMARWIN TOWN,HIMACHAL PRADESH,5.0,5.7,7.2,185.0,1.0,0.4,11.0,33.0,2023,0.17513134851138354,28.5,0.816,2.61,Safe
5254,RIVER BHAGGA U/S BEFORE CONFLUENCE TO RIVER CHENAB,HIMACHAL PRADESH,3.0,5.7,7.2,92.0,1.0,0.4,23.0,140.0,2023,0.17513134851138354,17.1,0.8085,2.57,Safe
5255,RIVER CHANDRA U/S BEFORE CONFLUENCE TO RIVER CHENAB,HIMACHAL PRADESH,3.0,5.7,7.2,88.0,1.0,0.4,2.0,45.0,2023,0.17513134851138354,17.1,0.6265000000000001,1.52,Safe
5256,RIVER CHENAB D/S AT TANDI (L & S),HIMACHAL PRADESH,4.0,5.7,7.2,87.0,1.0,0.4,26.0,170.0,2023,0.17513134851138354,22.8,0.8480000000000001,2.79,Safe
1491,"RIVER BHAGIRATHI AT GANGOTRI,",UTTARAKHAND,7.0,5.7,8.4,84.0,1.0,0.4,2.0,2.0,2023,0.17513134851138354,39.9,0.554,1.07,Safe
5451,RIVER MANDAKINI AT KEDARNATH,UTTARAKHAND,10.0,5.7,8.0,50.0,1.0,0.4,2.0,2.0,2023,0.17513134851138354,57.0,0.486,0.62,Safe
5452,RIVER ALAKNANDA AT BADRINATH,UTTARAKHAND,13.5,5.7,7.3,43.0,1.0,0.4,2.0,2.0,2023,0.17513134851138354,76.95,0.47200000000000003,0.53,Safe
1484,RIVER ALAKNANDA B/C TO RIVER MANDAKINI AT RUDRA PRAYAG,UTTARAKHAND,15.0,5.7,7.6,47.0,1.0,0.4,2.0,2.0,2023,0.17513134851138354,85.5,0.48,0.58,Safe
1485,"RIVER MANDAKINI B/C TO RIVER ALKALNADA AT RUDRAPRAYAG,",UTTARAKHAND,14.0,5.7,7.6,61.0,1.0,0.4,2.0,2.0,2023,0.17513134851138354,79.8,0.508,0.77,Safe
1486,"RIVER ALAKNANDA A/C OF RIVER MANDAKINI AND
RIVER ALAKNANDA  AT RUDRAPRAYAG",UTTARAKHAND,14.0,5.7,7.4,58.0,1.0,0.4,2.0,2.0,2023,0.17513134851138354,79.8,0.502,0.73,Safe
1487,"RIVER ALAKNANDA B/C TORIVER  BHAGIRATHI AT DEVPRAYAG,",UTTARAKHAND,15.0,5.7,7.8,89.0,1.0,0.4,2.0,2.0,2023,0.17513134851138354,85.5,0.5640000000000001,1.13,Safe
1488,"RIVER BHAGIRATHI B/C TO RIVER ALAKNANDA AT
DEVPRAYAG,DIST-TEHRI GARHWAL",UTTARAKHAND,16.0,5.7,7.8,76.0,1.0,0.4,2.0,2.0,2023,0.17513134851138354,91.2,0.538,0.96,Safe
1489,"RIVER GANGA AFTER CONFLUENCE OF RIVER BHAGIRATHI AND RIVER ALAKNANDA AT DEVPRAYAG
,DIST-TEFRI GARHWAL",UTTARAKHAND,15.0,5.7,7.5,87.0,1.0,0.4,2.0,2.0,2023,0.17513134851138354,85.5,0.56,1.1,Safe
5776,"RIVER GANGA AT  SWARG ASHRAM ,RISHIKESH",UTTARAKHAND,13.0,5.7,7.2,84.0,1.0,0.4,31.0,39.0,2023,0.17513134851138354,74.10000000000001,0.653,1.68,Safe
1060,"RIVER GANGA U/S AT LAXMANJHULA,RISHIKESH",UTTARAKHAND,12.0,5.7,7.1,70.0,1.0,0.4,21.0,26.0,2023,0.17513134851138354,68.4,0.5905,1.3,Safe
5777,"RIVER GANGA NEAR VISTHAPHIT COLONY, RISHIKESH",UTTARAKHAND,14.0,5.7,7.0,90.0,1.0,0.4,27.0,34.0,2023,0.17513134851138354,79.8,0.6515000000000001,1.67,Safe
10147,"RIVER GANGA D/S AT BAIRAAJ,RISHIKESH",UTTARAKHAND,14.0,5.7,7.1,67.0,1.0,0.4,2.0,2.0,2023,0.17513134851138354,79.8,0.52,0.85,Safe
2725,"RIVER GANGA AFTER CONFLUENCE OF SONG NEAR SATYANARAYAN TEMPLE D/S RAIWALA, DEHRADUN",UTTARAKHAND,13.0,5.7,7.1,157.0,1.0,0.4,33.0,58.0,2023,0.17513134851138354,74.10000000000001,0.8305,2.69,Safe
10148,RIVER GANGA AT HAR-KI-PAURI GHAT,UTTARAKHAND,14.8,5.7,7.3,166.0,1.0,0.4,21.0,63.0,2023,0.17513134851138354,84.36000000000001,0.838,2.73,Safe
3997,"RIVER GANGA U/S  AT ABINDUGHAT, DUDHIYABAD, HARIDWAR",UTTARAKHAND,16.8,5.7,7.3,219.0,1.0,0.4,31.0,79.0,2023,0.17513134851138354,95.76,0.9830000000000001,3.49,Safe
1061,"RIVER GANGA  D/S AT BALKUMARI MANDIR, AJEETPUR,
HARIDWAR",UTTARAKHAND,17.9,5.7,7.2,146.0,1.0,0.4,32.0,70.0,2023,0.17513134851138354,102.03,0.825,2.66,Safe
5778,"RIVER GANGA NEAR BISHANPUR KUNDI, HARIDWAR",UTTARAKHAND,18.2,5.7,7.2,178.0,1.0,0.4,24.0,79.0,2023,0.17513134851138354,103.74,0.8905000000000001,3.01,Safe
2727,"UPPER GANGA CANAL D/S AT ROORKEE, HARIDWAR",UTTARAKHAND,14.7,5.7,7.4,219.0,1.0,0.4,21.0,79.0,2023,0.17513134851138354,83.78999999999999,0.968,3.41,Safe
30005,RIVER GANGA AT SULTANPUR (UTTARAKHAND),UTTARAKHAND,21.5,5.7,7.3,165.0,1.0,0.4,2.0,2000.0,2023,0.17513134851138354,122.55,3.713,12.09,Safe
30006,RIVER GANGA AT BIJNOR (U.P.),UTTAR PRADESH,16.0,5.7,7.6,180.0,1.0,0.4,330.0,780.0,2023,0.17513134851138354,91.2,2.405,8.86,Safe
10150,"RIVER GANGA AT MADHYA GANGA BARRAGE, BIJNOR",UTTAR PRADESH,21.0,5.7,7.6,221.0,1.0,0.4,460.0,1100.0,2023,0.17513134851138354,119.7,3.162,10.85,Safe
5708,"RIVER GANGA TIGRI GANGA GHAT, VILLAGE-TIGARI, AMROHA",UTTAR PRADESH,21.0,5.7,7.7,241.0,1.0,0.4,460.0,1300.0,2023,0.17513134851138354,119.7,3.502,11.63,Safe
10149,"RIVER GANGA AT  U/S  BRIJ GHAT ,GHARMUKTESHWAR",UTTAR PRADESH,12.0,5.7,7.0,170.0,1.0,0.4,170.0,350.0,2023,0.17513134851138354,68.4,1.5,5.79,Safe
1062,"RIVER GANGA AT D/S GARHMUKTESHWAR, U.P",UTTAR PRADESH,12.0,5.7,7.3,174.0,1.0,0.4,240.0,540.0,2023,0.17513134851138354,68.4,1.8980000000000001,7.26,Safe
2488,"RIVER GANGA U/S, ANOOPSHAHAR",UTTAR PRADESH,16.0,5.7,7.1,94.0,1.0,0.4,170.0,350.0,2023,0.17513134851138354,91.2,1.348,5.17,Safe
2489,"RIVER GANGA D/S, ANOOPSHAHAR",UTTAR PRADESH,16.0,5.7,7.1,101.0,1.0,0.4,170.0,350.0,2023,0.17513134851138354,91.2,1.362,5.22,Safe
1145,"RIVER GANGA AT NARORA (BULANDSAHAR), U.P.",UTTAR PRADESH,17.0,5.7,7.0,106.0,1.0,0.4,170.0,350.0,2023,0.17513134851138354,96.9,1.372,5.27,Safe
2490,"RIVER GANGA AT KACHHLA GHAT, ALIGARH",UTTAR PRADESH,18.0,5.7,7.4,143.0,1.0,0.4,2.0,260.0,2023,0.17513134851138354,102.60000000000001,1.059,3.86,Safe
10151,RIVER GANGA AT GHATIYAGHAT FARRUKABAD,UTTAR PRADESH,14.0,5.7,8.0,181.0,1.0,0.4,1100.0,1600.0,2023,0.17513134851138354,79.8,4.792,14.13,Safe
1063,"RIVER GANGA AT KANNAUJ U/S (NEAR MEHNDIGHAT BRIDGE), U.P",UTTAR PRADESH,14.0,5.7,8.1,199.0,1.0,0.4,900.0,1600.0,2023,0.17513134851138354,79.8,4.5280000000000005,13.67,Safe
1066,"RIVER GANGA AT  DURJANPUR, KANNAUJ D/S, U.P",UTTAR PRADESH,14.0,5.7,8.0,218.0,1.0,0.4,252.0,2700.0,2023,0.17513134851138354,79.8,5.244,14.88,Safe
5709,"RIVER GANGAÂ  NANAMAU GANGA BRIDGE, LUCKNOW MOHAN-HASANGANJ- RASULABAD MARG, KARTI
AKBERPUR SENG",UTTAR PRADESH,18.0,5.7,8.1,274.0,1.0,0.4,2300.0,3100.0,2023,0.17513134851138354,102.60000000000001,9.027999999999999,19.59,Safe
1146,"RIVER GANGA AT BITHOOR (KANPUR), U.P.",UTTAR PRADESH,14.0,5.7,7.8,224.0,1.0,0.4,1700.0,3100.0,2023,0.17513134851138354,79.8,8.027999999999999,18.54,Safe
10154,RIVER GANGA AT BATHING GHAT (BHARAOGHAT),UTTAR PRADESH,14.0,5.7,7.8,226.0,1.0,0.4,2100.0,3100.0,2023,0.17513134851138354,79.8,8.632,19.19,Safe
1067,"RIVER GANGA AT KANPUR U/S (SHUKLAGANJ U/S), U.P",UTTAR PRADESH,14.0,5.7,7.5,214.0,1.0,0.4,2000.0,3100.0,2023,0.17513134851138354,79.8,8.457999999999998,19.01,Safe
10155,RIVER GANGA AT D/S (SHUKLAGANJ),UTTAR PRADESH,14.0,5.7,7.5,232.0,1.0,0.4,2100.0,3800.0,2023,0.17513134851138354,79.8,9.693999999999999,20.23,Safe
10156,RIVER GANGA AT BATHING GHAT (GOLA GHAT),UTTAR PRADESH,14.0,5.7,7.8,223.0,1.0,0.4,2200.0,3100.0,2023,0.17513134851138354,79.8,8.776,19.33,Safe
10157,RIVER GANGA AT BATHING GHAT (JAJMAU BRIDGE),UTTAR PRADESH,14.0,5.7,7.7,266.0,1.0,0.4,2100.0,3400.0,2023,0.17513134851138354,79.8,9.161999999999999,19.72,Safe
1068,"RIVER GANGA AT KANPUR D/S (JANA VILLAGE), U.P",UTTAR PRADESH,14.0,5.7,7.4,269.0,1.0,0.4,4100.0,7800.0,2023,0.17513134851138354,79.8,18.768,26.33,Moderate
5710,"RIVER GANGA PURANA RAJAPUR, RAJAPUR, KANPUR",UTTAR PRADESH,15.0,5.7,7.8,232.0,1.0,0.4,2300.0,4100.0,2023,0.17513134851138354,85.5,10.443999999999999,20.9,Safe
5711,RIVER GANGA A/C PANDU RIVER AT MADEVESHWAR BABA TAMPLE DEOMAI AHT.,UTTAR PRADESH,26.9,5.7,7.8,253.0,1.0,0.4,610.0,1500.0,2023,0.17513134851138354,153.32999999999998,4.051,12.77,Safe
1147,"RIVER GANGA AT DALMAU (RAI BAREILLY), U.P.",UTTAR PRADESH,21.0,5.7,7.7,268.0,1.0,0.4,1300.0,2200.0,2023,0.17513134851138354,119.7,6.166,16.25,Safe
2498,"RIVER GANGA AT KALA KANKAR, RAEBARELI",UTTAR PRADESH,21.0,5.7,7.8,265.0,1.0,0.4,1100.0,2200.0,2023,0.17513134851138354,119.7,5.859999999999999,15.82,Safe
2487,"RIVER GANGA AT KADAGHAT, KAUSHAMABI",UTTAR PRADESH,20.5,5.7,7.7,246.0,1.0,0.4,400.0,1300.0,2023,0.17513134851138354,116.85000000000001,3.4219999999999997,11.45,Safe
5713,"RIVER GANGA AT GANGA BRIDGE .NH19, DHEEMI",UTTAR PRADESH,24.0,5.7,7.8,271.0,1.0,0.4,1700.0,2700.0,2023,0.17513134851138354,136.8,7.522,17.97,Safe
1046,"RIVER GANGA AT PRAYAGRAJ (RASOOLABAD), U.P.",UTTAR PRADESH,20.4,5.7,7.8,220.0,1.0,0.4,450.0,1700.0,2023,0.17513134851138354,116.28,4.045,12.76,Safe
1049,"RIVER GANGA AT PRAYAGRAJ D/S (SANGAM), U.P.",UTTAR PRADESH,20.4,5.7,7.8,258.0,1.0,0.4,680.0,2200.0,2023,0.17513134851138354,116.28,5.215999999999999,14.84,Safe
5714,RIVER GANGA B/CÂ  TAMSA RIVER AT PRACHIN SHIVALAYA DUMDUMA GHAT,UTTAR PRADESH,25.8,5.7,7.7,260.0,1.0,0.4,610.0,1500.0,2023,0.17513134851138354,147.06,4.0649999999999995,12.8,Safe
10158,"RIVER GANGA A/C TAMSA RIVER, SIRSA, SON BARSA",UTTAR PRADESH,20.5,5.7,7.4,260.0,1.0,0.4,610.0,1500.0,2023,0.17513134851138354,116.85000000000001,4.0649999999999995,12.8,Safe
2485,"RIVER GANGA U/S, VINDHYACHAL, MIRZAPUR","UTTAR
PRADESH",22.5,5.7,7.9,324.0,1.0,0.4,700.0,1200.0,2023,0.17513134851138354,128.25,3.878,12.43,Safe
2486,"RIVER GANGA D/S, MIRZAPUR",UTTAR PRADESH,22.5,5.7,7.6,332.0,1.0,0.4,7900.0,13000.0,2023,0.17513134851138354,128.25,32.394,31.54,Moderate
10153,RIVER GANGA AT CHUNAR,UTTAR PRADESH,23.0,5.7,7.7,328.0,1.0,0.4,5800.0,8400.0,2023,0.17513134851138354,131.1,22.336,27.98,Moderate
1070,"RIVER GANGA AT VARANASI U/S NEAR VISHWASUNDARI BRIDGE B/C DRAINS( NAGWA NALA, SAMNE GHAT NALA,NAKHHI NALA)",UTTAR PRADESH,22.5,5.7,7.8,320.0,1.0,0.4,680.0,1100.0,2023,0.17513134851138354,128.25,3.69,12.04,Safe
1071,"RIVER GANGA AT VARANASI D/S , A/C RIVER  VARUNA , U.P",UTTAR PRADESH,22.5,5.7,7.6,332.0,1.0,0.4,7900.0,14000.0,2023,0.17513134851138354,128.25,33.894,31.97,Moderate
5715,"RIVER GANGAÂ  B/C GOMTI RIVER AT BALUA GHAT BRIDGE, VARANASI",UTTAR PRADESH,27.0,5.7,7.7,328.0,1.0,0.4,6300.0,9400.0,2023,0.17513134851138354,153.9,24.586,28.89,Moderate
10152,"RIVER GANGA A/C GOMTI RIVER, BHUSAULA",UTTAR PRADESH,23.0,5.7,7.8,324.0,1.0,0.4,4600.0,8400.0,2023,0.17513134851138354,131.1,20.528,27.18,Moderate
5716,"RIVER GANGAÂ  ZAMANIA GANGA BRIDGE , ZAMANIZ, UP",UTTAR PRADESH,27.0,5.7,7.3,320.0,1.0,0.4,4600.0,6300.0,2023,0.17513134851138354,153.9,17.369999999999997,25.6,Moderate
1073,"RIVER GANGA AT TARIGHAT (GHAZIPUR), U.P",UTTAR PRADESH,23.0,5.7,7.7,336.0,1.0,0.4,9400.0,15000.0,2023,0.17513134851138354,131.1,37.652,32.99,Moderate
10113,"RIVER GANGA AT U/S JAIL GHAT, BUXAR",BIHAR,16.0,5.7,7.2,225.0,1.0,0.4,780.0,2300.0,2023,0.17513134851138354,91.2,5.449999999999999,15.2,Safe
1074,RIVER GANGA CHUSA AT BUXAR,BIHAR,17.0,5.7,7.1,247.0,1.0,0.4,2200.0,3300.0,2023,0.17513134851138354,96.9,9.123999999999999,19.68,Safe
2551,"RIVER GANGA AT BUXAR, RAMREKHAGHAT",BIHAR,16.0,5.7,7.3,243.0,1.0,0.4,1300.0,2300.0,2023,0.17513134851138354,91.2,6.266,16.39,Safe
3113,RIVER GANGA AT D/S BUXAR NEAR VEER KUNWAR SINGH ROAD BRIDGE,BIHAR,16.0,5.7,7.3,249.0,1.0,0.4,1300.0,2300.0,2023,0.17513134851138354,91.2,6.2780000000000005,16.4,Safe
10162,"RIVER GANGA AT ARA- CHAPRA ROAD BRIDGE
(KOIILWAR BARHARA-CHAPRA ROAD)",BIHAR,17.0,5.7,7.2,219.0,1.0,0.4,130.0,230.0,2023,0.17513134851138354,96.9,1.358,5.21,Safe
2564,"RIVER GANGA AT THE BALUGHAT, DORIGANJ, SARAN",BIHAR,16.0,5.7,7.4,211.0,1.0,0.4,780.0,2300.0,2023,0.17513134851138354,91.2,5.422,15.16,Safe
10114,"RIVER GANGA AT MAA AMBIKA ASTHAN, AAMI, SARAN",BIHAR,15.0,5.7,7.4,209.0,1.0,0.4,780.0,2300.0,2023,0.17513134851138354,85.5,5.417999999999999,15.15,Safe
3114,"RIVER GANGA NEAR DANAPUR (NEAR PIPA PUL) ,PATNA",BIHAR,13.0,5.7,7.2,268.0,1.0,0.4,1100.0,1400.0,2023,0.17513134851138354,74.10000000000001,4.666,13.92,Safe
1077,"RIVER GANGA AT DIGHA,  NEAR J P SETU, PATNA U/S",BIHAR,13.0,5.7,7.2,251.0,1.0,0.4,2300.0,3300.0,2023,0.17513134851138354,74.10000000000001,9.282,19.84,Safe
2552,"RIVER GANGA AT GANDHIGHAT, NIT  PATNA",BIHAR,13.0,5.7,7.1,242.0,1.0,0.4,17000.0,28000.0,2023,0.17513134851138354,74.10000000000001,68.364,38.8,Moderate
10115,"RIVER GANGA AT GULABI GHAT, PATNA",BIHAR,13.0,5.7,7.2,251.0,1.0,0.4,13000.0,22000.0,2023,0.17513134851138354,74.10000000000001,53.382000000000005,36.38,Moderate
1079,"RIVER GANGA AT PATNA D/S (GANGA BRIDGE), GAIGHAT, PATNA",BIHAR,13.0,5.7,7.22,240.0,1.0,0.4,2300.0,3300.0,2023,0.17513134851138354,74.10000000000001,9.26,19.81,Safe
3122,"RIVER GANGA AT MALSALAMI, PATNA CITY, PATNA",BIHAR,13.0,5.7,7.2,238.0,1.0,0.4,1300.0,2300.0,2023,0.17513134851138354,74.10000000000001,6.256,16.37,Safe
4297,"RIVER GANGA AT KACHCHI-DARGAH-BIDUPUR NEAR
ROAD BRIDGE, PATNA",BIHAR,13.0,5.7,7.1,240.0,1.0,0.4,2300.0,4600.0,2023,0.17513134851138354,74.10000000000001,11.209999999999999,21.54,Safe
10122,"RIVER GANGA AT TRIVENI GHAT, PATNA",BIHAR,14.0,5.7,7.2,232.0,1.0,0.4,2300.0,3300.0,2023,0.17513134851138354,79.8,9.244,19.8,Safe
2553,"RIVER GANGA AT KEWALA GHAT,FATUHA, PATNA",BIHAR,14.0,5.7,7.0,238.0,1.0,0.4,2300.0,3300.0,2023,0.17513134851138354,79.8,9.256,19.81,Safe
4301,"RIVER GANGA AT BAKHTIYARPUR-TAJPUR BRIDGE ON
GANGA, ATHMALGOLA, PATNA",BIHAR,15.0,5.7,7.4,199.0,1.0,0.4,130.0,230.0,2023,0.17513134851138354,85.5,1.318,5.04,Safe
3115,"RIVER GANGA AT UMA NATH MANDIR,BARH",BIHAR,16.0,5.7,7.4,188.0,1.0,0.4,490.0,790.0,2023,0.17513134851138354,91.2,2.676,9.62,Safe
10130,"RIVER GANGA U/S OF M/S NTPC, BARH WATER INTAKE POINT, BARH",BIHAR,16.0,5.7,7.3,184.0,1.0,0.4,490.0,700.0,2023,0.17513134851138354,91.2,2.5330000000000004,9.22,Safe
10131,"RIVER GANGA D/S OF M/S NTPC, BARH WATER INTAKE
POINT,PATHANICHAK, BINDTOLA BARH",BIHAR,17.0,5.7,7.4,179.0,1.0,0.4,2300.0,3300.0,2023,0.17513134851138354,96.9,9.138,19.7,Safe
1817,"RIVER GANGA AT MOKAMA (U/S), MAHADEO ASTHAN, PATNA",BIHAR,16.0,5.7,7.2,190.0,1.0,0.4,2300.0,3300.0,2023,0.17513134851138354,91.2,9.16,19.72,Safe
1815,"RIVER GANGA AT MOKAMA (D/S), NEAR RAJENDRA
BRIDGE , SIMIRIYA GHAT",BIHAR,12.0,5.7,7.1,226.0,1.0,0.4,1700.0,3300.0,2023,0.17513134851138354,68.4,8.332,18.87,Safe
3123,"RIVER GANGA AT BARAHIYA, NEPALITOLA, MARANCHI, HATHIDAH AT MOKAMA, PATNA",BIHAR,15.0,5.7,7.2,198.0,1.0,0.4,1300.0,2300.0,2023,0.17513134851138354,85.5,6.176,16.26,Safe
3116,RIVER GANGA AT U/S MUNGER KASHATHARNI GHAT,BIHAR,13.0,5.7,7.4,229.0,1.0,0.4,3300.0,7000.0,2023,0.17513134851138354,74.10000000000001,16.288,25.0,Moderate
1818,"RIVER GANGA AT MUNGER D/S, CREAMINATION GHAT",BIHAR,13.0,5.7,7.4,227.0,1.0,0.4,2300.0,3300.0,2023,0.17513134851138354,74.10000000000001,9.234,19.79,Safe
3117,"RIVER GANGA AT U/S AJGABINATH MANDIR SULTANGANJ, BHAGALPUR",BIHAR,14.0,5.7,7.2,225.0,1.0,0.4,1300.0,2300.0,2023,0.17513134851138354,79.8,6.23,16.34,Safe
2554,"RIVER GANGA D/S CREMINATION GHAT AT SULTANGANJ, BHAGALPUR",BIHAR,14.0,5.7,7.3,222.0,1.0,0.4,2300.0,3300.0,2023,0.17513134851138354,79.8,9.224,19.78,Safe
10138,"RIVER GANGA AT CHAMPANAGAR, RASIDPUR,
BHAGALPUR",BIHAR,15.0,5.7,7.2,187.0,1.0,0.4,2300.0,3300.0,2023,0.17513134851138354,85.5,9.154,19.71,Safe
1819,"RIVER GANGA AT BHAGALPUR, OPP. KUPPA GHAT",BIHAR,10.0,5.7,7.2,219.0,1.0,0.4,1300.0,2300.0,2023,0.17513134851138354,57.0,6.218,16.32,Safe
4398,"RIVER GANGA AT WATER INTAKE POINT, BHAGALPUR",BIHAR,12.0,5.7,7.2,212.0,1.0,0.4,450.0,1300.0,2023,0.17513134851138354,68.4,3.4290000000000003,11.47,Safe
3118,RIVER GANGA AT D/S BHAGALPUR NEAR BARARIGHAT,BIHAR,12.0,5.7,7.2,211.0,1.0,0.4,1300.0,2300.0,2023,0.17513134851138354,68.4,6.202,16.3,Safe
1816,"RIVER GANGA, JHAJGHAT AT KAHALGAON",BIHAR,16.0,5.7,7.0,214.0,1.0,0.4,1300.0,2300.0,2023,0.17513134851138354,91.2,6.208,16.31,Safe
10143,"RIVER GANGA D/S NEAR CREMATION GHAT, KHALGOAN",BIHAR,16.0,5.7,7.4,218.0,1.0,0.4,2300.0,3300.0,2023,0.17513134851138354,91.2,9.216000000000001,19.77,Safe
30076,RIVER GANGA AT MANJHIGHAT DIST. CHHAPRA(BIHAR),BIHAR,22.0,5.7,7.8,296.0,1.0,0.4,200.0,450.0,2023,0.17513134851138354,125.4,1.947,7.42,Safe
10144,RIVER GANGA U/S NEAR LCT GHAT,JHARKHAND,16.0,5.7,7.4,94.0,1.0,0.4,11.0,90.0,2023,0.17513134851138354,91.2,0.7195,2.07,Safe
10145,RIVER GANGA D/S NEAR JANTA GHAT,JHARKHAND,15.0,5.7,7.5,98.0,1.0,0.4,11.0,90.0,2023,0.17513134851138354,85.5,0.7275,2.12,Safe
1059,"RIVER GANGA AT RAJMAHAL, BIHAR",JHARKHAND,15.0,5.7,7.3,102.0,1.0,0.4,11.0,90.0,2023,0.17513134851138354,85.5,0.7355,2.16,Safe
10146,RIVER GANGA AT SANGI DALAN,JHARKHAND,16.0,5.7,7.4,102.0,1.0,0.4,11.0,90.0,2023,0.17513134851138354,91.2,0.7355,2.16,Safe
5162,"RIVER GANGA AT FARAKKA, MUSHIDABAD",WEST BENGAL,17.0,5.7,6.7,223.0,1.0,0.4,130.0,220.0,2023,0.17513134851138354,96.9,1.3510000000000002,5.18,Safe
10160,"RIVER GANGA AT BEHRAMPORE, (GORA BAZAR),MURSHIDABAD",WEST BENGAL,16.0,5.7,6.8,227.0,1.0,0.4,790.0,3300.0,2023,0.17513134851138354,91.2,6.969,17.3,Safe
1080,"RIVER GANGA AT BAHARAMPORE, MURSHIDABAD, WEST BENGAL",WEST BENGAL,16.0,5.7,6.7,219.0,1.0,0.4,1700.0,3300.0,2023,0.17513134851138354,91.2,8.318,18.86,Safe
10159,"RIVER GANGA AT BEHRAMPORE(KHAGRA),
MURSHIDABAD",WEST BENGAL,16.0,5.7,6.8,229.0,1.0,0.4,130.0,790.0,2023,0.17513134851138354,91.2,2.218,8.3,Safe
2511,"RIVER NABADIP ON GANGA, GHOSHPARA NEAR MONIPURGHAT,NADIA",WEST BENGAL,16.0,5.7,7.0,246.0,1.0,0.4,210.0,1100.0,2023,0.17513134851138354,91.2,2.8369999999999997,10.04,Safe
2506,"RIVER TRIBENI ON GANGA, NEAR BURNING GHAT, HOOGHLY",WEST BENGAL,15.0,5.7,6.7,224.0,1.0,0.4,240.0,1100.0,2023,0.17513134851138354,85.5,2.838,10.05,Safe
1054,RIVER GANGA AT PALTA WEST BENGAL,WEST BENGAL,15.0,5.7,7.1,232.0,1.0,0.4,3500.0,13000.0,2023,0.17513134851138354,85.5,25.594,29.28,Moderate
10161,"RIVER GANGA AT PALTA, SHITALTALA,",WEST BENGAL,14.0,5.7,7.1,240.0,1.0,0.4,1700.0,6300.0,2023,0.17513134851138354,79.8,12.86,22.8,Safe
1472,"RIVER GANGA AT SERAMPORE, HOOGHLY,WEST BENGAL",WEST BENGAL,16.0,5.7,7.1,268.0,1.0,0.4,5400.0,14000.0,2023,0.17513134851138354,91.2,30.016,30.8,Moderate
1053,"RIVER GANGA AT DAKSHMINESHWAR, KOLKATA, WEST BENGAL",WEST BENGAL,18.0,5.7,6.9,230.0,1.0,0.4,23000.0,79000.0,2023,0.17513134851138354,102.60000000000001,153.84,46.78,Moderate
1471,RIVER GANGA AT HOWRAH-SHIVPUR WEST BENGAL,WEST BENGAL,20.0,5.7,6.8,222.0,1.0,0.4,31000.0,70000.0,2023,0.17513134851138354,114.0,152.324,46.68,Moderate
1470,"RIVER GANGA AT GARDEN REACH, KOLKATA, WEST BENGAL",WEST BENGAL,20.0,5.7,6.9,243.0,1.0,0.4,33000.0,70000.0,2023,0.17513134851138354,114.0,155.36599999999999,46.87,Moderate
1052,"RIVER GANGA AT ULUBERIA , HOWRAH,WEST BENGAL",WEST BENGAL,23.0,5.7,6.8,254.0,1.0,0.4,17000.0,27000.0,2023,0.17513134851138354,131.1,66.888,38.59,Moderate
1469,"RIVER GANGA AT DIAMOND HARBOUR, 24 PARGANAS (S)WEST BENGAL",WEST BENGAL,21.0,5.7,6.8,508.0,1.0,0.4,1300.0,2200.0,2023,0.17513134851138354,119.7,6.646,16.89,Safe
1335,RIVER GANGA AT PATIKALI NEAR DURGA CHAK WEST BENGAL,WEST BENGAL,22.0,5.7,7.8,705.0,1.0,0.4,3600.0,7900.0,2023,0.17513134851138354,125.4,19.04,26.47,Moderate
5098,RIVER YAMUNA AT WAZIRABAD,DELHI,21.0,5.7,7.2,232.0,1.0,0.4,200.0,90.0,2023,0.17513134851138354,119.7,1.279,4.87,Safe
5099,RIVER YAMUNA AT ISBT BRIDGE,DELHI,21.0,5.7,7.1,232.0,1.0,0.4,5500.0,17000.0,2023,0.17513134851138354,119.7,34.594,32.17,Moderate
5100,RIVER YAMUNA AT ITO BRIDGE,DELHI,21.0,5.7,7.2,232.0,1.0,0.4,6100.0,90.0,2023,0.17513134851138354,119.7,10.129,20.62,Safe
1121,"RIVER YAMUNA AT NIZAMUDDIN, DELHI",DELHI,21.0,5.7,7.1,232.0,1.0,0.4,9300.0,90.0,2023,0.17513134851138354,119.7,14.928999999999998,24.18,Safe
1375,"RIVER YAMUNA AT OKHLA BRIDGE (INLET OF AGRA CANAL), DELHI",DELHI,21.0,5.7,7.1,232.0,1.0,0.4,120000.0,90.0,2023,0.17513134851138354,119.7,180.97899999999998,48.38,Moderate
1812,"RIVER YAMUNA AT OKHLA AFTER MEETING OF SHAHDARA DRAIN, DELHI",DELHI,21.0,5.7,6.8,232.0,1.0,0.4,170000.0,90.0,2023,0.17513134851138354,119.7,255.97899999999998,51.81,Risky
30030,"RIVER YAMUNA AT ASGARPUR VILLAGE,(YAMUNA GHAT)U.P",UTTAR PRADESH,21.0,5.7,7.4,517.0,1.0,0.4,7800.0,23000.0,2023,0.17513134851138354,119.7,47.614,35.27,Moderate
30031,RIVER YAMUNA AT HASANPUR,HARYANA,16.0,5.7,7.6,1034.0,1.0,0.4,1700.0,6300.0,2023,0.17513134851138354,91.2,14.447999999999999,23.88,Safe
30024,"RIVER YAMUNA AT MOHENA PALWAL ROAD, HARYANA",HARYANA,15.0,5.7,7.5,1101.0,1.0,0.4,130000.0,130000.0,2023,0.17513134851138354,85.5,392.582,56.04,Risky
2493,RIVER YAMUNA AT SHAHPUR,UTTAR PRADESH,12.0,5.7,7.6,692.0,1.0,0.4,23000.0,58000.0,2023,0.17513134851138354,68.4,123.26400000000001,44.59,Moderate
2495,"RIVER YAMUNA AT KESIGHAT, VRINDAVAN",UTTAR PRADESH,11.0,5.7,7.6,614.0,1.0,0.4,22000.0,49000.0,2023,0.17513134851138354,62.7,108.108,43.3,Moderate
1123,"RIVER YAMUNA AT MATHURA U/S ,NEAR GAUGHAT U.P.",UTTAR PRADESH,11.0,5.7,7.6,543.0,1.0,0.4,12000.0,39000.0,2023,0.17513134851138354,62.7,77.96600000000001,40.09,Moderate
2494,"RIVER YAMUNA AT VISHRAMGHAT, MATHURA",UTTAR PRADESH,11.0,5.7,7.6,572.0,1.0,0.4,14000.0,41000.0,2023,0.17513134851138354,62.7,84.024,40.82,Moderate
1124,"RIVER YAMUNA AT MATHURA D/S , NEAR SHAMSHAN GHAT U.P.",UTTAR PRADESH,11.0,5.7,7.8,618.0,1.0,0.4,572.0,640.0,2023,0.17513134851138354,62.7,3.434,11.48,Safe
1125,"RIVER YAMUNA AT AGRA U/S, U.P.(KAILASH GHAT)",UTTAR PRADESH,24.0,5.7,7.5,406.0,1.0,0.4,4000.0,7800.0,2023,0.17513134851138354,136.8,18.892,26.39,Moderate
1126,"RIVER YAMUNA AT D/S OF AGRA, U.P.",UTTAR PRADESH,24.0,5.7,6.7,512.0,1.0,0.4,6800.0,11000.0,2023,0.17513134851138354,136.8,28.104,30.17,Moderate
1498,"RIVER YAMUNA AT BATESWAR, U.P",UTTAR PRADESH,23.0,5.7,7.4,1022.0,1.0,0.4,6800.0,9300.0,2023,0.17513134851138354,131.1,26.573999999999998,29.64,Moderate
10081,RIVER YAMUNA AT ETAWAH D/S,UTTAR PRADESH,16.8,5.7,7.5,487.0,1.0,0.4,7000.0,21000.0,2023,0.17513134851138354,95.76,43.354,34.36,Moderate
10082,RIVER YAMUNA AT UDI,UTTAR PRADESH,17.1,5.7,7.4,434.0,1.0,0.4,4900.0,14000.0,2023,0.17513134851138354,97.47000000000001,29.598,30.67,Moderate
1127,"RIVER YAMUNA AT ETAWAH, U.P.",UTTAR PRADESH,17.2,5.7,7.5,460.0,1.0,0.4,5800.0,17000.0,2023,0.17513134851138354,98.03999999999999,35.5,32.42,Moderate
1499,"RIVER YAMUNA AT JUHIKA B/C WITH CHANBAL, ETAWAH, U.P",UTTAR PRADESH,18.6,5.7,7.5,407.0,1.0,0.4,4100.0,13000.0,2023,0.17513134851138354,106.02000000000001,26.844,29.73,Moderate
30034,RIVER YAMUNA AT ETAWAH,UTTAR PRADESH,18.0,5.7,7.2,602.0,1.0,0.4,2.0,4500.0,2023,0.17513134851138354,102.60000000000001,8.337,18.88,Safe
30033,"RIVER YAMUNA A/C OF CHAMBAL AT SHERGARH, JUHIKA (U.P)",UTTAR PRADESH,18.0,5.7,7.3,447.0,1.0,0.4,2.0,2.0,2023,0.17513134851138354,102.60000000000001,1.2799999999999998,4.87,Safe
2283,RIVER YAMUNA AT HAMIRPUR,UTTAR PRADESH,17.0,5.7,7.4,659.0,1.0,0.4,9300.0,17000.0,2023,0.17513134851138354,96.9,41.147999999999996,33.85,Moderate
1069,"RIVER  YAMUNA  AT PRAYAGRAJ D/S (BALUA GHAT), U.P.",UTTAR PRADESH,20.7,5.7,7.7,318.0,1.0,0.4,400.0,1400.0,2023,0.17513134851138354,117.99,3.716,12.09,Safe
1510,RIVER TONS AT TIUNI  (HIMACHAL PRADESH/UTTRA KHAND BORDER),HIMACHAL PRADESH,6.8,5.7,7.3,35.0,1.0,0.4,2.0,7.0,2023,0.17513134851138354,38.76,0.4635,0.47,Safe
30023,RIVER TONS AT HARIPUR (U.K.),UTTARAKHAND,16.5,5.7,8.2,121.0,1.0,0.4,2.0,17.0,2023,0.17513134851138354,94.05,0.6505,1.66,Safe
4027,RIVER GIRI D/S RAJGARH TOWN,HIMACHAL PRADESH,18.0,5.7,7.6,292.0,1.0,0.4,22.0,130.0,2023,0.17513134851138354,102.60000000000001,1.192,4.48,Safe
4028,"RIVER GIRI D/S KALGIDHAR TRUST, BARU SAHIB",HIMACHAL PRADESH,18.0,5.7,7.6,296.0,1.0,0.4,26.0,130.0,2023,0.17513134851138354,102.60000000000001,1.206,4.55,Safe
2621,"RIVER GIRI AT D/S YASHWANT NAGAR AFTER CONF.
WITH ASHWANI KHAD AT YASHWANT NAGAR-  NEAR SHANI MANDIR",HIMACHAL PRADESH,6.0,5.7,7.7,216.0,1.0,0.4,2.0,21.0,2023,0.17513134851138354,34.2,0.8465,2.78,Safe
3876,"RIVER GIRI AFTER CONFLUENCE OF ASHWANI RIVER AT
VILLAGE MARYOG","HIMACHAL
PRADESH",6.0,5.7,7.5,208.0,1.0,0.4,2.0,12.0,2023,0.17513134851138354,34.2,0.8170000000000001,2.62,Safe
2622,RIVER GIRI AT U/S CCI MINES AT VILLAGE NADI,HIMACHAL PRADESH,18.0,5.7,7.3,348.0,1.0,0.4,13.0,33.0,2023,0.17513134851138354,102.60000000000001,1.1450000000000002,4.27,Safe
2623,RIVER GIRI D/S SATAUN,HIMACHAL PRADESH,17.0,5.7,7.9,346.0,1.0,0.4,33.0,110.0,2023,0.17513134851138354,96.9,1.2865000000000002,4.9,Safe
3877,RIVER GIRI U/S LWSS AT SAINJ,HIMACHAL PRADESH,8.0,5.7,7.2,76.0,1.0,0.4,4.0,39.0,2023,0.17513134851138354,45.6,0.5965,1.33,Safe
3878,RIVER GIRI D/S LWSS AT SAINJ,HIMACHAL PRADESH,8.0,5.7,7.2,72.0,1.0,0.4,7.0,27.0,2023,0.17513134851138354,45.6,0.575,1.2,Safe
3860,"RIVER GIRI D/S CEMENT CORPORATION OF INDIA, RAJBAN AT BANGRAN BRIDGE",HIMACHAL PRADESH,17.0,5.7,7.3,390.0,1.0,0.4,21.0,70.0,2023,0.17513134851138354,96.9,1.2965000000000002,4.94,Safe
4427,RIVER GIRI U/S CHAILLA,HIMACHAL PRADESH,8.0,5.7,7.2,69.0,1.0,0.4,4.0,17.0,2023,0.17513134851138354,45.6,0.5495,1.04,Safe
4441,RIVER GIRI U/S PROPOSED SITE OF SRI RENUKAJI DAM SITE.,HIMACHAL PRADESH,15.0,5.7,7.6,318.0,1.0,0.4,26.0,130.0,2023,0.17513134851138354,85.5,1.25,4.74,Safe
4442,RIVER GIRI D/S PROPOSED SITE OF SRI RENUKAJI DAM SITE NEAR BRIDGE AT DADAHU- RENUKAJI,HIMACHAL PRADESH,15.0,5.7,7.0,303.0,1.0,0.4,27.0,170.0,2023,0.17513134851138354,85.5,1.2814999999999999,4.88,Safe
4473,RIVER GIRI D/S PROPOSED SITE OF RENUKA DAM,HIMACHAL PRADESH,17.0,5.7,7.8,302.0,1.0,0.4,32.0,170.0,2023,0.17513134851138354,96.9,1.287,4.9,Safe
5292,"RIVER GIRI AT NIHARI, KOTKHAL",HIMACHAL PRADESH,6.1,5.7,7.2,71.0,1.0,0.4,2.0,9.0,2023,0.17513134851138354,34.769999999999996,0.5385,0.97,Safe
5764,RIVER GIRI B/C WITH ASHWANI KHAD U/S OF WSS YASHWANT NAGAR,HIMACHAL PRADESH,6.0,5.7,7.6,210.0,1.0,0.4,2.0,24.0,2023,0.17513134851138354,34.2,0.8390000000000001,2.74,Safe
2617,RIVER PABBAR AT U/S DHAMBARI,HIMACHAL PRADESH,5.8,5.7,7.2,42.0,1.0,0.4,2.0,9.0,2023,0.17513134851138354,33.06,0.48050000000000004,0.58,Safe
2618,RIVER PABBAR AT U/S ROHRU,HIMACHAL PRADESH,5.9,5.7,7.2,49.0,1.0,0.4,2.0,5.0,2023,0.17513134851138354,33.63,0.4885,0.64,Safe
2619,RIVER PABBAR D/S SWARAKUDDU,HIMACHAL PRADESH,6.3,5.7,7.0,37.0,1.0,0.4,7.0,26.0,2023,0.17513134851138354,35.91,0.5035000000000001,0.74,Safe
4039,RIVER PABBAR U/S HATKOTI,HIMACHAL PRADESH,6.0,5.7,7.2,34.0,1.0,0.4,2.0,11.0,2023,0.17513134851138354,34.2,0.4675,0.5,Safe
5488,RIVER PABBAR AT  HATKOTI RESERVOIR,HIMACHAL PRADESH,8.0,5.7,7.1,35.0,1.0,0.4,2.0,2.0,2023,0.17513134851138354,45.6,0.456,0.42,Safe
2620,ASHWANI KHAD U/S OF YASHWANT NAGAR BEFORE CONF. WITH RIVER GIRI AT YASHWANT NAGAR,HIMACHAL PRADESH,6.0,5.7,7.7,260.0,1.0,0.4,2.0,21.0,2023,0.17513134851138354,34.2,0.9345,3.24,Safe
2626,RIVER BATTA  U/S PAONTA AT KISHANPURA,HIMACHAL PRADESH,14.0,5.7,7.1,261.0,1.0,0.4,2.0,70.0,2023,0.17513134851138354,79.8,1.01,3.62,Safe
2627,RIVER BATTA BEFORE CONFLUENCE TO YAMUNA,HIMACHAL PRADESH,15.0,5.7,7.4,237.0,1.0,0.4,32.0,140.0,2023,0.17513134851138354,85.5,1.112,4.11,Safe
4428,ASHWANI KHAD U/S OF WEIR SITE OF WTP NEAR ASHWANI BRIDGE,HIMACHAL PRADESH,9.0,5.7,5.5,81.0,1.0,0.4,8.0,70.0,2023,0.17513134851138354,51.300000000000004,0.659,1.71,Safe
4429,ASHWANI KHAD AFTER CONFLUENCE OF LIFT NALLAH NEAR DOGRHA BRIDGE,HIMACHAL PRADESH,9.0,5.7,6.8,102.0,1.0,0.4,7.0,17.0,2023,0.17513134851138354,51.300000000000004,0.62,1.48,Safe
4461,"ASHWANI KHAD D/S OF VILLAGE SADHUPIL, TEHSIL
KANDAGHAT, DISTRICT SOLAN.","HIMACHAL
PRADESH",7.0,5.7,7.2,166.0,1.0,0.4,2.0,21.0,2023,0.17513134851138354,39.9,0.7464999999999999,2.23,Safe
4479,ASHWANI KHAD U/S OF  SADHUPUL VILLAGE  (NEARBY 800 METERS U/S OF THE BRIDGE),HIMACHAL PRADESH,7.0,5.7,7.1,145.0,1.0,0.4,2.0,26.0,2023,0.17513134851138354,39.9,0.712,2.03,Safe
4431,"SHIKARI KHAD BEFORE CONFLUENCE TO RIVER
PABBAR NEAR HRTC ROHRU BUS STAND","HIMACHAL
PRADESH",7.8,5.7,7.6,51.0,1.0,0.4,2.0,34.0,2023,0.17513134851138354,44.46,0.536,0.95,Safe
30037,RIVER BANGANGA AT U/S IDRISHPUR (U.K.),UTTARAKHAND,21.6,5.7,7.2,366.0,1.0,0.4,2.0,2000.0,2023,0.17513134851138354,123.12000000000002,4.115,12.9,Safe
30038,RIVER BANGANGA AT D/S SHUKRATAL (BEFORE CONFLUENCE OF LAKSAR DRAIN ),UTTAR PRADESH,21.6,5.7,7.3,359.0,1.0,0.4,2.0,2.0,2023,0.17513134851138354,123.12000000000002,1.1039999999999996,4.08,Safe
10099,RIVER HINDON AT MAHESHPUR D/S,UTTAR PRADESH,18.0,5.7,7.2,380.0,1.0,0.4,11.0,90.0,2023,0.17513134851138354,102.60000000000001,1.2915,4.92,Safe
10102,RIVER HINDON AT MOHAN NAGAR U/S,UTTAR PRADESH,18.0,5.7,6.5,330.0,1.0,0.4,130000.0,170000.0,2023,0.17513134851138354,102.60000000000001,451.03999999999996,57.42,Risky
10103,RIVER HINDON AT MOHAN NAGAR D/S,UTTAR PRADESH,18.0,5.7,6.8,330.0,1.0,0.4,110000.0,140000.0,2023,0.17513134851138354,102.60000000000001,376.03999999999996,55.62,Risky
10106,RIVER HINDON AT GHAZIABAD U/S,UTTAR PRADESH,18.0,5.7,6.2,316.0,1.0,0.4,170000.0,210000.0,2023,0.17513134851138354,102.60000000000001,571.012,59.76,Risky
10100,RIVER HINDON AT BARNAWA U/S,UTTAR PRADESH,16.0,5.7,7.5,710.0,1.0,0.4,100000.0,140000.0,2023,0.17513134851138354,91.2,361.8,55.24,Risky
10101,RIVER HINDON AT BARNAWA D/S,UTTAR PRADESH,16.0,5.7,7.4,630.0,1.0,0.4,82000.0,120000.0,2023,0.17513134851138354,91.2,304.64,53.53,Risky
1483,"RIVER HINDON AFTER CONFL. WITH R. KRISHNA & KALI
NEAR BINAULI TOWN, PURA MAHADEV, MEERUT, U.P.","UTTAR
PRADESH",17.0,5.7,7.5,750.0,1.0,0.4,100000.0,150000.0,2023,0.17513134851138354,96.9,376.88,55.64,Risky
2496,"RIVER HINDON AT SARDHANA BUDHANA ROAD, VILLAGE BAPARSI, MEERUT",UTTAR PRADESH,15.0,5.7,7.6,750.0,1.0,0.4,14000.0,17000.0,2023,0.17513134851138354,85.5,48.379999999999995,35.42,Moderate
1357,"RIVER HINDON AT SAHARANPUR D/S, AT MAHESHPUR
.DEOBAND  U.P.","UTTAR
PRADESH",18.0,5.7,6.7,410.0,1.0,0.4,11.0,90.0,2023,0.17513134851138354,102.60000000000001,1.3515,5.18,Safe
1358,"RIVER HINDON AT GHAZIABAD D/S KULESHRA GB NAGAR, U.P.",UTTAR PRADESH,20.0,5.7,6.4,304.0,1.0,0.4,2100.0,3800.0,2023,0.17513134851138354,114.0,9.838000000000001,20.36,Safe
10104,RIVER HINDON AT NOIDA U/S,UTTAR PRADESH,21.0,5.7,6.9,755.0,1.0,0.4,230000.0,310000.0,2023,0.17513134851138354,119.7,811.89,63.25,Risky
10105,RIVER HINDON AT NOIDA D/S,UTTAR PRADESH,26.0,5.7,7.0,450.0,1.0,0.4,170000.0,270000.0,2023,0.17513134851138354,148.20000000000002,661.28,61.21,Risky
1477,RIVER KALINADI AT U/S OF MUZAFFAR NAGAR U.P.,UTTAR PRADESH,19.0,5.7,7.2,300.0,1.0,0.4,11.0,90.0,2023,0.17513134851138354,108.3,1.1315,4.2,Safe
1478,"RIVER KALINADI AT D/S OF MUZAFFAR NAGAR, U.P.",UTTAR PRADESH,19.0,5.7,7.0,480.0,1.0,0.4,11.0,90.0,2023,0.17513134851138354,108.3,1.4914999999999998,5.75,Safe
4606,RIVER KEN NEAR ROAD BRIDGE AT PANNA,MADHYA PRADESH,21.0,5.7,7.2,229.0,1.0,0.4,2.0,31.0,2023,0.17513134851138354,119.7,0.8875000000000001,3.0,Safe
1356,"RIVER BETWA BEFORE CONF. YAMUNA AT HAMIRPUR, U.P.",UTTAR PRADESH,17.0,5.7,7.2,344.0,1.0,0.4,7800.0,13000.0,2023,0.17513134851138354,96.9,32.268,31.5,Moderate
30079,"RIVER BETWA DOWNSTREAM AT SUKMA-DUKMA DAM, DIST-JHANSI (U.P.)",UTTAR PRADESH,21.9,5.7,7.7,267.0,1.0,0.4,2.0,2.0,2023,0.17513134851138354,124.83,0.92,3.17,Safe
30080,"RIVER BETWA AT KANJIA ROAD BRIDGE, KANJIA DIST.ASHOK NAGAR (M.P.)",MADHYA PRADESH,19.0,5.7,8.1,350.0,1.0,0.4,2.0,7800.0,2023,0.17513134851138354,108.3,12.783,22.75,Safe
1614,"RIVER BETWA NEAR WATER SUPPLY  INTAKE WELL , VIDISHA( M.P)",MADHYA PRADESH,12.0,5.7,7.5,200.0,1.0,0.4,4.0,110.0,2023,0.17513134851138354,68.4,0.9510000000000001,3.33,Safe
1614,"RIVER BETWA NEAR WATER SUPPLY  INTAKE WELL ,
VIDISHA( M.P)","MADHYA
PRADESH",12.0,5.7,7.5,200.0,1.0,0.4,4.0,110.0,2023,0.17513134851138354,68.4,0.9510000000000001,3.33,Safe
2107,"RIVER BETWA AT U/S AT MAHUTA GHAT, AGASOD, BINA",MADHYA PRADESH,21.0,5.7,7.4,287.0,1.0,0.4,2.0,26.0,2023,0.17513134851138354,119.7,0.9960000000000001,3.55,Safe
2108,"RIVER BETWA AT M/S J.P. THERMAL POWER, BINA",MADHYA PRADESH,21.0,5.7,7.4,294.0,1.0,0.4,2.0,31.0,2023,0.17513134851138354,119.7,1.0175,3.66,Safe
2119,"RIVER BETWA AT NAYAPUR D/S MANDIDEEP INDL. AREA NO.1,DIST.RAISEN",MADHYA PRADESH,21.0,5.7,6.4,342.0,1.0,0.4,21.0,210.0,2023,0.17513134851138354,119.7,1.4105,5.43,Safe
2121,"RIVER BETWA NEAR ROAD BRIDGE, BHOJPUR",MADHYA PRADESH,17.0,5.7,7.2,304.0,1.0,0.4,14.0,110.0,2023,0.17513134851138354,96.9,1.1740000000000002,4.4,Safe
2122,RIVER BETWA NEAR W/S INTAKE WELL POINT RAISEN,MADHYA PRADESH,18.0,5.7,7.3,288.0,1.0,0.4,13.0,150.0,2023,0.17513134851138354,102.60000000000001,1.2005,4.52,Safe
2124,"RIVER BETWA AT CHARANTIRGHAT, VIDISHA",MADHYA PRADESH,13.0,5.7,7.5,219.0,1.0,0.4,6.0,170.0,2023,0.17513134851138354,74.10000000000001,1.082,3.97,Safe
2125,RIVER BETWA D/S AFTER MIXING OF RIVER BAIS AT VIDISHA,MADHYA PRADESH,13.0,5.7,7.5,228.0,1.0,0.4,6.0,170.0,2023,0.17513134851138354,74.10000000000001,1.1,4.06,Safe
3832,RIVER BETWA AT U/S NEAR ROAD BRIDGE ORCHHA,MADHYA PRADESH,19.0,5.7,7.6,266.0,1.0,0.4,2.0,26.0,2023,0.17513134851138354,108.3,0.9540000000000001,3.34,Safe
2953,"RIVER KALI SINDH AT ANICUT OF M/S CFCL GADEPAN, KOTA, RAJASTHAN",RAJASTHAN,21.0,5.7,8.1,309.0,1.0,0.4,63.0,140.0,2023,0.17513134851138354,119.7,1.3025,4.97,Safe
2956,"RIVER KALI SINDH AT BAROD ROAD BRIDGE, KOTA, RAJASTHAN",RAJASTHAN,18.0,5.7,8.2,299.0,1.0,0.4,70.0,150.0,2023,0.17513134851138354,102.60000000000001,1.3080000000000003,4.99,Safe
3310,"RIVER CHAMLA AT W/S INTAKE POINT BADNAGAR, UJJAIN",MADHYA PRADESH,23.0,5.7,7.3,206.0,1.0,0.4,2.0,43.0,2023,0.17513134851138354,131.1,0.8595,2.85,Safe
3313,"RIVER KARIYARI U/S NEAR M/S UTCL BELA CEMENT PLANT,VILL.SONARA , REWA,",MADHYA PRADESH,18.9,5.7,7.6,319.0,1.0,0.4,2.0,41.0,2023,0.17513134851138354,107.72999999999999,1.0824999999999998,3.97,Safe
3314,"RIVER KARIYARI,D/S, NEAR M/S J.P.
CEMENT,VILL.NAUBASTA, REWA","MADHYA
PRADESH",18.5,5.7,7.7,323.0,1.0,0.4,2.0,43.0,2023,0.17513134851138354,105.45,1.0935,4.03,Safe
3319,"RIVER NEWAJ AT W/S INTAKE POINT, SHUJALPUR, UJJAIN",MADHYA PRADESH,23.0,5.7,7.4,202.0,1.0,0.4,2.0,47.0,2023,0.17513134851138354,131.1,0.8575,2.84,Safe
3320,"RIVER NEWAJ  U/S NEAR W/S INTAKE  POINT, RAJGARH",MADHYA PRADESH,15.0,5.7,7.3,274.0,1.0,0.4,2.0,120.0,2023,0.17513134851138354,85.5,1.111,4.11,Safe
3833,"RIVER BEBUS AT RAJGHAT DAM, SAGAR",MADHYA PRADESH,22.0,5.7,6.9,240.0,1.0,0.4,2.0,32.0,2023,0.17513134851138354,125.4,0.911,3.12,Safe
5538,"RIVER KALIASOT DAM OUTLATE NEAR DAM GATE,BHOPAL",MADHYA PRADESH,19.0,5.7,7.4,186.0,1.0,0.4,2.0,2.0,2023,0.17513134851138354,108.3,0.758,2.29,Safe
5539,"RIVER KHAN RAMWASA STOP DAM,UJJAIN",MADHYA PRADESH,23.0,5.7,7.2,512.0,1.0,0.4,14.0,920.0,2023,0.17513134851138354,131.1,2.8049999999999997,9.96,Safe
5540,"RIVER MANDAKINI , ORIGIN POINT SATI ANSUIYA
,CHITRAKOOT",MADHYA PRADESH,27.4,5.7,7.1,354.0,1.0,0.4,2.0,4.0,2023,0.17513134851138354,156.18,1.097,4.04,Safe
5544,"RIVER CHAMBAL PALI NEAR ROAD BRIDGE ,SHEOPUR",MADHYA PRADESH,18.0,5.7,7.1,220.0,1.0,0.4,2.0,26.0,2023,0.17513134851138354,102.60000000000001,0.8620000000000001,2.86,Safe
2955,"RIVER CHAMBAL ENTERING IN RAJASTHAN AT GANDHI SAGAR DAM, RAWATBHATA,CHITTORGARH",RAJASTHAN,16.0,5.7,6.9,443.0,1.0,0.4,84.0,150.0,2023,0.17513134851138354,91.2,1.617,6.24,Safe
1288,"RIVER CHAMBAL AT KOTA U/S (PHED INTAKE POINT. NEAR KOTA  BARRAGE), RAJASTHAN",RAJASTHAN,18.0,5.7,7.9,339.0,1.0,0.4,26.0,46.0,2023,0.17513134851138354,102.60000000000001,1.166,4.36,Safe
1289,"RIVER CHAMBAL AT RANGPUR KOTA D/S (2 KM. FROM CITY), RAJASTHAN",RAJASTHAN,19.0,5.7,7.9,382.0,1.0,0.4,220.0,350.0,2023,0.17513134851138354,108.3,1.999,7.6,Safe
10029,"RIVER CHAMBAL AT KESHORAIPATAN U/S, NEAR SHRI RAJESHWAR MAHADEV TEMPLE, BUNDI",RAJASTHAN,15.0,5.7,8.2,382.0,1.0,0.4,170.0,350.0,2023,0.17513134851138354,85.5,1.924,7.34,Safe
10030,"RIVER CHAMBAL AT KESHORAIPATTAN D/S NEAR AMBEDKAR NAGAR, BUNDI",RAJASTHAN,15.0,5.7,8.1,388.0,1.0,0.4,240.0,350.0,2023,0.17513134851138354,85.5,2.041,7.73,Safe
4769,"RIVER CHAMBAL, NEAR CHAMBAL BRIDGE, DHOLPUR
TO MURENA ROAD, NH-3",RAJASTHAN,12.0,5.7,7.0,370.0,1.0,0.4,22.0,40.0,2023,0.17513134851138354,68.4,1.213,4.58,Safe
30086,"RIVER CHAMBAL AT GWALIOR ROAD BRIDGE, UDI, ETAWAH DIST.",UTTAR PRADESH,18.0,5.7,7.1,343.0,1.0,0.4,2.0,2.0,2023,0.17513134851138354,102.60000000000001,1.0719999999999998,3.92,Safe
30060,RIVER CHAMBAL AT FISH FARM NEAR GANDHISAGAR DAM (MP & RJASTHAN),MADHYA PRADESH,20.0,5.7,7.7,174.0,1.0,0.4,2.0,68.0,2023,0.17513134851138354,114.0,0.833,2.71,Safe
1418,"RIVER CHAMBAL AT GANDHI SAGAR DAM, RAMPURA, M.P",MADHYA PRADESH,22.0,5.7,7.6,304.0,1.0,0.4,2.0,47.0,2023,0.17513134851138354,125.4,1.0615,3.87,Safe
3309,"RIVER CHAMBAL AT TAL VILLAGE NEAR BRIDGE, UJJAIN",MADHYA PRADESH,22.0,5.7,7.3,277.0,1.0,0.4,2.0,43.0,2023,0.17513134851138354,125.4,1.0015,3.58,Safe
1365,RIVER CHAMBAL AT NAGDA U/S (WATER INTAKE POINT) M.P.,MADHYA PRADESH,22.0,5.7,7.3,405.0,1.0,0.4,2.0,43.0,2023,0.17513134851138354,125.4,1.2574999999999998,4.77,Safe
1366,"RIVER CHAMBAL AT NAGDA D/S, M.P.",MADHYA PRADESH,22.0,5.7,3.4,653.0,1.0,0.4,40.0,1600.0,2023,0.17513134851138354,125.4,4.146,12.96,Safe
1609,"RIVER CHAMBAL AT DHOLPUR,",MADHYA PRADESH,15.0,5.7,7.1,315.0,1.0,0.4,2.0,12.0,2023,0.17513134851138354,85.5,1.031,3.72,Safe
3308,"RIVER CHAMBAL AT JANAPAWA, FROM ORIGIN POINT, INDORE",MADHYA PRADESH,20.5,5.7,7.5,360.0,1.0,0.4,2.0,24.0,2023,0.17513134851138354,116.85000000000001,1.139,4.24,Safe
4607,RIVER CHAMBAL AT ITAWA ROAD BRIDGE BHIND,MADHYA PRADESH,18.0,5.7,7.2,380.0,1.0,0.4,2.0,20.0,2023,0.17513134851138354,102.60000000000001,1.173,4.4,Safe
4610,RIVER CHAMBAL AT 100M D/S OF GANDHI SAGAR DAM. MANDSAUR,MADHYA PRADESH,22.0,5.7,7.4,298.0,1.0,0.4,2.0,48.0,2023,0.17513134851138354,125.4,1.051,3.82,Safe
2954,"RIVER PARVATI BEFORE MEETING CHAMBAL AT KHATOLI, KOTA, RAJASTHAN",RAJASTHAN,17.0,5.7,8.1,311.0,1.0,0.4,70.0,140.0,2023,0.17513134851138354,96.9,1.317,5.03,Safe
2109,"RIVER PARVATI AT NEEMKHEDI, GUNA",MADHYA PRADESH,15.0,5.7,7.2,290.0,1.0,0.4,2.0,24.0,2023,0.17513134851138354,85.5,0.999,3.57,Safe
2126,"RIVER PARVATI D/S  AFTER   VINDHYACHAL NALLA  AT
PILUKHEDI,RAJGARH","MADHYA
PRADESH",15.0,5.7,7.4,371.0,1.0,0.4,6.0,220.0,2023,0.17513134851138354,85.5,1.4609999999999999,5.63,Safe
1432,"RIVER PARVATI NEAR VILLAGE BATAODAPAR, M.P.",MADHYA PRADESH,15.0,5.7,7.2,270.0,1.0,0.4,2.0,2.0,2023,0.17513134851138354,85.5,0.926,3.2,Safe
1367,RIVER KHAN AT KABIT KHEDI (NEAR INDORE) M.P.,MADHYA PRADESH,20.0,5.7,7.2,982.0,1.0,0.4,32.0,920.0,2023,0.17513134851138354,114.0,3.7720000000000002,12.21,Safe
2110,"RIVER KHAN AT SAKKAR KHADI, INDORE",MADHYA PRADESH,19.0,5.7,7.2,973.0,1.0,0.4,2.0,1400.0,2023,0.17513134851138354,108.3,4.429,13.49,Safe
2111,RIVER KHAN AT SANWER,MADHYA PRADESH,19.5,5.7,7.4,880.0,1.0,0.4,10.0,430.0,2023,0.17513134851138354,111.15,2.8000000000000003,9.95,Safe
1372,"RIVER MANDAKINI AT CHITRAKUT, M.P.",MADHYA PRADESH,22.7,5.7,6.8,612.0,1.0,0.4,2.0,70.0,2023,0.17513134851138354,129.39,1.712,6.6,Safe
1369,"RIVER KSHIPRA AT RAMGHAT AT UJJAIN, M.P.",MADHYA PRADESH,22.0,5.7,7.1,386.0,1.0,0.4,350.0,1600.0,2023,0.17513134851138354,125.4,4.077,12.83,Safe
1370,"RIVER KSHIPRA AT TRIVENISANGAM (1 KM. D/S OF SANGAM), M.P.",MADHYA PRADESH,22.0,5.7,7.4,333.0,1.0,0.4,2.0,210.0,2023,0.17513134851138354,125.4,1.3639999999999999,5.23,Safe
1468,"RIVER KSHIPRA AT SIDDHAWAT (D/S) OF UJJAIN., M.P.",MADHYA PRADESH,22.0,5.7,7.3,493.0,1.0,0.4,920.0,1600.0,2023,0.17513134851138354,125.4,5.146,14.72,Safe
3315,"RIVER KSHIPRA AT GAUGHAT, UJJAIN",MADHYA PRADESH,22.0,5.7,7.1,370.0,1.0,0.4,2.0,280.0,2023,0.17513134851138354,125.4,1.543,5.96,Safe
3316,"RIVER KSHIPRA AT U/S OF MAHIDPUR CITY, UJJAIN",MADHYA PRADESH,23.0,5.7,7.5,388.0,1.0,0.4,2.0,46.0,2023,0.17513134851138354,131.1,1.228,4.64,Safe
3317,"RIVER KSHIPRA AT W/S INTAKE POINT OF DEWAS, UJJAIN",MADHYA PRADESH,22.0,5.7,7.4,288.0,1.0,0.4,2.0,47.0,2023,0.17513134851138354,125.4,1.0294999999999999,3.72,Safe
2379,RIVER NALKARI TRIBUTARY AT PATRATU,JHARKHAND,26.5,5.7,7.2,232.0,1.0,0.4,11.0,90.0,2023,0.17513134851138354,151.05,0.9954999999999999,3.55,Safe
30078,"RIVER RAMGANGA AT
KALAGARHBARRAGE,KALAGARH,DIST,PAUDHIGADHWAL (U.K.)",UTTARAKHAND,21.5,5.7,7.1,176.0,1.0,0.4,2.0,4500.0,2023,0.17513134851138354,122.55,7.485,17.93,Safe
30077,"RIVER RAMGANGA AT ROAD BRIDGE  SHERKOT, DIST.BIJNAUR (U.P.)",UTTAR PRADESH,22.0,5.7,7.2,221.0,1.0,0.4,2.0,2.0,2023,0.17513134851138354,125.4,0.8280000000000001,2.68,Safe
1064,"RIVER RAMGANGA AT KANNAUJ (BEFORE CONF.), U.P",UTTAR PRADESH,14.0,5.7,8.0,256.0,1.0,0.4,4300.0,7500.0,2023,0.17513134851138354,79.8,18.592,26.24,Moderate
1065,"RIVER KALINADI NEAR  GUMATIYA VILLAGE ,KANNAUJ (BEFORE CONF.), U.P",UTTAR PRADESH,14.0,5.7,7.4,240.0,1.0,0.4,4600.0,8900.0,2023,0.17513134851138354,79.8,21.11,27.44,Moderate
1480,"RIVER KALINADI AT U/S OF GULAOTHI TOWN IN BULANDSAHAR, U.P.",UTTAR PRADESH,19.0,5.7,7.6,403.0,1.0,0.4,2200000.0,3200000.0,2023,0.17513134851138354,108.3,8101.186,86.09,Hazardous
2497,"RIVER KALI EAST AT KHARKHODA-PARIKSHIT GARH
ROAD, VILL. KOL, MEERUT","UTTAR
PRADESH",14.0,5.7,7.5,480.0,1.0,0.4,63000.0,94000.0,2023,0.17513134851138354,79.8,236.84,51.04,Risky
2482,"RIVER VARUNA AT RAMESHWAR, VARANASI",UTTAR PRADESH,23.5,5.7,8.0,312.0,1.0,0.4,1100.0,1700.0,2023,0.17513134851138354,133.95000000000002,5.204,14.82,Safe
2483,RIVER VARUNA B/C WITH GANGA AT VARANASI,UTTAR PRADESH,23.5,5.7,7.2,524.0,1.0,0.4,17000.0,27000.0,2023,0.17513134851138354,133.95000000000002,67.428,38.66,Moderate
2502,"SHUKRA TAL GHAT (CONFLUENCE OF BANGANGA AND SALONI RIVER), MUZAFFARNAGAR,",UTTAR PRADESH,18.0,5.7,7.5,140.0,1.0,0.4,700.0,1000.0,2023,0.17513134851138354,102.60000000000001,3.21,10.97,Safe
1361,"RIVER SAI AT UNNAO AFTER DRAIN OUTFALL, U.P.",UTTAR PRADESH,18.0,5.7,7.7,324.0,1.0,0.4,2300.0,4700.0,2023,0.17513134851138354,102.60000000000001,11.527999999999999,21.8,Safe
2484,"RIVER SAI AT JALALPUR, JAUNPUR",UTTAR PRADESH,24.0,5.7,8.1,316.0,1.0,0.4,2100.0,4600.0,2023,0.17513134851138354,136.8,11.062,21.42,Safe
1072,"RIVER GOMTI AT VARANASI, RAJWARI U.P",UTTAR PRADESH,24.0,5.7,7.9,318.0,1.0,0.4,3100.0,7000.0,2023,0.17513134851138354,136.8,16.166,24.93,Safe
1350,"RIVER GOMTI AT SITAPUR U/S DADNAMAU GHAT, U.P.",UTTAR PRADESH,21.0,5.7,7.8,238.0,1.0,0.4,450.0,1400.0,2023,0.17513134851138354,119.7,3.6310000000000002,11.91,Safe
1351,"RIVER GOMTI AT LUCKNOW U/S AT WATER INTAKE POINT, U.P.",UTTAR PRADESH,21.0,5.7,7.4,311.0,1.0,0.4,210.0,4700.0,2023,0.17513134851138354,119.7,8.366999999999999,18.91,Safe
1352,"RIVER GOMTI AT LUCKNOW D/S PIPRAGHAT , U.P.",UTTAR PRADESH,21.0,5.7,7.0,404.0,1.0,0.4,70000.0,110000.0,2023,0.17513134851138354,119.7,271.188,52.38,Risky
1353,"RIVER GOMTI AT JAUNPUR D/S, U.P.",UTTAR PRADESH,24.0,5.7,7.8,322.0,1.0,0.4,3300.0,8400.0,2023,0.17513134851138354,136.8,18.573999999999998,26.23,Moderate
10083,RIVER GOMTI AT NEEMSAR U/S,UTTAR PRADESH,21.0,5.7,7.8,247.0,1.0,0.4,680.0,1700.0,2023,0.17513134851138354,119.7,4.444,13.52,Safe
10084,RIVER GOMTI AT NEEMSAR D/S,UTTAR PRADESH,21.0,5.7,7.7,262.0,1.0,0.4,780.0,2100.0,2023,0.17513134851138354,119.7,5.224,14.85,Safe
10085,RIVER GOMTI AT BHATPUR U/S,UTTAR PRADESH,21.0,5.7,7.7,274.0,1.0,0.4,780.0,2000.0,2023,0.17513134851138354,119.7,5.098,14.65,Safe
10086,RIVER GOMTI AT BHATPUR D/S,UTTAR PRADESH,21.0,5.7,7.6,291.0,1.0,0.4,1400.0,2800.0,2023,0.17513134851138354,119.7,7.2620000000000005,17.66,Safe
10087,RIVER GOMTI AT GAUGHAT U/S,UTTAR PRADESH,21.0,5.7,7.4,310.0,1.0,0.4,2300.0,4700.0,2023,0.17513134851138354,119.7,11.5,21.78,Safe
10088,RIVER GOMTI AT GAUGHAT D/S,UTTAR PRADESH,21.0,5.7,7.3,322.0,1.0,0.4,2400.0,5400.0,2023,0.17513134851138354,119.7,12.724,22.7,Safe
10089,RIVER GOMTI AT MOHMEAK U/S,UTTAR PRADESH,21.0,5.7,7.2,348.0,1.0,0.4,33000.0,61000.0,2023,0.17513134851138354,119.7,142.076,45.99,Moderate
10090,RIVER GOMTI AT MOHMEAK D/S,UTTAR PRADESH,21.0,5.7,7.2,364.0,1.0,0.4,45000.0,68000.0,2023,0.17513134851138354,119.7,170.608,47.8,Moderate
10091,RIVER GOMTI AT PIPRAGHAT U/S,UTTAR PRADESH,21.0,5.7,7.1,389.0,1.0,0.4,70000.0,94000.0,2023,0.17513134851138354,119.7,247.15800000000002,51.46,Risky
10092,RIVER GOMTI AT PIPRAGHAT D/S,UTTAR PRADESH,21.0,5.7,7.0,403.0,1.0,0.4,70000.0,110000.0,2023,0.17513134851138354,119.7,271.18600000000004,52.38,Risky
10093,RIVER GOMTI AT GANGAGANJ U/S,UTTAR PRADESH,21.0,5.7,7.3,348.0,1.0,0.4,13000.0,23000.0,2023,0.17513134851138354,119.7,55.076,36.69,Moderate
10094,RIVER GOMTI AT GANGAGANJ D/S,UTTAR PRADESH,21.0,5.7,7.3,336.0,1.0,0.4,11000.0,21000.0,2023,0.17513134851138354,119.7,49.052,35.56,Moderate
10095,RIVER GOMTI AT SULTANPUR U/S,UTTAR PRADESH,23.0,5.7,7.9,345.0,1.0,0.4,2700.0,4700.0,2023,0.17513134851138354,131.1,12.17,22.3,Safe
10096,RIVER GOMTI AT SULTANPUR D/S,UTTAR PRADESH,23.0,5.7,8.0,341.0,1.0,0.4,2600.0,4900.0,2023,0.17513134851138354,131.1,12.312,22.4,Safe
10097,RIVER GOMTI AT JAUNPUR U/S,UTTAR PRADESH,24.0,5.7,8.0,315.0,1.0,0.4,700.0,1100.0,2023,0.17513134851138354,136.8,3.71,12.08,Safe
1363,"RIVER RAPTI AFTER CONFL. OF R. HONIN NR.
DOMINGARH RLY BRIDGE, GORAKHPUR, U.P.","UTTAR
PRADESH",16.0,5.7,7.9,270.0,1.0,0.4,8000.0,18000.0,2023,0.17513134851138354,91.2,39.92,33.56,Moderate
4517,"RIVER RAPTI AT RAJGHAT, GORAKHPUR",UTTAR PRADESH,16.0,5.7,7.7,360.0,1.0,0.4,12000.0,28000.0,2023,0.17513134851138354,91.2,61.1,37.7,Moderate
1076,"RIVER GHAGHARA NEAR CHAPRA, RIVILGANJ, MANJHI,
SARAN",BIHAR,19.0,5.7,7.0,159.0,1.0,0.4,1100.0,2300.0,2023,0.17513134851138354,108.3,5.798,15.73,Safe
1355,"RIVER GHAGHARA AT TURTIPAR,DEORIA D/S, U.P.",UTTAR PRADESH,16.0,5.7,7.7,330.0,1.0,0.4,10000.0,22000.0,2023,0.17513134851138354,91.2,49.04,35.56,Moderate
2492,"RIVER GHAGHRA AT BARHALGANJ, GORAKHPUR",UTTAR PRADESH,16.0,5.7,7.8,370.0,1.0,0.4,8000.0,18000.0,2023,0.17513134851138354,91.2,40.120000000000005,33.61,Moderate
1359,"RIVER RIHAND AT RENUKUT U/S, U.P.",UTTAR PRADESH,22.0,5.7,7.9,232.0,1.0,0.4,210.0,460.0,2023,0.17513134851138354,125.4,1.849,7.09,Safe
1360,"RIVER RIHAND AT RENUKUT D/S, U.P.",UTTAR PRADESH,22.0,5.7,7.8,248.0,1.0,0.4,1300.0,2300.0,2023,0.17513134851138354,125.4,6.276,16.4,Safe
1143,"RIVER TONS AT CHAKGHAT, M.P.",MADHYA PRADESH,17.3,5.7,7.6,236.0,1.0,0.4,2.0,46.0,2023,0.17513134851138354,98.61000000000001,0.9239999999999999,3.19,Safe
1144,"RIVER TONS AT MADHAVGARH, M.P.",MADHYA PRADESH,23.4,5.7,7.5,461.0,1.0,0.4,2.0,70.0,2023,0.17513134851138354,133.38,1.41,5.42,Safe
3328,"RIVER TONS AT MADHAVGARH, NEAR PHED W/S INTAKE POINT, SATNA",MADHYA PRADESH,22.6,5.7,7.3,647.0,1.0,0.4,2.0,44.0,2023,0.17513134851138354,128.82000000000002,1.7429999999999999,6.71,Safe
3853,"RIVER TONS AT BASAMAN MAMA TEMPLE, NEAR PURWA FALL, TEHSIL-
SEMARIYA, DIST- REWA",MADHYA PRADESH,19.6,5.7,7.4,298.0,1.0,0.4,2.0,41.0,2023,0.17513134851138354,111.72000000000001,1.0405,3.77,Safe
4609,"RIVER TONS AT M.P-U.P BOUNDARY, BEFORE MIXING
RIVER BELAN CHAKGHAT REWA","MADHYA
PRADESH",17.6,5.7,7.6,267.0,1.0,0.4,2.0,43.0,2023,0.17513134851138354,100.32000000000001,0.9815,3.48,Safe
5543,"River BeeharÂ Khthuliya Intake Well Point ,Rewa",MADHYA PRADESH,24.0,5.7,7.5,278.0,1.0,0.4,2.0,38.0,2023,0.17513134851138354,136.8,0.996,3.55,Safe
4611,RIVER GAMBHIR AT DAM SITE UJJAIN,MADHYA PRADESH,25.0,5.7,7.4,290.0,1.0,0.4,2.0,40.0,2023,0.17513134851138354,142.5,1.023,3.69,Safe
1607,"RIVER BASLI GOHAD DAM, GOHAD, M.P",MADHYA PRADESH,19.0,5.7,7.1,400.0,1.0,0.4,4.0,22.0,2023,0.17513134851138354,108.3,1.219,4.6,Safe
2120,"RIVER KALIASOT NEAR ROAD BRIDGE, MANDIDEEP",MADHYA PRADESH,17.0,5.7,7.2,312.0,1.0,0.4,11.0,120.0,2023,0.17513134851138354,96.9,1.2005,4.52,Safe
2142,"River KALISINDH  NEAR ROAD BRIDGE SARANGPUR, RAJGARH",MADHYA PRADESH,16.0,5.7,7.1,285.0,1.0,0.4,4.0,220.0,2023,0.17513134851138354,91.2,1.286,4.9,Safe
4621,RIVER HATHNI NANPUR FATA DAM ALIRAJPUR,MADHYA PRADESH,20.0,5.7,7.7,338.0,1.0,0.4,2.0,41.0,2023,0.17513134851138354,114.0,1.1204999999999998,4.15,Safe
3125,"RIVER GANDAK GOPALGANJ PIPRAKOTHI ROAD BRIDGE
(DUMARIA GHAT)",BIHAR,18.0,5.7,7.3,166.0,1.0,0.4,2200.0,7000.0,2023,0.17513134851138354,102.60000000000001,14.512,23.92,Safe
2568,"RIVER GANDAK AT REWAGHAT, MUZAFFARPUR",BIHAR,18.0,5.7,7.3,175.0,1.0,0.4,2300.0,3300.0,2023,0.17513134851138354,102.60000000000001,9.129999999999999,19.69,Safe
10163,"RIVER GANDAK AT ROAD BRIDGE, U/S HAJIPUR, VAISHALI (BORDER OF SARAN & VAISHALI)",BIHAR,18.0,5.7,7.2,173.0,1.0,0.4,1400.0,2700.0,2023,0.17513134851138354,102.60000000000001,6.8759999999999994,17.19,Safe
10126,"RIVER GANDAK AT KONHARA GHAT, OPPOSITE
HARIHARNATH MANDIR,SONEPUR",BIHAR,17.0,5.7,7.2,170.0,1.0,0.4,1300.0,3300.0,2023,0.17513134851138354,96.9,7.62,18.08,Safe
1078,RIVER GANDAK  AT SONEPUR NEAR HARIHARNATH TEMPLE,BIHAR,17.0,5.7,7.2,167.0,1.0,0.4,3300.0,4600.0,2023,0.17513134851138354,96.9,12.564,22.59,Safe
1820,"RIVER SIKRAHNA AT CHANPATIYA, NEAR CHANPATIYA
ROAD BRIDGE, WEST CHAMPARAN",BIHAR,17.0,5.7,7.1,190.0,1.0,0.4,1300.0,1700.0,2023,0.17513134851138354,96.9,5.26,14.91,Safe
2575,"RIVER SIKRAHNA AT LAL PARSA, BETIAH, EAST CHAMPARAN",BIHAR,20.0,5.7,7.1,177.0,1.0,0.4,1700.0,2100.0,2023,0.17513134851138354,114.0,6.433999999999999,16.61,Safe
3134,"RIVER SIKRAHNA AT LAURIA, HARINAGAR ROAD BRIDGE",BIHAR,18.0,5.7,7.2,220.0,1.0,0.4,4900.0,7900.0,2023,0.17513134851138354,102.60000000000001,20.02,26.94,Moderate
4291,"RIVER SIKRAHNA LAURIA-NARKATIAGANJ ROAD
BRIDGE, WEST CHAMPARAN",BIHAR,19.0,5.7,7.3,207.0,1.0,0.4,1700.0,2700.0,2023,0.17513134851138354,108.3,7.394,17.82,Safe
2562,"RIVER BURHI GANDAK AT AKHARAGHAT, MUZAFFARPUR",BIHAR,18.0,5.7,7.3,201.0,1.0,0.4,2300.0,3300.0,2023,0.17513134851138354,102.60000000000001,9.181999999999999,19.74,Safe
2570,"RIVER BURHI GANDAK NEAR MAGARDAHI GHAT  AT
SAMASTIPUR  ROAD BRIDGE, SAMASTIPUR",BIHAR,22.0,5.7,7.2,219.0,1.0,0.4,3300.0,4900.0,2023,0.17513134851138354,125.4,13.118,22.99,Safe
3124,RIVER BURHI GANDAK U/S ROAD BRIDGE NH NEAR ZERO MILE  MUZAFFARPUR,BIHAR,18.0,5.7,7.2,198.0,1.0,0.4,1300.0,2300.0,2023,0.17513134851138354,102.60000000000001,6.176,16.26,Safe
4295,"RIVER BURHI GANDAK AT KHAGARIA ROAD BRIDGE
BEFORE CONFLUENCE WITH GANGA , KHAGARIA",BIHAR,14.0,5.7,7.3,202.0,1.0,0.4,4900.0,7900.0,2023,0.17513134851138354,79.8,19.984,26.92,Moderate
4300,"RIVER BURHI GANDAK AT LAL BAGLA GHAT, MOTIHARI DHAKA ROAD, EAST CHAMPARAN",BIHAR,20.0,5.7,7.3,218.0,1.0,0.4,2300.0,4600.0,2023,0.17513134851138354,114.0,11.166,21.51,Safe
4403,"RIVER BURHI GANDAK AT BARACHAKIA, EAST CHAMPARAN",BIHAR,20.0,5.7,7.5,180.0,1.0,0.4,2300.0,3300.0,2023,0.17513134851138354,114.0,9.14,19.7,Safe
1822,"RIVER SIRSIYA AT RAXAUL,BIRGANJ CHECK POST ROAD BRIDGE EAST CHAMPARAN",BIHAR,14.0,5.7,7.2,249.0,1.0,0.4,13000.0,22000.0,2023,0.17513134851138354,79.8,53.378,36.38,Moderate
3136,"RIVER SIRSIYA D/S RAXAUL (KOERIA TOLA), EAST CHAMPARAN",BIHAR,17.0,5.7,7.2,256.0,1.0,0.4,7900.0,17000.0,2023,0.17513134851138354,96.9,38.242,33.14,Moderate
2558,"RIVER HARBORA  D/S  AT NARKATIAGANJ, WEST CHAMPARAN",BIHAR,16.0,5.7,7.2,264.0,1.0,0.4,1700.0,4900.0,2023,0.17513134851138354,91.2,10.808,21.21,Safe
3126,"RIVER HARBORA,U/S AT NARKATIAGANJ, WEST CHAMPARAN",BIHAR,16.0,5.7,7.4,268.0,1.0,0.4,1300.0,4900.0,2023,0.17513134851138354,91.2,10.216,20.7,Safe
2566,RIVER KOSHI AT MADHEPURA,BIHAR,15.0,5.7,7.3,147.0,1.0,0.4,680.0,1400.0,2023,0.17513134851138354,85.5,3.794,12.26,Safe
3137,"RIVER KOSHI AT BEERPUR, SUPAUL",BIHAR,16.0,5.7,7.5,193.0,1.0,0.4,130.0,230.0,2023,0.17513134851138354,91.2,1.306,4.99,Safe
2565,RIVER KOSHI AT KURSHELA AT KATIHAR,BIHAR,16.0,5.7,7.0,137.0,1.0,0.4,1700.0,2200.0,2023,0.17513134851138354,91.2,6.504,16.71,Safe
1821,RIVER DAHA  U/S RAJENDRA ROAD BRIDGE AT SIWAN,BIHAR,17.0,5.7,7.3,230.0,1.0,0.4,3300.0,4900.0,2023,0.17513134851138354,96.9,13.14,23.0,Safe
2560,"RIVER DAHA D/S AT SASAMUSA, GOPALGANJ",BIHAR,18.0,5.7,7.1,262.0,1.0,0.4,4900.0,11000.0,2023,0.17513134851138354,102.60000000000001,24.753999999999998,28.96,Moderate
2561,"RIVER DAHA AT ITWA BRIDGE, GOPALGANJ",BIHAR,18.0,5.7,7.2,198.0,1.0,0.4,1300.0,2300.0,2023,0.17513134851138354,102.60000000000001,6.176,16.26,Safe
3129,"RIVER DAHA AT MEERGANJ NEAR BADARJHIMMI BAZAR, GOPALGANJ",BIHAR,17.0,5.7,7.3,193.0,1.0,0.4,1300.0,2300.0,2023,0.17513134851138354,96.9,6.166,16.25,Safe
4292,"RIVER DAHA U/S SASAMUSA, GOPALGANJ",BIHAR,18.0,5.7,7.3,227.0,1.0,0.4,1300.0,2300.0,2023,0.17513134851138354,102.60000000000001,6.234,16.34,Safe
4397,"RIVER DAHA D/S AT RENUA, SIWAN",BIHAR,16.0,5.7,7.1,205.0,1.0,0.4,13000.0,22000.0,2023,0.17513134851138354,91.2,53.29,36.37,Moderate
1823,"RIVER DHOS AT SAHARGHAT, MADHUBANI",BIHAR,21.0,5.7,7.1,224.0,1.0,0.4,7900.0,11000.0,2023,0.17513134851138354,119.7,29.177999999999997,30.53,Moderate
4405,"RIVER DHOS AT MADHWAPUR, MADHUBANI",BIHAR,21.0,5.7,7.2,165.0,1.0,0.4,3300.0,4900.0,2023,0.17513134851138354,119.7,13.01,22.91,Safe
2559,"RIVER RAMREKHA AT HARINAGAR, WEST CHAMPARAN",BIHAR,15.0,5.7,6.7,283.0,1.0,0.4,2300.0,3300.0,2023,0.17513134851138354,85.5,9.346,19.9,Safe
3130,"RIVER RAMREKHA AT U/S HARINAGAR, WEST
CHAMPARAN",BIHAR,14.0,5.7,7.1,263.0,1.0,0.4,7000.0,14000.0,2023,0.17513134851138354,79.8,32.406,31.54,Moderate
3132,"RIVER BAGMATI AT MUZAFFARPUR- SITAMARHI ROAD
BRIDGE, SITAMARHI",BIHAR,19.0,5.7,7.3,236.0,1.0,0.4,170.0,790.0,2023,0.17513134851138354,108.3,2.292,8.52,Safe
3135,"RIVER BAGMATI AT DARBHANGA, SAMASTIPUR ROAD
BRIDGE, DARBHANGA",BIHAR,21.0,5.7,7.5,168.0,1.0,0.4,1300.0,2400.0,2023,0.17513134851138354,119.7,6.266,16.39,Safe
2563,"RIVER MANUSMAR AT RIGA, UPHRAULIA, SITAMARHI",BIHAR,20.0,5.7,7.3,230.0,1.0,0.4,2300.0,3300.0,2023,0.17513134851138354,114.0,9.24,19.8,Safe
3131,"RIVER MANUSMAR U/S (RIGA), SITAMARHI",BIHAR,19.0,5.7,7.2,226.0,1.0,0.4,1700.0,3300.0,2023,0.17513134851138354,108.3,8.332,18.87,Safe
4402,"RIVER MANUSMAR AT PARSHURAMPUR, RIGA - BELSAND ROAD, SITAMARHI",BIHAR,19.0,5.7,7.4,336.0,1.0,0.4,1300.0,3300.0,2023,0.17513134851138354,108.3,7.952,18.46,Safe
2555,"RIVER PUNPUN NEAR PATNA FATUHA ROAD BRIDGE, FATUHA",BIHAR,14.0,5.7,7.0,280.0,1.0,0.4,22000.0,28000.0,2023,0.17513134851138354,79.8,75.94,39.83,Moderate
3119,"RIVER UNPUN NEAR PUNPUN ROAD BRIDGE, PUNPUN",BIHAR,13.0,5.7,7.5,230.0,1.0,0.4,7000.0,11000.0,2023,0.17513134851138354,74.10000000000001,27.84,30.08,Moderate
3120,"RIVER PUNPUN AT KINJAR ROAD BRIDGE, JEHANABAD-
ARWAL BORDER , JEHANABAD",BIHAR,10.0,5.7,7.5,222.0,1.0,0.4,450.0,3300.0,2023,0.17513134851138354,57.0,6.449,16.63,Safe
4406,"RIVER PUNPUN AT OBRA, AURANGABAD",BIHAR,13.0,5.7,7.5,198.0,1.0,0.4,7900.0,11000.0,2023,0.17513134851138354,74.10000000000001,29.125999999999998,30.51,Moderate
4293,"RIVER KOHRA  U/S RAJ GHAT, MAJHAULIA, WEST CHAMPARAN",BIHAR,20.0,5.7,7.2,246.0,1.0,0.4,1300.0,2200.0,2023,0.17513134851138354,114.0,6.122,16.19,Safe
4294,"RIVER KOHRA  D/S NEAR RAILWAY BRIDGE, MAJHAULIA, WEST CHAMPARAN",BIHAR,20.0,5.7,7.3,252.0,1.0,0.4,1300.0,3300.0,2023,0.17513134851138354,114.0,7.784000000000001,18.27,Safe
4399,"RIVER HARHA AT BAGHA, LAURIYA ROAD BRIDGE",BIHAR,18.0,5.7,7.5,204.0,1.0,0.4,1100.0,2100.0,2023,0.17513134851138354,102.60000000000001,5.587999999999999,15.41,Safe
4400,RIVER LAKHANDEI U/S SITAMARHI  AT MEHANDI NAGAR,BIHAR,19.0,5.7,7.5,240.0,1.0,0.4,1300.0,2600.0,2023,0.17513134851138354,108.3,6.71,16.98,Safe
4401,RIVER LAKHANDEI  D/S SITAMARHI AT PARORI ROAD BRIDGE,BIHAR,19.0,5.7,7.5,264.0,1.0,0.4,2100.0,7000.0,2023,0.17513134851138354,108.3,14.558,23.95,Safe
4404,"RIVER GANGI AT ARA, D/S",BIHAR,18.0,5.7,7.5,169.0,1.0,0.4,11000.0,14000.0,2023,0.17513134851138354,102.60000000000001,38.218,33.13,Moderate
1824,"RIVER PARMAR AT JOGBANI, ARARIA",BIHAR,16.0,5.7,7.3,210.0,1.0,0.4,4900.0,7900.0,2023,0.17513134851138354,91.2,20.0,26.93,Moderate
2117,"RIVER BICHIA,GOVINDGARH ROAD BRIDGE ,NEAR INTAKE POINT,REWA",MADHYA PRADESH,21.2,5.7,7.1,258.0,1.0,0.4,2.0,63.0,2023,0.17513134851138354,120.84,0.9935,3.54,Safe
1433,"RIVER SANKH AT TIGRA RESERVOIR, M.P.",MADHYA PRADESH,15.0,5.7,7.2,128.0,1.0,0.4,2.0,10.0,2023,0.17513134851138354,85.5,0.654,1.68,Safe
1075,"RIVER SONE AT KOILWAR,  NEAR MANDIR, BHOJPUR",BIHAR,15.0,5.7,7.0,133.0,1.0,0.4,490.0,790.0,2023,0.17513134851138354,85.5,2.566,9.32,Safe
3127,"RIVER SONE AT BAHIYARA, BHOJPUR",BIHAR,16.0,5.7,7.2,137.0,1.0,0.4,330.0,490.0,2023,0.17513134851138354,91.2,1.884,7.21,Safe
4913,RIVER SONE AT ARWAL NEAR BALUGHAT (SAHAR),BIHAR,10.0,5.7,7.3,166.0,1.0,0.4,130.0,230.0,2023,0.17513134851138354,57.0,1.252,4.75,Safe
3128,"RIVER SONE AT NASIRIGANJ DAM, ROHTAS",BIHAR,15.0,5.7,7.4,143.0,1.0,0.4,1300.0,2300.0,2023,0.17513134851138354,85.5,6.065999999999999,16.11,Safe
4298,"RIVER SONE AT ROAD BRIDGE-DEHRI-ON-SONE, ROHTAS",BIHAR,10.0,5.7,7.4,137.0,1.0,0.4,1100.0,1700.0,2023,0.17513134851138354,57.0,4.853999999999999,14.24,Safe
2556,"RIVER SONE AT INDRAPURI DAM, DEHRI ON SONE, ROHTAS",BIHAR,14.0,5.7,7.5,126.0,1.0,0.4,1300.0,2300.0,2023,0.17513134851138354,79.8,6.032,16.06,Safe
4407,"RIVER SONE AT WATER INTAKE POINT BHARTIYA RAIL
BIJALI CO. LTD (BRBCL) NAVINAGAR, AURANGABAD",BIHAR,13.0,5.7,7.3,144.0,1.0,0.4,780.0,2300.0,2023,0.17513134851138354,74.10000000000001,5.287999999999999,14.95,Safe
3121,"RIVER SONE AT BANJARI  NEAR BANJARI NEAR SUN TEMPLE KALYANPUR, ROHTAS",BIHAR,15.0,5.7,7.4,127.0,1.0,0.4,790.0,1300.0,2023,0.17513134851138354,85.5,3.769,12.2,Safe
30081,"RIVER SONE AT ROAD BRIDGE CHOPAN,DIST- SONEBHADRA (U.P.)",UTTAR PRADESH,21.0,5.7,7.3,200.0,1.0,0.4,2.0,2.0,2023,0.17513134851138354,119.7,0.786,2.45,Safe
30082,"RIVER SONE UPSTREAM TOWARDS DEORA, DIST- SINGRAULI (M. P.)",MADHYA PRADESH,21.5,5.7,7.3,254.0,1.0,0.4,2.0,2.0,2023,0.17513134851138354,122.55,0.894,3.03,Safe
4604,"RIVER RIVER SONE AT VILLAGE- KHAIRPUR,(KUDHERI) M.P- U.P.BOUNDARY, DISTT SIDHI",MADHYA PRADESH,19.6,5.7,7.7,290.0,1.0,0.4,2.0,41.0,2023,0.17513134851138354,111.72000000000001,1.0245,3.69,Safe
3834,"RIVER SONE AT CHITAWAL NEAR ROAD BRIDGE CHITRANGI, DIST
SINGROULI",MADHYA PRADESH,24.0,5.7,7.5,265.0,1.0,0.4,2.0,50.0,2023,0.17513134851138354,136.8,0.988,3.51,Safe
3836,"RIVER SONE ON KACHAN DAM NEAR IMILYA NORTH
COAL MINES VILL MAJHOULI, DIST SINGROULI","MADHYA
PRADESH",25.0,5.7,7.5,255.0,1.0,0.4,11.0,90.0,2023,0.17513134851138354,142.5,1.0415,3.78,Safe
3851,"RIVER SONE NEAR BHANVARSEN ROAD BRIDGE AFTER CONFLUENCE OF BANAS RIVER, DIST SIDHI",MADHYA PRADESH,18.5,5.7,7.7,302.0,1.0,0.4,2.0,46.0,2023,0.17513134851138354,105.45,1.056,3.85,Safe
3329,"RIVER SONE AT CHURHAT,DISTT.SIDHI",MADHYA PRADESH,18.6,5.7,7.8,208.0,1.0,0.4,2.0,43.0,2023,0.17513134851138354,106.02000000000001,0.8635,2.87,Safe
3852,"BANSAGAR CANAL AT SON RIVER, WATER SAMPLE AT BAGHWAR VILLAGE, NEAR TOL PLAZA, DIST SIDHI",MADHYA PRADESH,20.0,5.7,7.6,226.0,1.0,0.4,2.0,34.0,2023,0.17513134851138354,114.0,0.886,2.99,Safe
1612,"RIVER SONE AT DEVLOAD OUT LET OF BANSAGAR DAM, M.P",MADHYA PRADESH,23.4,5.7,7.2,189.0,1.0,0.4,2.0,3.0,2023,0.17513134851138354,133.38,0.7655,2.33,Safe
1371,"RIVER SONE AT AMLAI, M.P.",MADHYA PRADESH,23.5,5.7,7.0,205.0,1.0,0.4,2.0,27.0,2023,0.17513134851138354,133.95000000000002,0.8335,2.71,Safe
3846,"RIVER SONE AT JARWAHI NEAR ROAD BRIDGE, SHAHDOL",MADHYA PRADESH,23.4,5.7,7.2,206.0,1.0,0.4,2.0,31.0,2023,0.17513134851138354,133.38,0.8415,2.75,Safe
3327,"RIVER SONE AT BHATURAGHAT NEAR ROAD BRIDGE, AMLAI",MADHYA PRADESH,23.4,5.7,6.9,204.0,1.0,0.4,2.0,41.0,2023,0.17513134851138354,133.38,0.8525,2.81,Safe
1142,"RIVER SONE AT CHACHAI, M.P.",MADHYA PRADESH,23.4,5.7,7.3,203.0,1.0,0.4,2.0,27.0,2023,0.17513134851138354,133.38,0.8295,2.69,Safe
1610,"RIVER SONE AT ORIGIN AMARKANTAK, M.P",MADHYA PRADESH,23.4,5.7,6.5,136.0,1.0,0.4,2.0,2.0,2023,0.17513134851138354,133.38,0.658,1.71,Safe
3835,"GOPAD AT NIGARI, SARAI DIST, SINGROULI",MADHYA PRADESH,25.0,5.7,7.5,240.0,1.0,0.4,11.0,90.0,2023,0.17513134851138354,142.5,1.0114999999999998,3.63,Safe
1611,"RIVER JOHILA NEAR NAROJABAD NEAR UMARIA ROAD
BRIDGE, M.P","MADHYA
PRADESH",23.5,5.7,7.2,189.0,1.0,0.4,2.0,27.0,2023,0.17513134851138354,133.95000000000002,0.8015,2.53,Safe
2116,RIVER BEEHAR D/S NEAR FOREST OFFICE,MADHYA PRADESH,21.6,5.7,7.5,269.0,1.0,0.4,2.0,43.0,2023,0.17513134851138354,123.12000000000002,0.9855,3.5,Safe
1608,"RIVER SINDH AT DABRA, M.P","MADHYA
PRADESH",18.0,5.7,7.1,300.0,1.0,0.4,2.0,14.0,2023,0.17513134851138354,102.60000000000001,1.004,3.59,Safe
3306,"RIVER CHOUPAN U/S AT VIJAYPUR  , GUNA",MADHYA PRADESH,18.0,5.7,7.2,290.0,1.0,0.4,2.0,22.0,2023,0.17513134851138354,102.60000000000001,0.996,3.55,Safe
3307,"RIVER CHOUPAN D/S AFTER NFL NALLA,  AT VIJAYPUR
,GUNA","MADHYA
PRADESH",18.0,5.7,7.0,290.0,1.0,0.4,2.0,18.0,2023,0.17513134851138354,102.60000000000001,0.99,3.52,Safe
3311,"RIVER JAMUNI AT BARIYAGHAT U/S NEAR INTAKE POINT, TIKAMGARH",MADHYA PRADESH,23.0,5.7,7.6,360.0,1.0,0.4,2.0,21.0,2023,0.17513134851138354,131.1,1.1345,4.22,Safe
2396,RIVER JUMAR AT KANKE DAM,JHARKHAND,10.2,5.7,7.3,232.0,1.0,0.4,11.0,90.0,2023,0.17513134851138354,58.14,0.9954999999999999,3.55,Safe
4085,"RIVER JUMAR AT BIT MESRA, RANCHI",JHARKHAND,9.0,5.7,6.5,232.0,1.0,0.4,11.0,90.0,2023,0.17513134851138354,51.300000000000004,0.9954999999999999,3.55,Safe
2401,RIVER AJAY AT MASANJORE DAM,JHARKHAND,15.0,5.7,7.4,102.0,1.0,0.4,11.0,90.0,2023,0.17513134851138354,85.5,0.7355,2.16,Safe
2389,RIVER KONAR AT KONAR DAM,JHARKHAND,26.0,5.7,7.0,232.0,1.0,0.4,11.0,90.0,2023,0.17513134851138354,148.20000000000002,0.9954999999999999,3.55,Safe
2390,RIVER KONAR AT TENUGHAT DAM,JHARKHAND,16.0,5.7,7.0,232.0,1.0,0.4,11.0,90.0,2023,0.17513134851138354,91.2,0.9954999999999999,3.55,Safe
3554,"RIVER KONAR NEAR SWANG COAL WASHERY, BOKARO",JHARKHAND,17.0,5.7,7.2,232.0,1.0,0.4,11.0,90.0,2023,0.17513134851138354,96.9,0.9954999999999999,3.55,Safe
4000,RIVER GARGA NEAR TELMUCHO BRIDGE,JHARKHAND,16.5,5.7,7.2,232.0,1.0,0.4,11.0,90.0,2023,0.17513134851138354,94.05,0.9954999999999999,3.55,Safe
2381,RIVER BOKARO AT ZARANGDIH BRIDGE,JHARKHAND,18.5,5.7,7.2,232.0,1.0,0.4,11.0,90.0,2023,0.17513134851138354,105.45,0.9954999999999999,3.55,Safe
4490,RIVER KURWA DUMKA WATER INTAKE POINT,JHARKHAND,15.0,5.7,7.4,88.0,1.0,0.4,11.0,90.0,2023,0.17513134851138354,85.5,0.7075,2.0,Safe
4745,"RIVER KHARKHAI BEFORE MEETING SWARNREKHA
RIVER",JHARKHAND,15.4,5.7,6.3,216.0,1.0,0.4,11.0,90.0,2023,0.17513134851138354,87.78,0.9635,3.39,Safe
4747,"RIVER KOINA RIVER, MANOHARPUR, W.S",JHARKHAND,19.2,5.7,7.2,234.0,1.0,0.4,11.0,90.0,2023,0.17513134851138354,109.44,0.9994999999999999,3.57,Safe
2567,RIVER KAMALA AT BENIPATTI (MADHUBANI),BIHAR,21.0,5.7,7.1,160.0,1.0,0.4,7000.0,11000.0,2023,0.17513134851138354,119.7,27.7,30.03,Moderate
2569,"RIVER KAMALA AT  GAUSAGHAT, DARBHANGA",BIHAR,14.0,5.7,7.4,131.0,1.0,0.4,4900.0,17000.0,2023,0.17513134851138354,79.8,33.492,31.86,Moderate
3133,"RIVER KAMALA AT KAMALA GHAT NEAR BARRAGE
ATJAYNAGAR , MADHUBANI",BIHAR,20.0,5.7,7.3,222.0,1.0,0.4,3300.0,7900.0,2023,0.17513134851138354,114.0,17.624,25.74,Moderate
4299,"RIVER KAMALA (BIHAR)  AT JEEWACH GHAT,
DARBHANGA",BIHAR,18.0,5.7,7.1,176.0,1.0,0.4,4900.0,7900.0,2023,0.17513134851138354,102.60000000000001,19.932,26.9,Moderate
2572,"RIVER MAHANANDA AT THAKURGANJ, KISHANGANJ
ROAD BRIDGE, KISHANGANJ",BIHAR,16.0,5.7,7.4,105.0,1.0,0.4,130.0,220.0,2023,0.17513134851138354,91.2,1.1150000000000002,4.13,Safe
10108,"RIVER DAMODAR AT ANDAL D/S, BURDWAN",WEST BENGAL,20.0,5.7,7.4,195.0,1.0,0.4,1700.0,2200.0,2023,0.17513134851138354,114.0,6.619999999999999,16.86,Safe
10109,"RIVER DAMODAR AT ASANSOL U/S, BURDWAN",WEST BENGAL,23.0,5.7,7.1,159.0,1.0,0.4,1700.0,2100.0,2023,0.17513134851138354,131.1,6.398,16.57,Safe
10110,"RIVER DAMODAR AT DURGAPUR U/S, BURDWAN",WEST BENGAL,21.0,5.7,7.5,194.0,1.0,0.4,1400.0,2100.0,2023,0.17513134851138354,119.7,6.018000000000001,16.04,Safe
10111,"RIVER DAMODAR AT RANIGANJ D/S, BURDWAN",WEST BENGAL,18.0,5.7,7.4,227.0,1.0,0.4,1400.0,2600.0,2023,0.17513134851138354,102.60000000000001,6.834,17.13,Safe
4738,"RIVER JAMUNIA NEAR LOHAPATTI BRIDGE, MAHUDA, DHANBAD",JHARKHAND,17.0,5.7,7.2,232.0,1.0,0.4,11.0,90.0,2023,0.17513134851138354,96.9,0.9954999999999999,3.55,Safe
4739,"RIVER KATRI RIVER, NEAR BHATINDA FALL, AT- TETENGABAD, MOONIDIH, DHANBAD",JHARKHAND,18.0,5.7,7.3,232.0,1.0,0.4,11.0,90.0,2023,0.17513134851138354,102.60000000000001,0.9954999999999999,3.55,Safe
4742,"RIVER GALUDIH BARRAGE, GALUDIH, E.S",JHARKHAND,16.0,5.7,7.1,224.0,1.0,0.4,11.0,90.0,2023,0.17513134851138354,91.2,0.9795,3.47,Safe
2517,"RIVER MATHABHANGA, GOBINDAPUR, NADIA",WEST BENGAL,19.0,5.7,7.0,339.0,1.0,0.4,5400.0,24000.0,2023,0.17513134851138354,108.3,45.158,34.75,Moderate
30064,RIVER MATHABHANGA AT GOVINDPUR  (WEST BENGAL),WEST BENGAL,25.0,5.7,7.0,255.0,1.0,0.4,5400.0,17000.0,2023,0.17513134851138354,142.5,34.49,32.14,Moderate
1764,"RIVER CHURNI D/S OF RANAGHAT TOWN, WEST BENGAL",WEST BENGAL,18.0,5.7,6.8,385.0,1.0,0.4,13000.0,33000.0,2023,0.17513134851138354,102.60000000000001,70.15,39.05,Moderate
2518,"RIVER CHURNI, MAJHADIA, NADIA",WEST BENGAL,20.0,5.7,6.8,328.0,1.0,0.4,3500.0,7900.0,2023,0.17513134851138354,114.0,18.136,26.01,Moderate
2541,"RIVER DWARAKESHWAR WATER INTAKE POINT FOR BANKURA TOWN ON DWARAKESHWAR, BANKURA",WEST BENGAL,18.0,5.7,7.5,209.0,1.0,0.4,1700.0,2100.0,2023,0.17513134851138354,102.60000000000001,6.497999999999999,16.7,Safe
2514,"RIVER JALANGI, D/S OF KRISHNA NAGAR, NADIA",WEST BENGAL,18.0,5.7,7.0,263.0,1.0,0.4,700.0,1700.0,2023,0.17513134851138354,102.60000000000001,4.506,13.63,Safe
1337,"RIVER RUPNARAYAN BEFORE CONFL. TO GANGA NEAR GEONKHALI,MEDINIPOREÂ€, WEST BENGAL",WEST BENGAL,22.0,5.7,7.5,416.0,1.0,0.4,3200.0,6300.0,2023,0.17513134851138354,125.4,15.462,24.51,Safe
2509,"RIVER D/S OF RUPNARAYAN AT KOLAGHAT, NEAR
KOLAGHAT RAIL BRIDGE NO.3,MEDINIPOREÂ€",WEST BENGAL,21.0,5.7,7.9,232.0,1.0,0.4,3300.0,7000.0,2023,0.17513134851138354,119.7,16.294,25.0,Moderate
2531,"RIVER U/S OF TARAPITH ON DWARKA AT SADHAK BAMDEB GHAT, BIRBHUM",WEST BENGAL,21.0,5.7,6.7,124.0,1.0,0.4,1700.0,3200.0,2023,0.17513134851138354,119.7,7.978,18.49,Safe
2532,"RIVER D/S OF TARAPITH ON DWARKA, SATIGHAT",WEST BENGAL,21.0,5.7,6.9,128.0,1.0,0.4,1700.0,2600.0,2023,0.17513134851138354,119.7,7.086,17.45,Safe
2549,"RIVER U/S OF BINDYADHARI AT HAROA BRIDGE, 24 PARGANAS(N)",WEST BENGAL,19.0,5.7,7.1,601.0,1.0,0.4,32000.0,70000.0,2023,0.17513134851138354,108.3,154.582,46.82,Moderate
2550,"RIVER D/S OF BIDYADHARI AT MALANCHA BURNING
GHAT",WEST BENGAL,21.0,5.7,7.1,1293.0,1.0,0.4,23000.0,63000.0,2023,0.17513134851138354,119.7,131.966,45.26,Moderate
2507,"RIVER D/S OF KANSI AT MIDNAPORE, NEAR NEW HANUMAN MANDIR, GANDHIGHAT, MEDINIPORE(W)",WEST BENGAL,20.0,5.7,7.2,193.0,1.0,0.4,2200.0,4600.0,2023,0.17513134851138354,114.0,10.966,21.34,Safe
2525,"RIVER MAHANANDA D/S, RAMGHAT, DARJEELING",WEST BENGAL,18.0,5.7,6.1,117.0,1.0,0.4,110000.0,220000.0,2023,0.17513134851138354,102.60000000000001,495.61400000000003,58.35,Risky
1946,"RIVER MAHANANDA AT SILIGURI, DARJEELING",WEST BENGAL,17.0,5.7,6.7,65.0,1.0,0.4,14000.0,90000.0,2023,0.17513134851138354,96.9,156.51,46.95,Moderate
4727,RIVER MECHI AT NEHALJOTE,WEST BENGAL,20.0,5.7,6.8,55.0,1.0,0.4,1300.0,2100.0,2023,0.17513134851138354,114.0,5.59,15.42,Safe
4722,RIVER BALASON AT KHAPRAIL MORE,WEST BENGAL,12.0,5.7,6.1,42.0,1.0,0.4,2200.0,11000.0,2023,0.17513134851138354,68.4,20.264,27.05,Moderate
2508,"RIVER D/S OF SILABATI AT GHATAL, MEDINIPORE(W)",WEST BENGAL,20.0,5.7,7.5,194.0,1.0,0.4,3200.0,6300.0,2023,0.17513134851138354,114.0,15.017999999999999,24.24,Safe
2534,"RIVER WATER INTAKE POINT FOR SURI TOWN ON MAYURAKSHI, BIRBHUM",WEST BENGAL,20.0,5.7,7.0,97.0,1.0,0.4,1400.0,2100.0,2023,0.17513134851138354,114.0,5.824,15.76,Safe
4710,RIVER HALDI AT NORGHAT,WEST BENGAL,20.0,5.7,8.0,504.0,1.0,0.4,4000.0,7000.0,2023,0.17513134851138354,114.0,17.887999999999998,25.88,Moderate
4711,RIVER RASULPUR AT RASULPUR GHAT,WEST BENGAL,21.0,5.7,7.7,6245.0,1.0,0.4,2100.0,4900.0,2023,0.17513134851138354,119.7,23.370000000000005,28.41,Moderate
"STN
Code",Monitoring Location,State Name,21.0,5.7,7.2,232.0,1.0,0.4,11.0,90.0,2023,0.17513134851138354,119.7,0.9954999999999999,3.55,Safe
2950,"RIVER BANAS AT DHANARI DAM, NEAR SWAROOPGANJ, SIROHI, RAJASTHAN",RAJASTHAN,21.5,5.7,7.1,358.0,1.0,0.4,2.0,2.0,2023,0.17513134851138354,122.55,1.1019999999999999,4.07,Safe
2951,"RIVER BANAS BISULPUR DAM, TONK, RAJASTHAN",RAJASTHAN,18.0,5.7,7.9,386.0,1.0,0.4,58.0,170.0,2023,0.17513134851138354,102.60000000000001,1.4940000000000002,5.76,Safe
4167,"RIVER BANAS AT TRIVENI SANGAM, BHILWARA",RAJASTHAN,19.0,5.7,7.8,499.0,1.0,0.4,130.0,220.0,2023,0.17513134851138354,108.3,1.9030000000000002,7.27,Safe
2952,"RIVER NEAR NEWTA DAM,JAIPUR,RAJSTHAN",RAJASTHAN,19.0,5.7,7.8,1434.0,1.0,0.4,70.0,430.0,2023,0.17513134851138354,108.3,3.998,12.67,Safe
4790,"RIVER PIPLADAT PIPLAD DAM, BHAWANI MANDI",RAJASTHAN,20.0,5.7,8.0,490.0,1.0,0.4,130.0,240.0,2023,0.17513134851138354,114.0,1.915,7.31,Safe
4770,RIVER KOTHARI AT MEJA DAM BHILWARA (UPSTREAM OF KOTHARI RIVER),RAJASTHAN,18.5,5.7,7.5,237.0,1.0,0.4,110.0,280.0,2023,0.17513134851138354,105.45,1.439,5.54,Safe
5468,"RIVER KOTHARI AT KOTHARI DAM, BHILWARA",RAJASTHAN,20.5,5.7,8.0,761.0,1.0,0.4,210.0,350.0,2023,0.17513134851138354,116.85000000000001,2.742,9.79,Safe
4172,"RIVER BERACH AT GHOSUNDA DAM, CHITTORGARH",RAJASTHAN,17.0,5.7,7.1,720.0,1.0,0.4,110.0,170.0,2023,0.17513134851138354,96.9,2.24,8.36,Safe
4175,"RIVER BERACH, NEAR HOTEL PADMINI, CHITTORGARH",RAJASTHAN,17.0,5.7,7.1,720.0,1.0,0.4,110.0,170.0,2023,0.17513134851138354,96.9,2.24,8.36,Safe
4804,"RIVER BERACH NEAR VILLAGE-NAGARI, CHITTORGARH",RAJASTHAN,16.0,5.7,7.3,672.0,1.0,0.4,84.0,94.0,2023,0.17513134851138354,91.2,1.991,7.57,Safe
4173,"RIVER GAMBHIRI AT GAMBHIRI  DAM, NIMBAHERA- TEHSIL, CHITTORGARH",RAJASTHAN,16.0,5.7,7.1,372.0,1.0,0.4,90.0,170.0,2023,0.17513134851138354,91.2,1.5140000000000002,5.84,Safe
4174,"RIVER GAMBHIRI NEAR BUS STAND (OLD CITY BRIDGE), CHITTORGARH,RAJASTHAN",RAJASTHAN,18.0,5.7,7.1,605.0,1.0,0.4,110.0,150.0,2023,0.17513134851138354,102.60000000000001,1.98,7.53,Safe
2945,"RIVER CHHAPI AT CHHAPI DAM UPSTREAM , JHALAWAR,
RAJASTHAN",RAJASTHAN,20.0,5.7,7.8,229.0,1.0,0.4,110.0,210.0,2023,0.17513134851138354,114.0,1.318,5.04,Safe
2946,"RIVER UJAD AT BHIM SAGAR DAM UPSTREAM , JHALAWAR, RAJASTHAN",RAJASTHAN,20.0,5.7,7.6,247.0,1.0,0.4,79.0,150.0,2023,0.17513134851138354,114.0,1.2175000000000002,4.6,Safe
30072,RIVER DHANSIRI AT KHATKATI GATE,NAGALAND,18.0,5.7,7.2,128.0,1.0,0.4,2.0,2.0,2023,0.17513134851138354,102.60000000000001,0.642,1.61,Safe
30073,RIVER DHANSIRI AT BOKAJAN,ASSAM,18.5,5.7,7.3,130.0,1.0,0.4,2.0,2.0,2023,0.17513134851138354,105.45,0.646,1.64,Safe
30074,RIVER DHANSIRI AT NUMALIGARH,ASSAM,19.1,5.7,7.4,124.0,1.0,0.4,2.0,2.0,2023,0.17513134851138354,108.87,0.634,1.56,Safe
1528,"RIVER BHARALU AT GUWAHATI, ASSAM",ASSAM,21.0,5.7,6.9,520.0,1.0,0.4,2300.0,4200.0,2023,0.17513134851138354,119.7,11.169999999999998,21.51,Safe
3759,"RIVER DIKRONG NEAR BRIDGE AT NH-52, BANDARDEWA",ASSAM,20.0,5.7,7.0,120.0,1.0,0.4,300.0,910.0,2023,0.17513134851138354,114.0,2.4349999999999996,8.94,Safe
3786,"RIVER GAI NADI AT SOMARAJAN, DHEMAJI",ASSAM,22.0,5.7,6.9,140.0,1.0,0.4,360.0,910.0,2023,0.17513134851138354,125.4,2.565,9.31,Safe
3807,RIVER DIGARU AT NH CROSSING,ASSAM,19.0,5.7,7.0,101.0,1.0,0.4,620.0,1200.0,2023,0.17513134851138354,108.3,3.312,11.2,Safe
1530,"RIVER DIGBOI AT LAKHIPATHE, RESERVE FOREST, DIGBOI, ASSAM",ASSAM,22.0,5.7,6.8,152.0,1.0,0.4,300.0,720.0,2023,0.17513134851138354,125.4,2.214,8.28,Safe
2231,"RIVER DIKHOW AT DIKHOW BRIDGE SIVASAGAR, ASSAM",ASSAM,20.0,5.7,6.8,122.0,1.0,0.4,360.0,720.0,2023,0.17513134851138354,114.0,2.244,8.38,Safe
3776,"RIVER DIKHOW AT NAGINI MORA (INTER-STATE BOUNDARIES, ASSAM-NAGALAND)",ASSAM,18.0,5.7,6.7,126.0,1.0,0.4,360.0,1100.0,2023,0.17513134851138354,102.60000000000001,2.822,10.01,Safe
3778,RIVER DIKHOW AT DIKHOWMUKH CONFLUENCE WITH BRAHAMPUTRA,ASSAM,20.0,5.7,6.7,138.0,1.0,0.4,300.0,730.0,2023,0.17513134851138354,114.0,2.2009999999999996,8.24,Safe
2524,"RIVER KALJANI D/S OF ALIPURDWAR, MUNICIPALITY DISCHARGE POINT, COOCHBEHAR",WEST BENGAL,20.0,5.7,7.2,62.0,1.0,0.4,2200.0,11000.0,2023,0.17513134851138354,114.0,20.304,27.07,Moderate
1298,"RIVER DISANG AT GUDAMGHAT, ASSAM",ASSAM,18.0,5.7,6.9,98.0,1.0,0.4,360.0,730.0,2023,0.17513134851138354,102.60000000000001,2.2110000000000003,8.27,Safe
2058,"RIVER DISANG  AT DILLIGHAT, DIBRUGARH DIST., ASSAM",ASSAM,23.0,5.7,7.0,120.0,1.0,0.4,360.0,910.0,2023,0.17513134851138354,131.1,2.5250000000000004,9.2,Safe
4005,RIVER DISANG AT NH CROSSING,ASSAM,20.0,5.7,7.0,110.0,1.0,0.4,360.0,730.0,2023,0.17513134851138354,114.0,2.2350000000000003,8.35,Safe
3763,"RIVER GABHARU NEAR BRIDGE AT NH-52, NEAR
TUMIUKI, SONITPUR",ASSAM,16.0,5.7,6.8,106.0,1.0,0.4,360.0,1100.0,2023,0.17513134851138354,91.2,2.782,9.9,Safe
4011,RIVER TOCKLAI NEAR BRIDGE AT JORHAT,ASSAM,21.0,5.7,6.6,188.0,1.0,0.4,720.0,1400.0,2023,0.17513134851138354,119.7,3.936,12.55,Safe
4012,RIVER TUNIA AT D/S BRPL,ASSAM,21.0,5.7,6.8,138.0,1.0,0.4,620.0,1200.0,2023,0.17513134851138354,119.7,3.3859999999999997,11.37,Safe
4329,RIVER LARSING NEAR LOCL DEPO AT MOINARBOND,ASSAM,20.0,5.7,7.0,92.0,1.0,0.4,360.0,910.0,2023,0.17513134851138354,114.0,2.4690000000000003,9.04,Safe
4331,RIVER DHATESHWARI D/S OF HAILAKANDI,ASSAM,21.0,5.7,6.6,128.0,1.0,0.4,620.0,1300.0,2023,0.17513134851138354,119.7,3.516,11.66,Safe
4332,RIVER DEMOW AT DEMOW TOWN,ASSAM,21.0,5.7,6.8,108.0,1.0,0.4,360.0,1100.0,2023,0.17513134851138354,119.7,2.786,9.91,Safe
4336,"RIVER BORSILA AT BORSILA, DEOPANI, NAMTI",ASSAM,18.0,5.7,6.6,83.0,1.0,0.4,360.0,720.0,2023,0.17513134851138354,102.60000000000001,2.1660000000000004,8.13,Safe
4341,"RIVER BARNADI NEAR BRIDGE, NH-52, DUMUNICHOWKI KAMRUP",ASSAM,19.0,5.7,7.0,120.0,1.0,0.4,360.0,910.0,2023,0.17513134851138354,108.3,2.5250000000000004,9.2,Safe
2838,"RIVER NONEY/IJEI  AT NONEY BRIDGE, NONEY",MANIPUR,20.0,5.7,7.2,160.0,1.0,0.4,40.0,85.0,2023,0.17513134851138354,114.0,0.8875,3.0,Safe
2240,"RIVER BARAK AT D/S OF SILCHAR, ASSAM",ASSAM,22.0,5.7,7.0,90.0,1.0,0.4,300.0,730.0,2023,0.17513134851138354,125.4,2.105,7.94,Safe
2869,RIVER BARAK AT SENAPATI,MANIPUR,19.0,5.7,7.3,210.0,1.0,0.4,10.0,45.0,2023,0.17513134851138354,108.3,0.8825000000000001,2.97,Safe
2875,"RIVER BARAK AT N.H. 53, TAMENGLONG",MANIPUR,18.0,5.7,7.1,140.0,1.0,0.4,15.0,40.0,2023,0.17513134851138354,102.60000000000001,0.7424999999999999,2.2,Safe
1423,"RIVER BARAK RIVER AT PANCHAGRAM , ASSAM",ASSAM,20.0,5.7,6.8,102.0,1.0,0.4,620.0,1400.0,2023,0.17513134851138354,114.0,3.614,11.88,Safe
4649,RIVER MANU AT MANUBAZAR,TRIPURA,21.0,5.7,6.9,134.0,1.0,0.4,33.0,110.0,2023,0.17513134851138354,119.7,0.8625,2.86,Safe
4650,RIVER MANU AT CHAILENGTA,TRIPURA,21.0,5.7,6.6,142.0,1.0,0.4,27.0,94.0,2023,0.17513134851138354,119.7,0.8454999999999999,2.77,Safe
2877,RIVER KHUGA (TUITHA) DAM ON KHUGA RIVER,MANIPUR,19.0,5.7,7.1,170.0,1.0,0.4,20.0,55.0,2023,0.17513134851138354,108.3,0.8325,2.7,Safe
2878,RIVER THONGJAOROK  AT THONGJAOROK BRIDGE,MANIPUR,19.0,5.7,7.0,150.0,1.0,0.4,40.0,45.0,2023,0.17513134851138354,108.3,0.8075,2.57,Safe
2242,"RIVER KUSHIARA AT KARIMGANJ, ASSAM",ASSAM,20.0,5.7,7.0,84.0,1.0,0.4,360.0,910.0,2023,0.17513134851138354,114.0,2.4530000000000003,9.0,Safe
1925,"RIVER KHUGA (TUITHA)  AT RENGKAI,
CHURACHANDPUR",MANIPUR,19.0,5.7,7.1,140.0,1.0,0.4,60.0,195.0,2023,0.17513134851138354,108.3,1.0425,3.78,Safe
2880,RIVER NAMBUL AT BISHNUPUR,MANIPUR,18.0,5.7,7.0,162.0,1.0,0.4,70.0,165.0,2023,0.17513134851138354,102.60000000000001,1.0565,3.85,Safe
3107,RIVER DIHING AT MIAO (U/S OF NOA DIHING),ARUNACHAL PRADESH,19.4,5.7,7.4,79.0,1.0,0.4,11.0,90.0,2023,0.17513134851138354,110.58,0.6895,1.9,Safe
3095,"RIVER SENKI  AT CHANDRANAGAR, ITANAGAR, (U/S OF PACHIN RIVER)",ARUNACHAL PRADESH,20.3,5.7,7.0,57.0,1.0,0.4,11.0,90.0,2023,0.17513134851138354,115.71000000000001,0.6455,1.63,Safe
3096,RIVER DIKRONG AT NIRJULI (U/S),ARUNACHAL PRADESH,21.4,5.7,6.7,65.0,1.0,0.4,11.0,90.0,2023,0.17513134851138354,121.97999999999999,0.6615,1.73,Safe
3777,"RIVER DORIKA NEAR MSW DUMPING SITE, SIVASAGAR",ASSAM,20.0,5.7,6.6,108.0,1.0,0.4,720.0,1500.0,2023,0.17513134851138354,114.0,3.926,12.53,Safe
3105,"RIVER GAI NADI, NEAR HSS LIKABALI (D/S)",ARUNACHAL PRADESH,22.0,5.7,7.1,85.0,1.0,0.4,11.0,90.0,2023,0.17513134851138354,125.4,0.7015,1.97,Safe
1261,"RIVER SUBANSIRI AT GERUKAMUKH (BEFORE
CONFLUENCE WITH RIVER BRAHMAPUTRA)",ASSAM,22.0,5.7,7.0,108.0,1.0,0.4,360.0,910.0,2023,0.17513134851138354,125.4,2.5010000000000003,9.13,Safe
3097,RIVER SUBANSIRI AT GERUKAMUKH,ARUNACHAL PRADESH,19.0,5.7,7.0,56.0,1.0,0.4,11.0,90.0,2023,0.17513134851138354,108.3,0.6435,1.62,Safe
3098,"RIVER SIANG AT RANAGHAT, NEAR RCC BRIDGE, PASIGHAT(U/S)",ARUNACHAL PRADESH,20.0,5.7,7.4,98.0,1.0,0.4,11.0,90.0,2023,0.17513134851138354,114.0,0.7275,2.12,Safe
4342,"RIVER BARALIA (NEAR CHATPUJA GHAT) RANGIA,
KAMRUP",ASSAM,19.0,5.7,7.2,136.0,1.0,0.4,620.0,1100.0,2023,0.17513134851138354,108.3,3.2319999999999998,11.02,Safe
4343,RIVER BURALIA (NEAR BRIDGE ALONG NH-31) NALBARI,ASSAM,20.0,5.7,7.0,116.0,1.0,0.4,600.0,1200.0,2023,0.17513134851138354,114.0,3.312,11.2,Safe
2888,RIVER CHATHE AT BRIDGE NEAR CIHSR,NAGALAND,21.3,5.7,6.9,80.0,1.0,0.4,11.0,90.0,2023,0.17513134851138354,121.41000000000001,0.6915,1.91,Safe
2891,DZUCHA RU,NAGALAND,17.6,5.7,6.7,142.0,1.0,0.4,11.0,90.0,2023,0.17513134851138354,100.32000000000001,0.8154999999999999,2.61,Safe
2889,DZUDZA RU BELOW HYDRO PROJECT STATION,NAGALAND,15.6,5.7,6.5,66.0,1.0,0.4,11.0,90.0,2023,0.17513134851138354,88.92,0.6635,1.74,Safe
2892,KHA RU ADJOINING MUNICIPAL COUNCIL SWM SITE,NAGALAND,17.5,5.7,6.5,88.0,1.0,0.4,11.0,90.0,2023,0.17513134851138354,99.75,0.7075,2.0,Safe
2893,RIVER DZUCHA  CONFLUENCE OF DZUCHA AND KHA RU,NAGALAND,17.9,5.7,6.9,85.0,1.0,0.4,11.0,90.0,2023,0.17513134851138354,102.03,0.7015,1.97,Safe
2228,"GELA BEEL AT DERGAON, ASSAM",ASSAM,20.0,5.7,6.8,122.0,1.0,0.4,300.0,910.0,2023,0.17513134851138354,114.0,2.439,8.96,Safe
4719,RIVER TORSA D/S OF GHUGHUMARI,WEST BENGAL,15.0,5.7,7.0,83.0,1.0,0.4,1300.0,3000.0,2023,0.17513134851138354,85.5,6.996,17.34,Safe
4724,RIVER TORSA AT HASIMARA,WEST BENGAL,18.0,5.7,7.2,60.0,1.0,0.4,2300.0,7000.0,2023,0.17513134851138354,102.60000000000001,14.45,23.88,Safe
2238,"RIVER BEKI AT NH-37 CROSSING AT BARPETA ROAD, ASSAM",ASSAM,16.0,5.7,6.8,138.0,1.0,0.4,360.0,1100.0,2023,0.17513134851138354,91.2,2.846,10.07,Safe
3108,RIVER BERENG AT CHOWKHAM,ARUNACHAL PRADESH,15.3,5.7,7.4,105.0,1.0,0.4,11.0,90.0,2023,0.17513134851138354,87.21000000000001,0.7415,2.2,Safe
1527,"RIVER BHOGDOI AT JORHAT , ASSAM",ASSAM,21.0,5.7,6.6,140.0,1.0,0.4,360.0,910.0,2023,0.17513134851138354,119.7,2.565,9.31,Safe
3769,"RIVER BHOGDOI (PUJADUBI GHAT) INTAKE POINT OF
URBAN WATER SUPPLY, JORHAT",ASSAM,21.0,5.7,6.6,138.0,1.0,0.4,300.0,700.0,2023,0.17513134851138354,119.7,2.1559999999999997,8.1,Safe
1258,"RIVER JHANJI AT N.H. CROSSING JORHAT, ASSAM",ASSAM,19.0,5.7,6.6,110.0,1.0,0.4,300.0,720.0,2023,0.17513134851138354,108.3,2.13,8.02,Safe
2063,"RIVER JIA BHARALI AT BISWANATH CHARALI, SONITPUR",ASSAM,18.0,5.7,7.0,126.0,1.0,0.4,360.0,910.0,2023,0.17513134851138354,102.60000000000001,2.537,9.24,Safe
2239,"RIVER SANKOSH DHUBRI, ASSAM",ASSAM,21.0,5.7,6.9,126.0,1.0,0.4,300.0,620.0,2023,0.17513134851138354,119.7,2.0119999999999996,7.64,Safe
2890,SANUO RU BELOW NEW SECRETARIAT,NAGALAND,17.4,5.7,6.5,152.0,1.0,0.4,11.0,90.0,2023,0.17513134851138354,99.17999999999999,0.8355,2.72,Safe
2233,"RIVER BOGINADI NEAR BRIDGE NH-52, LAKHIMPUR, ASSAM",ASSAM,19.0,5.7,7.2,112.0,1.0,0.4,620.0,1300.0,2023,0.17513134851138354,108.3,3.484,11.59,Safe
3372,"RIVER RILANG AT MAWKYRWAT,",MEGHALAYA,14.0,5.7,6.8,30.0,1.0,0.4,2.0,24.0,2023,0.17513134851138354,79.8,0.479,0.57,Safe
3377,RIVER MYNTANG AT NARTIANG,MEGHALAYA,12.0,5.7,6.8,34.0,1.0,0.4,2.0,230.0,2023,0.17513134851138354,68.4,0.796,2.5,Safe
3378,RIVER MYNTANG AT MYNSO,MEGHALAYA,10.0,5.7,6.7,36.0,1.0,0.4,2.0,23.0,2023,0.17513134851138354,57.0,0.48950000000000005,0.64,Safe
3380,RIVER DAMRING (KRISHNAI RIVER) AT RESUBELPARA,MEGHALAYA,15.0,5.7,6.9,58.0,1.0,0.4,12.0,350.0,2023,0.17513134851138354,85.5,1.0390000000000001,3.76,Safe
3381,"RIVER MANDA (DUDHNOI RIVER) AT JAMGE,",MEGHALAYA,15.0,5.7,6.6,60.0,1.0,0.4,23.0,310.0,2023,0.17513134851138354,85.5,0.9994999999999999,3.57,Safe
3382,RIVER MANDA (DUDHNOI RIVER) AT WAGEASI,MEGHALAYA,15.0,5.7,7.0,57.0,1.0,0.4,12.0,310.0,2023,0.17513134851138354,85.5,0.977,3.46,Safe
2050,"RIVER TLAWNG  MID STREAM, REIEK KAI, AIZAWL,U/S
OF TLAWNG BRIDGE",MIZORAM,19.0,5.7,7.3,102.0,1.0,0.4,2.0,210.0,2023,0.17513134851138354,108.3,0.9020000000000001,3.07,Safe
2051,"RIVER TLAWNG MID STREAM, REIEK KAI, AIZAWL,D/S OF TLAWNG BRIDGE",MIZORAM,19.0,5.7,7.3,110.0,1.0,0.4,2.0,210.0,2023,0.17513134851138354,108.3,0.9180000000000001,3.16,Safe
2053,"RIVER TUIRIAL  MID STREAM, TUIRIAL VILLAGE,D/S OF TUIRIAL BRIDGE",MIZORAM,19.0,5.7,6.7,145.0,1.0,0.4,3.0,1100.0,2023,0.17513134851138354,108.3,2.3244999999999996,8.62,Safe
3709,RIVER TLAWNG  SAIRANG,MIZORAM,19.0,5.7,7.2,131.0,1.0,0.4,2.0,1100.0,2023,0.17513134851138354,108.3,2.295,8.53,Safe
3754,"RIVER TLAWNG  D/S, RIMAWI VENG, BAIRABI,KOLASIB DIST.",MIZORAM,11.0,5.7,6.8,148.0,1.0,0.4,11.0,90.0,2023,0.17513134851138354,62.7,0.8274999999999999,2.68,Safe
4121,"RIVER TLAWNG D/S,SUARPUI, BAIRABI HEPP DAM SITE,
BAIRABI,KOLASIB DIST.",MIZORAM,10.0,5.7,6.8,107.0,1.0,0.4,11.0,90.0,2023,0.17513134851138354,57.0,0.7455,2.22,Safe
3734,"RIVER TLAWNG U/S, ZOBAWK VILLAGE, LUNGLEI DIST.",MIZORAM,14.0,5.7,6.1,36.0,1.0,0.4,11.0,90.0,2023,0.17513134851138354,79.8,0.6035,1.38,Safe
3736,"RIVER TLAWNG U/S, PIALTHLENG ZOTLANG, LUNGLEI",MIZORAM,20.0,5.7,7.3,77.0,1.0,0.4,11.0,90.0,2023,0.17513134851138354,114.0,0.6855,1.87,Safe
3710,"RIVER, SERLUI STREAM, REIEK KAI, NEAR PHE WATER TREATMENT PLANT, AIZAWL",MIZORAM,18.0,5.7,7.3,18.0,1.0,0.4,11.0,90.0,2023,0.17513134851138354,102.60000000000001,0.5675,1.15,Safe
3711,"VAIPUANPHO STREAM, AILAWNG, MAMIT DIST.",MIZORAM,20.0,5.7,7.2,38.0,1.0,0.4,11.0,90.0,2023,0.17513134851138354,114.0,0.6075,1.4,Safe
3712,"TUIKUAL STREAM, D/S, REIEK KAI, NEAR PHE WATER TREATMENT PLANT, AIZAWL",MIZORAM,19.0,5.7,7.6,113.0,1.0,0.4,2.0,210.0,2023,0.17513134851138354,108.3,0.9239999999999999,3.19,Safe
3713,"SAKHISIH STREAM, MISSION VENGTHLANG, AIZAWL",MIZORAM,15.0,5.7,5.6,182.0,1.0,0.4,11.0,90.0,2023,0.17513134851138354,85.5,0.8955,3.04,Safe
3714,"RIVER TUIRIAL UPSTREAM, SUMSUIH,AIZAWL DIST",MIZORAM,11.0,5.7,6.0,24.0,1.0,0.4,11.0,90.0,2023,0.17513134851138354,62.7,0.5795,1.23,Safe
3715,"RIVER TUIRIAL MID STREAM, AIRFIELD, U/S OF TUIRIAL
WASTE MANAGEMENT CENTRE,AIZAWL DIST.",MIZORAM,19.0,5.7,7.4,143.0,1.0,0.4,11.0,90.0,2023,0.17513134851138354,108.3,0.8174999999999999,2.62,Safe
4118,"RIVER TUIRIAL D/S, HEPP DAM, SAIPUM, KOLASIB DIST.",MIZORAM,19.0,5.7,6.9,81.0,1.0,0.4,11.0,90.0,2023,0.17513134851138354,108.3,0.6935,1.92,Safe
3717,"RIVER TUIRIAL MID STREAM, AIRFIELD, D/S OF TUIRIAL WASTE MANAGEMENT CENTRE,AIZAWL DIST",MIZORAM,19.0,5.7,7.5,167.0,1.0,0.4,11.0,90.0,2023,0.17513134851138354,108.3,0.8654999999999999,2.88,Safe
2052,"RIVER TUIRIAL MID STREAM, TUIRIAL VILLAGE,U/S OF TUIRIAL BRIDGE",MIZORAM,19.0,5.7,6.5,149.0,1.0,0.4,3.0,1100.0,2023,0.17513134851138354,108.3,2.3324999999999996,8.64,Safe
3716,"DAMDIAI STREAM, AIRFIELD,NEAR TUIRIAL WASTE
MANAGEMENT CENTRE,AIZAWL DIST",MIZORAM,19.0,5.7,7.7,119.0,1.0,0.4,11.0,90.0,2023,0.17513134851138354,108.3,0.7695,2.36,Safe
3718,"CHITE STREAM, ARMED VENG, NEAR MINI SPORTS COMPLEX, AIZAWL",MIZORAM,20.0,5.7,7.3,371.0,1.0,0.4,2.0,1600.0,2023,0.17513134851138354,114.0,3.5249999999999995,11.68,Safe
3719,"TUIRINI RIVER, SELING, SAITUAL DIST",MIZORAM,16.0,5.7,6.8,93.0,1.0,0.4,11.0,90.0,2023,0.17513134851138354,91.2,0.7175,2.06,Safe
3720,"TUIVAWL RIVER, KEIFANG VILLAGE, NEAR TUIVAWL
BRIDGE,SAITUAL DIST",MIZORAM,16.0,5.7,6.6,97.0,1.0,0.4,11.0,90.0,2023,0.17513134851138354,91.2,0.7255,2.11,Safe
3721,"LAWIBUAL STREAM,
I.T.I VENG, AIZAWL",MIZORAM,18.0,5.7,5.6,166.0,1.0,0.4,3.0,2400.0,2023,0.17513134851138354,102.60000000000001,4.3165,13.28,Safe
3724,"CHALLUI STREAM, LENGPUI, AIZAWL DIST",MIZORAM,18.0,5.7,6.7,104.0,1.0,0.4,11.0,90.0,2023,0.17513134851138354,102.60000000000001,0.7395,2.19,Safe
3735,"MAT RIVER, DAWN VILLAGE, NEAR MAT BRIDGE,LUNGLEI DIST.",MIZORAM,15.0,5.7,5.7,37.0,1.0,0.4,11.0,90.0,2023,0.17513134851138354,85.5,0.6055,1.39,Safe
3740,"SAIKAH STREAM, LAWNGTLAI",MIZORAM,21.0,5.7,6.5,60.0,1.0,0.4,11.0,90.0,2023,0.17513134851138354,119.7,0.6515,1.67,Safe
3744,"CHHIMTUIPUI RIVER, KAWLCHAW,  NEAR CHHIMTUPUI BRIDGE, SAIHA DIST.",MIZORAM,15.0,5.7,6.8,99.0,1.0,0.4,11.0,90.0,2023,0.17513134851138354,85.5,0.7295,2.13,Safe
3746,"TUIKUM RIVER,
NEAR PHE WATER TREATMENT PLANT, SERCHHIP",MIZORAM,14.0,5.7,6.3,69.0,1.0,0.4,11.0,90.0,2023,0.17513134851138354,79.8,0.6695,1.78,Safe
3747,"SESAH STREAM, DINTHAR, SERCHHIP",MIZORAM,13.0,5.7,6.9,75.0,1.0,0.4,11.0,90.0,2023,0.17513134851138354,74.10000000000001,0.6815,1.85,Safe
3749,"RIVER PHE RESERVIOR (LAHMUN RIVER), MIZO VENG,
MAMIT",MIZORAM,17.0,5.7,7.2,72.0,1.0,0.4,11.0,90.0,2023,0.17513134851138354,96.9,0.6755,1.81,Safe
3750,"RIVER TEIREI  BAWNGVA, MAMIT DIST.",MIZORAM,16.0,5.7,7.1,148.0,1.0,0.4,11.0,90.0,2023,0.17513134851138354,91.2,0.8274999999999999,2.68,Safe
3751,"RIVER TUT  DAPCHHUAH, MAMIT DIST.",MIZORAM,15.0,5.7,6.4,109.0,1.0,0.4,11.0,90.0,2023,0.17513134851138354,85.5,0.7495,2.24,Safe
3752,"RIVER TUICHHUAHEN STREAM,
NEAR PHE WATER TREATMENT PLANT, KOLASIB",MIZORAM,16.0,5.7,6.0,70.0,1.0,0.4,11.0,90.0,2023,0.17513134851138354,91.2,0.6715,1.79,Safe
3756,"RIVER TIAU,  ZOKHAWTHAR,
NEAR TIAU BRIDGE,CHAMPHAI DIST.",MIZORAM,17.0,5.7,7.2,137.0,1.0,0.4,11.0,90.0,2023,0.17513134851138354,96.9,0.8055,2.56,Safe
3757,"RIVER TUIPUI NEAR PHE WATER TREATMENT PLANT, CHAMPHAI DIST.",MIZORAM,17.0,5.7,6.4,73.0,1.0,0.4,11.0,90.0,2023,0.17513134851138354,96.9,0.6775,1.82,Safe
5500,RIVER LEIMAKHONG  NEAR KANTO AWANG LEIKAI,MANIPUR,19.0,5.7,7.1,95.0,1.0,0.4,50.0,75.0,2023,0.17513134851138354,108.3,0.7575000000000001,2.29,Safe
5501,"TUPUL RIVER  AT TUPUL BRIDGE, NONEY",MANIPUR,18.0,5.7,7.2,290.0,1.0,0.4,20.0,50.0,2023,0.17513134851138354,102.60000000000001,1.065,3.89,Safe
5502,RIVER  KONGBA AT IRONG,MANIPUR,18.2,5.7,7.0,120.0,1.0,0.4,125.0,245.0,2023,0.17513134851138354,103.74,1.175,4.4,Safe
5503,RIVER KONGBA  AT IRANPHAM,MANIPUR,20.0,5.7,6.8,180.0,1.0,0.4,170.0,335.0,2023,0.17513134851138354,114.0,1.4975,5.78,Safe
4110,RIVER NONGAL AT NANGALBIBRA,MEGHALAYA,15.0,5.7,4.0,130.0,1.0,0.4,9.0,350.0,2023,0.17513134851138354,85.5,1.1785,4.42,Safe
4113,RIVER DAMRING AT BOLDAMGRE,MEGHALAYA,16.0,5.7,7.0,65.0,1.0,0.4,9.0,330.0,2023,0.17513134851138354,91.2,1.0185,3.66,Safe
4114,"RIVER CHITE STREAM, NEAR SIPMIU'S STP, BETHLEHEM VENGTHLANG, AIZAWL",MIZORAM,20.0,5.7,7.2,505.0,1.0,0.4,9.0,1600.0,2023,0.17513134851138354,114.0,3.8035,12.28,Safe
4115,"RIVER TUIKUAL STREAM, U/S,
MIZORAM NEW CAPITAL COMPLEX , DINTHAR, AIZAWL",MIZORAM,16.0,5.7,6.9,76.0,1.0,0.4,2.0,1100.0,2023,0.17513134851138354,91.2,2.185,8.19,Safe
4118,"RIVER TUIRIAL D/S,  HEPP DAM, SAIPUM, KOLASIB DIST.",MIZORAM,19.0,5.7,6.9,81.0,1.0,0.4,11.0,90.0,2023,0.17513134851138354,108.3,0.6935,1.92,Safe
4119,"RIVER SERLUI  D/S, SERLUI 'B' HEPP DAM, BILKHAWTHLIR, KOLASIB DIST.",MIZORAM,19.0,5.7,6.3,93.0,1.0,0.4,11.0,90.0,2023,0.17513134851138354,108.3,0.7175,2.06,Safe
4120,"RIVER TEIREI  D/S
NR CONFLUENCE PT WITH TLAWNG RIVER, SAPMARA, BAIRABI,KOLASIB DIST.",MIZORAM,10.0,5.7,6.4,92.0,1.0,0.4,11.0,90.0,2023,0.17513134851138354,57.0,0.7155,2.05,Safe
4122,"RIVER KHAWTHLANGTUIPUI ,TLABUNG, LUNGLEI DIST.",MIZORAM,20.0,5.7,6.7,46.0,1.0,0.4,11.0,90.0,2023,0.17513134851138354,114.0,0.6235,1.5,Safe
4123,"RIVER, TUIPUI D  DARZOKAI, HNAHTHIAL DIST.",MIZORAM,17.0,5.7,6.8,51.0,1.0,0.4,11.0,90.0,2023,0.17513134851138354,96.9,0.6335,1.56,Safe
4125,"RIVER TUIPUI  U/S,
NR CONFLUENCE PT KEILUNGLIAH STREAM, VENGTHAR, CHAMPHAI",MIZORAM,17.0,5.7,6.4,40.0,1.0,0.4,11.0,90.0,2023,0.17513134851138354,96.9,0.6115,1.43,Safe
4130,"RIVER NGENGPUI STREAM,NR KALADAN MULTI MODAL RD, LAWNGTLAI DIST.",MIZORAM,21.0,5.7,6.3,74.0,1.0,0.4,11.0,90.0,2023,0.17513134851138354,119.7,0.6795,1.84,Safe
4132,"RIVER VANTAWNG WATER FALL, THENZAWL, SERCHHIP DIST.",MIZORAM,14.0,5.7,6.5,30.0,1.0,0.4,11.0,90.0,2023,0.17513134851138354,79.8,0.5915,1.3,Safe
2232,"RIVER KOHORA AT N.H. CROSSING, KOHORA, ASSAM (BRAHMAPUTRA)",ASSAM,22.0,5.7,6.8,106.0,1.0,0.4,360.0,1100.0,2023,0.17513134851138354,125.4,2.782,9.9,Safe
4304,RIVER SDERKARIAH AT SOHRA (CHERRAPUNJEE),MEGHALAYA,14.0,5.7,4.0,66.0,1.0,0.4,2.0,12.0,2023,0.17513134851138354,79.8,0.533,0.93,Safe
4305,RIVER LAITRYNGEW AT LAITRYNGEW,MEGHALAYA,14.0,5.7,3.8,86.0,1.0,0.4,2.0,21.0,2023,0.17513134851138354,79.8,0.5865,1.27,Safe
4306,RIVER WAHKHLEK KHLEK AT SAITSOHPEN,MEGHALAYA,14.0,5.7,6.9,81.0,1.0,0.4,2.0,23.0,2023,0.17513134851138354,79.8,0.5795,1.23,Safe
4307,RIVER WAHREW AT MAJAI,MEGHALAYA,17.0,5.7,6.9,33.0,1.0,0.4,2.0,27.0,2023,0.17513134851138354,96.9,0.4895,0.64,Safe
4308,RIVER UMNGI AT JAKREM,MEGHALAYA,9.0,5.7,6.8,30.0,1.0,0.4,2.0,23.0,2023,0.17513134851138354,51.300000000000004,0.47750000000000004,0.56,Safe
4309,RIVER UMNGI AT UMPUNG,MEGHALAYA,15.0,5.7,7.0,38.0,1.0,0.4,2.0,27.0,2023,0.17513134851138354,85.5,0.4995,0.71,Safe
4310,RIVER RWIANG AT RWIANG,MEGHALAYA,14.2,5.7,6.7,34.0,1.0,0.4,2.0,33.0,2023,0.17513134851138354,80.94,0.5005000000000001,0.72,Safe
4311,RIVER KALIPAI AT RYMBAI,MEGHALAYA,14.6,5.7,2.7,315.0,1.0,0.4,2.0,2.0,2023,0.17513134851138354,83.22,1.0159999999999998,3.65,Safe
4312,RIVER KMAI UM AT RYMBAI,MEGHALAYA,14.4,5.7,2.6,680.0,1.0,0.4,2.0,2.0,2023,0.17513134851138354,82.08,1.746,6.72,Safe
4313,RIVER WAIKHRWI AT MOOPALA,MEGHALAYA,9.0,5.7,2.7,464.0,1.0,0.4,2.0,2.0,2023,0.17513134851138354,51.300000000000004,1.3139999999999996,5.02,Safe
4314,"RIVER KWAI AT SUTNGA, JALAPHET",MEGHALAYA,12.0,5.7,3.6,126.0,1.0,0.4,2.0,2.0,2023,0.17513134851138354,68.4,0.638,1.59,Safe
4315,RIVER LUKHA AT KHADDUM,MEGHALAYA,14.2,5.7,4.7,150.0,1.0,0.4,2.0,49.0,2023,0.17513134851138354,80.94,0.7565000000000001,2.28,Safe
4316,RIVER MYNTDU AT MIHMYNTDU,MEGHALAYA,12.0,5.7,6.6,36.0,1.0,0.4,46.0,430.0,2023,0.17513134851138354,68.4,1.166,4.36,Safe
3379,RIVER MYNTDU AT LESHKA,MEGHALAYA,13.0,5.7,5.0,41.0,1.0,0.4,11.0,170.0,2023,0.17513134851138354,74.10000000000001,0.7335,2.15,Safe
1631,RIVER MYNTDU JOWAI,MEGHALAYA,15.0,5.7,6.7,36.0,1.0,0.4,220.0,1400.0,2023,0.17513134851138354,85.5,2.882,10.16,Safe
1428,RIVER KYRHUHKHLA KHLIEHRIAT,MEGHALAYA,13.0,5.7,2.8,111.0,1.0,0.4,2.0,2.0,2023,0.17513134851138354,74.10000000000001,0.6080000000000001,1.4,Safe
4317,RIVER LAMU AT LESHKA,MEGHALAYA,12.6,5.7,6.8,40.0,1.0,0.4,4.0,110.0,2023,0.17513134851138354,71.82,0.631,1.55,Safe
4318,RIVER LYNRIANG  AT LESHKA POWER HOUSE,MEGHALAYA,13.8,5.7,2.7,433.0,1.0,0.4,2.0,2.0,2023,0.17513134851138354,78.66000000000001,1.2519999999999998,4.75,Safe
4319,RIVER UMIUREM AT LALE,MEGHALAYA,14.0,5.7,3.8,158.0,1.0,0.4,2.0,2.0,2023,0.17513134851138354,79.8,0.7020000000000001,1.97,Safe
4320,RIVER KUPLI AT LOOSKI,MEGHALAYA,14.6,5.7,3.8,143.0,1.0,0.4,2.0,2.0,2023,0.17513134851138354,83.22,0.6719999999999999,1.79,Safe
4321,RIVER KUPLI AT KHANDONG,MEGHALAYA,14.0,5.7,3.7,140.0,1.0,0.4,2.0,2.0,2023,0.17513134851138354,79.8,0.6659999999999999,1.76,Safe
4322,RIVER THLU UMWI AT THLU UMWI,MEGHALAYA,10.0,5.7,4.0,36.0,1.0,0.4,2.0,12.0,2023,0.17513134851138354,57.0,0.47300000000000003,0.53,Safe
1633,RIVER SIMSANG WILLIAMNAGAR,MEGHALAYA,15.0,5.7,6.9,50.0,1.0,0.4,23.0,330.0,2023,0.17513134851138354,85.5,1.0094999999999998,3.62,Safe
1801,"RIVER TEESTA AFTER CONFLUENCS OF RIVERS
LACHENCHU AND LACHUNGCHU AT CHUNGTHANG",SIKKIM,9.2,5.7,6.8,91.0,1.0,0.4,24.0,56.0,2023,0.17513134851138354,52.44,0.682,1.85,Safe
1807,RIVER TEESTA AFTER CONFLUENCS WITH RANICHU AT SINGTAM,SIKKIM,14.0,5.7,6.6,139.0,1.0,0.4,31.0,66.0,2023,0.17513134851138354,79.8,0.8034999999999999,2.54,Safe
1808,"RIVER TEESTA AFTER CONFLUENCS WITH RONGPOCHU AFTER MEETING THE INDUSTRIAL EFFLUENTS FROM
THE TOWN RANGPO",SIKKIM,16.0,5.7,6.7,139.0,1.0,0.4,29.0,61.0,2023,0.17513134851138354,91.2,0.7929999999999999,2.49,Safe
1809,RIVER TEESTA AT MELLI DOWNSTREAM MELLI,SIKKIM,14.0,5.7,6.8,132.0,1.0,0.4,32.0,64.0,2023,0.17513134851138354,79.8,0.788,2.46,Safe
1947,"RIVER TEESTA AT SEVOKE, SILIGURI, DARJEELING",WEST BENGAL,11.0,5.7,6.3,36.0,1.0,0.4,800.0,2300.0,2023,0.17513134851138354,62.7,5.101999999999999,14.65,Safe
4723,RIVER TEESTA AT JALPESH,WEST BENGAL,11.0,5.7,6.9,52.0,1.0,0.4,1100.0,2100.0,2023,0.17513134851138354,62.7,5.284,14.94,Safe
4728,RIVER RAIDAK AT ALIPURDUAR,WEST BENGAL,20.0,5.7,7.3,110.0,1.0,0.4,800.0,1700.0,2023,0.17513134851138354,114.0,4.35,13.35,Safe
2241,"RIVER SONAI AT SONAI, ASSAM",ASSAM,21.0,5.7,7.2,88.0,1.0,0.4,600.0,1100.0,2023,0.17513134851138354,119.7,3.106,10.72,Safe
2234,"RIVER RANGA NADI D/S OF HYDEL PROJECT, ASSAM",ASSAM,19.0,5.7,6.9,122.0,1.0,0.4,300.0,730.0,2023,0.17513134851138354,108.3,2.1689999999999996,8.14,Safe
2034,RIVER RANGIT AT DAM SITE (NHPC),SIKKIM,10.0,5.7,6.9,142.0,1.0,0.4,19.0,46.0,2023,0.17513134851138354,57.0,0.7614999999999998,2.31,Safe
2035,RIVER RANGIT AT LEGSHIP,SIKKIM,13.0,5.7,6.9,131.0,1.0,0.4,20.0,52.0,2023,0.17513134851138354,74.10000000000001,0.75,2.25,Safe
2036,RIVER RANGIT AT RESHI,SIKKIM,13.0,5.7,6.7,148.0,1.0,0.4,23.0,56.0,2023,0.17513134851138354,74.10000000000001,0.7944999999999999,2.49,Safe
2037,RIVER RANGIT AT JORETHANG,SIKKIM,15.0,5.7,6.6,137.0,1.0,0.4,22.0,35.0,2023,0.17513134851138354,85.5,0.7395,2.19,Safe
2038,RIVER RANGIT AT TRIVENI MELLI,SIKKIM,14.0,5.7,6.7,139.0,1.0,0.4,32.0,56.0,2023,0.17513134851138354,79.8,0.7899999999999999,2.47,Safe
5553,"RIVER RANGIT AT UPSTREAM OF DAM , RANGIT STAGE-
IV RESHI NHPC RESHI SORENG,DIST",SIKKIM,15.0,5.7,6.9,51.0,1.0,0.4,30.0,63.0,2023,0.17513134851138354,85.5,0.6215,1.49,Safe
5554,"RIVER RANGIT AT JORETHANG (MAJIGOAN), NAMCHI",SIKKIM,16.0,5.7,6.7,25.0,1.0,0.4,30.0,72.0,2023,0.17513134851138354,91.2,0.583,1.25,Safe
5555,"RIVER RANGIT AT MANPUR(BELOW INDUSTRIAL AREA),NAMCHI DIST SIKKIM",SIKKIM,15.0,5.7,6.6,48.0,1.0,0.4,27.0,61.0,2023,0.17513134851138354,85.5,0.608,1.4,Safe
5556,"RIVER TEESTA AT MAMRING BELOW MAMRING BRIDGE,NAMCHI, DIST , SIKKIM",SIKKIM,15.0,5.7,7.0,51.0,1.0,0.4,31.0,70.0,2023,0.17513134851138354,85.5,0.6335,1.56,Safe
5557,"RIVER TEESTA AT BARDANG BELOW ATTC, PAKYONG DIST",SIKKIM,16.0,5.7,6.8,54.0,1.0,0.4,35.0,67.0,2023,0.17513134851138354,91.2,0.641,1.61,Safe
1805,RIVER AFTER CONFLUENCE OF RANICHU AND RORACHU AT RANIPOOL,SIKKIM,14.0,5.7,6.7,121.0,1.0,0.4,34.0,45.0,2023,0.17513134851138354,79.8,0.7405,2.19,Safe
1806,"RIVER RANICHU BEFORE CONFLUENCE WITH TEESTA
AT SINGTAM, SIKKIM",SIKKIM,15.0,5.7,6.6,119.0,1.0,0.4,22.0,54.0,2023,0.17513134851138354,85.5,0.732,2.14,Safe
1802,RIVER DIKCHU BEFORE CONFLUENCS WITH RIVER TEESTA NEAR NHPC HYDROELECTRIC POWER PROJECT DIKCHU,SIKKIM,8.0,5.7,6.6,105.0,1.0,0.4,31.0,54.0,2023,0.17513134851138354,45.6,0.7175,2.06,Safe
5281,RIVER RANGPO U/S DAM SITE,SIKKIM,15.0,5.7,6.7,149.0,1.0,0.4,32.0,67.0,2023,0.17513134851138354,85.5,0.8265,2.67,Safe
5282,RIVER RANGPO D/S DAM SITE,SIKKIM,14.0,5.7,6.7,157.0,1.0,0.4,28.0,64.0,2023,0.17513134851138354,79.8,0.8320000000000001,2.7,Safe
5283,RIVER RONGLI U/S DAM SITE,SIKKIM,14.0,5.7,6.6,129.0,1.0,0.4,30.0,69.0,2023,0.17513134851138354,79.8,0.7865000000000001,2.45,Safe
5284,RIVER RONGLI D/S DAM SITE,SIKKIM,14.0,5.7,6.6,99.0,1.0,0.4,28.0,71.0,2023,0.17513134851138354,79.8,0.7265000000000001,2.11,Safe
5285,"RIVER RANGPO AT POWER HOUSE D/S OF GATI
INFRASTRUCTURE PVT. LTD.",SIKKIM,14.0,5.7,6.6,35.0,1.0,0.4,21.0,61.0,2023,0.17513134851138354,79.8,0.5730000000000001,1.19,Safe
5286,"RIVER RANGPO AT U/S OF RORATHANG BAZAR (ABOVE
SWISS GARNIER)",SIKKIM,13.0,5.7,6.5,34.0,1.0,0.4,24.0,79.0,2023,0.17513134851138354,74.10000000000001,0.6025,1.37,Safe
5287,RIVER RANGPO AT D/S OF RORATHANG BRIDGE,SIKKIM,13.0,5.7,6.7,32.0,1.0,0.4,29.0,52.0,2023,0.17513134851138354,74.10000000000001,0.5655,1.14,Safe
5288,RIVER RANGPO AT D/S OF PHARMA PLANT KUMREK,SIKKIM,13.0,5.7,6.7,33.0,1.0,0.4,36.0,67.0,2023,0.17513134851138354,74.10000000000001,0.6005,1.36,Safe
5289,"RIVER RANGPO AT D/S OF POWER HOUSE OF MADHYA
BHARAT",SIKKIM,15.0,5.7,6.7,34.0,1.0,0.4,32.0,79.0,2023,0.17513134851138354,85.5,0.6145,1.44,Safe
2236,"RIVER KAPILI AT DHARMTUL BRIDGE, NH-31, MORIGAON, ASSAM",ASSAM,18.0,5.7,6.8,120.0,1.0,0.4,360.0,910.0,2023,0.17513134851138354,102.60000000000001,2.5250000000000004,9.2,Safe
2523,"RIVER KAROLA, D/S OF JALPAIGURI, NEAR MIN BHAWAN, JALPAIGURI",WEST BENGAL,21.0,5.7,6.8,70.0,1.0,0.4,2200.0,5000.0,2023,0.17513134851138354,119.7,11.32,21.63,Safe
2068,"RIVER KATHAKAL U/S AT MATIJURI, DIST. HAILAKANDI, ASSAM",ASSAM,22.0,5.7,6.8,104.0,1.0,0.4,610.0,1100.0,2023,0.17513134851138354,125.4,3.153,10.83,Safe
2061,"RIVER KHARSANG B/C WITH BURIDIHING NEAR
KHARSANG (ASSAM-ARUNANCHAL BORDER), ASSAM",ASSAM,21.0,5.7,6.9,128.0,1.0,0.4,300.0,720.0,2023,0.17513134851138354,119.7,2.166,8.13,Safe
2059,"RIVER KOLONG AT MARIGAON, ASSAM",ASSAM,18.0,5.7,6.9,140.0,1.0,0.4,360.0,910.0,2023,0.17513134851138354,102.60000000000001,2.565,9.31,Safe
2237,"RIVER KOLONG AT U/S OF ANANDARAM DEKIAL PHUKAN
BRIDGE, NAGAON, ASSAM",ASSAM,17.0,5.7,6.8,118.0,1.0,0.4,620.0,1500.0,2023,0.17513134851138354,96.9,3.796,12.26,Safe
2229,"RIVER KUNDLI AT KUNDLI/ SAPAKHOWA, SADIA, ASSAM",ASSAM,21.0,5.7,7.0,126.0,1.0,0.4,300.0,1400.0,2023,0.17513134851138354,119.7,3.182,10.9,Safe
3417,"RIVER MANU AT MANUGHAT, CONFL POINT OF
CHAWMANU CHARRA & MANU RIVER, DHALAI",TRIPURA,21.0,5.7,7.0,125.0,1.0,0.4,39.0,94.0,2023,0.17513134851138354,119.7,0.8295,2.69,Safe
3418,"RIVER MANU AT KAILASHAHAR D/S, NORTH TRIPURA",TRIPURA,21.0,5.7,7.0,122.0,1.0,0.4,26.0,94.0,2023,0.17513134851138354,119.7,0.804,2.55,Safe
3419,"RIVER MANU AT KUMARGHAT, NORTH TRIPURA",TRIPURA,21.0,5.7,7.1,124.0,1.0,0.4,31.0,84.0,2023,0.17513134851138354,119.7,0.8005,2.53,Safe
3367,RIVER NONBAH AT NANGSTOIN MARKET,MEGHALAYA,13.0,5.7,6.7,40.0,1.0,0.4,430.0,2700.0,2023,0.17513134851138354,74.10000000000001,5.154999999999999,14.74,Safe
3368,RIVER NONBAH AT PHOTSOHSAT,MEGHALAYA,13.6,5.7,6.7,31.0,1.0,0.4,4.0,110.0,2023,0.17513134851138354,77.52,0.613,1.44,Safe
3369,RIVER KYNSHI AT SOHIONG,MEGHALAYA,12.3,5.7,6.7,29.0,1.0,0.4,6.0,240.0,2023,0.17513134851138354,70.11,0.8069999999999999,2.56,Safe
3370,RIVER KYNSHI AT NANGKHNUM,MEGHALAYA,12.5,5.7,6.9,32.0,1.0,0.4,2.0,38.0,2023,0.17513134851138354,71.25,0.504,0.74,Safe
3371,RIVER KYNSHI AT RANIKOR,MEGHALAYA,15.0,5.7,6.5,42.0,1.0,0.4,2.0,110.0,2023,0.17513134851138354,85.5,0.632,1.55,Safe
3373,"RIVER WAH BLEI AT RIANGDO,",MEGHALAYA,14.6,5.7,6.7,33.0,1.0,0.4,4.0,110.0,2023,0.17513134851138354,83.22,0.617,1.46,Safe
3374,"RIVER WAH BLEI AT SDAD DKHAR,",MEGHALAYA,14.0,5.7,6.5,62.0,1.0,0.4,2.0,120.0,2023,0.17513134851138354,79.8,0.687,1.88,Safe
3099,RIVER LOHIT AT ALUBARI (D/S),ARUNACHAL PRADESH,15.0,5.7,7.4,102.0,1.0,0.4,11.0,90.0,2023,0.17513134851138354,85.5,0.7355,2.16,Safe
3797,RIVER MANAS (SANTOSHPUR) NEAR LENGTISINGA,ASSAM,19.0,5.7,6.8,132.0,1.0,0.4,600.0,1100.0,2023,0.17513134851138354,108.3,3.194,10.93,Safe
2060,"RIVER MANAS  AT NH-31 CROSSING, BARPETA DISTRICT, ASSAM",ASSAM,19.0,5.7,6.9,132.0,1.0,0.4,600.0,1100.0,2023,0.17513134851138354,108.3,3.194,10.93,Safe
1803,"RIVER MANEY KHOLA AT BURTUK NEAR ARMY BASE
CAMP, 4 KM U/S OF GANGTOK",SIKKIM,12.0,5.7,6.8,112.0,1.0,0.4,22.0,27.0,2023,0.17513134851138354,68.4,0.6775000000000001,1.82,Safe
1804,"RIVER MANEY KHOLA AFTER CONFLUENCS  WITH RAY KHOLA AT ADAMPOOL AFTER MEETING WASTE OF STP,
GANGTOK",SIKKIM,13.0,5.7,6.7,121.0,1.0,0.4,38.0,68.0,2023,0.17513134851138354,74.10000000000001,0.781,2.42,Safe
2894,"RIVER MILAK AT BORBORA WARD, TULI",NAGALAND,19.6,5.7,7.1,79.0,1.0,0.4,11.0,90.0,2023,0.17513134851138354,111.72000000000001,0.6895,1.9,Safe
2895,"RIVER MILAK AT PAPER NAGAR, TULI",NAGALAND,19.5,5.7,7.4,85.0,1.0,0.4,11.0,90.0,2023,0.17513134851138354,111.15,0.7015,1.97,Safe
3100,RIVER NAMCHIK AT KHARSANG,"ARUNACHAL
PRADESH",19.6,5.7,7.4,78.0,1.0,0.4,11.0,90.0,2023,0.17513134851138354,111.72000000000001,0.6875,1.88,Safe
3109,"RIVER NOA DIHING AT NAMSAI, (D/S OF DIHING)","ARUNACHAL
PRADESH",19.0,5.7,7.6,83.0,1.0,0.4,11.0,90.0,2023,0.17513134851138354,108.3,0.6975,1.94,Safe
3103,"RIVER PACHIN AT NAHARLAGUN (BELOW BARAPANI BRIDGE), (D/S OF RIVER SENKI)",ARUNACHAL PRADESH,21.6,5.7,7.1,67.0,1.0,0.4,11.0,90.0,2023,0.17513134851138354,123.12000000000002,0.6655,1.75,Safe
2065,"RIVER PAGLDIA NEAR NALBARI TOWN, DIST. NALBARI,
ASSAM",ASSAM,22.0,5.7,7.0,142.0,1.0,0.4,610.0,1100.0,2023,0.17513134851138354,125.4,3.2289999999999996,11.01,Safe
2235,"RIVER PANCHNOI AT NH-52 CROSSING, ORANG, ASSAM",ASSAM,16.0,5.7,6.8,102.0,1.0,0.4,620.0,1300.0,2023,0.17513134851138354,91.2,3.464,11.55,Safe
1531,"RIVER MORA BHARALI AT TEZPUR, ASSAM",ASSAM,19.0,5.7,6.9,148.0,1.0,0.4,360.0,1100.0,2023,0.17513134851138354,108.3,2.8659999999999997,10.12,Safe
1929,"RIVER CHATHE NEAR ICAR, MEDZIPHEMA",NAGALAND,17.2,5.7,6.5,85.0,1.0,0.4,11.0,90.0,2023,0.17513134851138354,98.03999999999999,0.7015,1.97,Safe
1930,RIVER DZU AT DZU BRIDGE,NAGALAND,20.4,5.7,6.6,95.0,1.0,0.4,11.0,90.0,2023,0.17513134851138354,116.28,0.7215,2.08,Safe
1232,"RIVER MAHI (D/S) CONF WITH R. CHAP (UNDER
SAGWARA-SARHI RD. BDG.), RAJASTHAN",RAJASTHAN,24.0,5.7,7.2,367.0,1.0,0.4,70.0,110.0,2023,0.17513134851138354,136.8,1.384,5.32,Safe
30061,"RIVER MAHI AT GAMMON BRIDGE NEAR PADLA CHOWKI, BANSWARA (MP & RJASTHAN)",RAJASTHAN,21.0,5.7,7.1,182.0,1.0,0.4,2.0,63.0,2023,0.17513134851138354,119.7,0.8415,2.75,Safe
4,RIVER MAHI AT SEVALIA,GUJARAT,25.0,5.7,7.9,263.0,1.0,0.4,7.0,22.0,2023,0.17513134851138354,142.5,0.9495,3.32,Safe
5,RIVER MAHI AT VASAD,GUJARAT,24.0,5.7,7.8,320.0,1.0,0.4,2.0,21.0,2023,0.17513134851138354,136.8,1.0545,3.84,Safe
1229,"RIVER MAHI NEAR RAJASTHAN BORDER AT KADANA DAM,",GUJARAT,24.0,5.7,7.9,281.0,1.0,0.4,2.0,4.0,2023,0.17513134851138354,136.8,0.9510000000000001,3.33,Safe
1230,"RIVER MAHI AFTER CONF. WITH ANAS AT PARDI (BANASWADA),",GUJARAT,24.0,5.7,7.9,261.0,1.0,0.4,2.0,13.0,2023,0.17513134851138354,136.8,0.9245,3.19,Safe
1231,"RIVER MAHI AT VIRPUR,",GUJARAT,24.0,5.7,7.9,278.0,1.0,0.4,2.0,14.0,2023,0.17513134851138354,136.8,0.96,3.37,Safe
1863,RIVER MAHI AT UMETA BRIDGE,GUJARAT,24.0,5.7,7.6,312.0,1.0,0.4,4.0,22.0,2023,0.17513134851138354,136.8,1.043,3.78,Safe
1864,RIVER MAHI AT MUJPUR,GUJARAT,27.0,5.7,8.4,326.0,1.0,0.4,14.0,63.0,2023,0.17513134851138354,153.9,1.1475,4.28,Safe
3206,"RIVER MAHI AT SHERKHI BRIDGESINDHROT BRIDGE-
VADODARA",GUJARAT,22.0,5.7,8.0,318.0,1.0,0.4,4.0,17.0,2023,0.17513134851138354,125.4,1.0475,3.8,Safe
4415,RIVER MAHI AT DODKAVILLAGE : PRATHAMPURA,GUJARAT,22.0,5.7,8.1,307.0,1.0,0.4,4.0,21.0,2023,0.17513134851138354,125.4,1.0315,3.73,Safe
30050,"RIVER MAHI ABOUT 500 METERS D/S OF KADANA DAM NEAR BRIDGE, PANCHMAHAL, GUJARAT  (RAJASTHAN AND GUJARAT)",GUJARAT,29.0,5.7,7.9,400.0,1.0,0.4,170.0,340.0,2023,0.17513134851138354,165.3,1.945,7.42,Safe
1233,"RIVER MAHI AT BADNAWAR, M.P.","MADHYA
PRADESH",20.0,5.7,7.1,274.0,1.0,0.4,2.0,40.0,2023,0.17513134851138354,114.0,0.9910000000000001,3.53,Safe
3318,"RIVER MAHI AT RANISINGH VILLAGE, RATLAM, UJJAIN",MADHYA PRADESH,21.0,5.7,7.6,270.0,1.0,0.4,2.0,46.0,2023,0.17513134851138354,119.7,0.992,3.53,Safe
4608,RIVER MAHI FOREST GUEST HOUSE RAJAPUR MATAJI SHIVGARH RATLAM.,MADHYA PRADESH,20.0,5.7,7.5,224.0,1.0,0.4,2.0,46.0,2023,0.17513134851138354,114.0,0.9000000000000001,3.06,Safe
30058,RIVER MAHI AT VILLAGE BAJNA (MP & RJASTHAN),MADHYA PRADESH,22.0,5.7,7.4,162.0,1.0,0.4,2.0,130.0,2023,0.17513134851138354,125.4,0.9020000000000001,3.07,Safe
3848,RIVER ANAS RIVER NEAR ROAD BRIDGE JHABUA,MADHYA PRADESH,20.0,5.7,7.0,302.0,1.0,0.4,2.0,2.0,2023,0.17513134851138354,114.0,0.9900000000000001,3.52,Safe
1228,"RIVER ANAS AT DAHOD, (KUSHALGARH), DIST. PANCHMAHAL",GUJARAT,24.0,5.7,8.1,295.0,1.0,0.4,2.0,11.0,2023,0.17513134851138354,136.8,0.9895,3.52,Safe
2104,RIVER MALEI AT JAORA,MADHYA PRADESH,22.0,5.7,6.9,260.0,1.0,0.4,2.0,41.0,2023,0.17513134851138354,125.4,0.9645,3.39,Safe
2102,"RIVER SHIVNA AT RAMGHAT, MANDSAUR",MADHYA PRADESH,24.0,5.7,7.4,266.0,1.0,0.4,2.0,48.0,2023,0.17513134851138354,136.8,0.987,3.51,Safe
1227,"RIVER PANAM AT LUNAWADA,",GUJARAT,24.0,5.7,8.0,231.0,1.0,0.4,2.0,11.0,2023,0.17513134851138354,136.8,0.8615,2.86,Safe
2105,RIVER CHILLAR AT SHAJAPUR,MADHYA PRADESH,23.0,5.7,7.3,252.0,1.0,0.4,2.0,47.0,2023,0.17513134851138354,131.1,0.9575,3.36,Safe
2103,"RIVER JAMMER AT DHOLABAD, RATLAM",MADHYA PRADESH,20.0,5.7,7.4,130.0,1.0,0.4,2.0,46.0,2023,0.17513134851138354,114.0,0.712,2.03,Safe
5476,"RIVER MAHI AT MAHI DAM,VILLAGE-BHOR KHERA
,BANSWARA",RAJASTHAN,27.0,5.7,7.4,280.0,1.0,0.4,80.0,140.0,2023,0.17513134851138354,153.9,1.27,4.83,Safe
4620,"RIVER AJAB BOURALI AT PETLAWAD DAM PETLAVAD, JHABUA",MADHYA PRADESH,20.0,5.7,7.5,300.0,1.0,0.4,2.0,34.0,2023,0.17513134851138354,114.0,1.034,3.74,Safe
2113,"RIVER NARMADA NEAR PUNASA DAM, PUNASA",MADHYA PRADESH,20.0,5.7,7.5,194.0,1.0,0.4,2.0,31.0,2023,0.17513134851138354,114.0,0.8175,2.62,Safe
1430,RIVER NARMADA AT D/S OF OMKARESHWAR M.P.,MADHYA PRADESH,19.5,5.7,7.7,222.0,1.0,0.4,2.0,32.0,2023,0.17513134851138354,111.15,0.8750000000000001,2.93,Safe
3322,"RIVER NARMADA AT MANDLA, NEAR SHAMSHANGHAT, JABALPUR",MADHYA PRADESH,21.3,5.7,7.1,250.0,1.0,0.4,2.0,17.0,2023,0.17513134851138354,121.41000000000001,0.9085,3.11,Safe
2099,"RIVER NARMADA AT LALPUR, JABALPUR",MADHYA PRADESH,21.0,5.7,7.3,230.0,1.0,0.4,2.0,31.0,2023,0.17513134851138354,119.7,0.8895,3.01,Safe
3323,"RIVER NARMADA AT TILWARAGHAT,  JABALPUR",MADHYA PRADESH,21.2,5.7,7.1,256.0,1.0,0.4,2.0,17.0,2023,0.17513134851138354,120.84,0.9205,3.17,Safe
3324,"RIVER NARMADA AT PANCHWATIGHAT, BEFORE MIXING WITH BAWANGANGA RIVER, JABALPUR",MADHYA PRADESH,20.5,5.7,7.2,224.0,1.0,0.4,2.0,11.0,2023,0.17513134851138354,116.85000000000001,0.8475,2.78,Safe
3325,"RIVER NARMADA AT SARSWATIGHAT, AFTER MIXING
WITH BAWANGANGA RIVER, JABALPUR","MADHYA
PRADESH",20.6,5.7,7.4,242.0,1.0,0.4,2.0,14.0,2023,0.17513134851138354,117.42000000000002,0.888,3.0,Safe
2118,RIVER NARMADA RIVER AT D/S OF KAPILDHARA,MADHYA PRADESH,22.6,5.7,7.1,167.0,1.0,0.4,2.0,41.0,2023,0.17513134851138354,128.82000000000002,0.7785,2.41,Safe
2123,RIVER NARMADA AT KORIGHAT HOSHANGABAD,MADHYA PRADESH,17.0,5.7,7.3,184.0,1.0,0.4,2.0,110.0,2023,0.17513134851138354,96.9,0.916,3.15,Safe
3847,RIVER NARMADA AT DHARAMPURI,MADHYA PRADESH,19.5,5.7,7.7,210.0,1.0,0.4,2.0,33.0,2023,0.17513134851138354,111.15,0.8525,2.81,Safe
4577,"RIVER  NARMADA AT CHANDANGHAT NEAR ROAD BRIDGE, DINDORI",MADHYA PRADESH,23.0,5.7,7.2,187.0,1.0,0.4,2.0,27.0,2023,0.17513134851138354,131.1,0.7975,2.51,Safe
4578,RIVER NARMADA AT PUSKAR DAM AMARKANTAK,MADHYA PRADESH,22.8,5.7,6.9,173.0,1.0,0.4,2.0,41.0,2023,0.17513134851138354,129.96,0.7905,2.47,Safe
4579,"RIVER NARMADA AT DINDORI D/S AFTER MIXING TO
CITY DOMESTIC NEAR JOGOTIKARIA GHAT","MADHYA
PRADESH",23.6,5.7,7.6,194.0,1.0,0.4,2.0,43.0,2023,0.17513134851138354,134.52,0.8355,2.72,Safe
4580,RIVER NARMADA NEAR BHAIRAV TAMPLE AT SHHASTRADHARA MANDLA,MADHYA PRADESH,21.1,5.7,7.2,271.0,1.0,0.4,2.0,17.0,2023,0.17513134851138354,120.27000000000001,0.9505,3.32,Safe
4581,RIVER NARMADA NEAR ROAD BRIDGE (D/S BARGI DAM) JABALPUR,MADHYA PRADESH,20.9,5.7,7.5,248.0,1.0,0.4,2.0,17.0,2023,0.17513134851138354,119.13,0.9045,3.09,Safe
4582,"RIVER NARMADA AT JAMTARA, NEAR RAILWAY BRIDGE",MADHYA PRADESH,21.0,5.7,7.2,268.0,1.0,0.4,2.0,17.0,2023,0.17513134851138354,119.7,0.9445,3.29,Safe
4583,RIVER NARMADA NEAR ROAD BRIDGE JHANSINGHAT JABALPUR,MADHYA PRADESH,20.6,5.7,7.3,217.0,1.0,0.4,2.0,17.0,2023,0.17513134851138354,117.42000000000002,0.8425,2.76,Safe
4584,RIVER NARMADA N.H. 44 NEAR ROAD BRIDGE AT BARMAN. JABALPUR,MADHYA PRADESH,21.0,5.7,7.1,235.0,1.0,0.4,2.0,10.0,2023,0.17513134851138354,119.7,0.8680000000000001,2.89,Safe
4585,"RIVER NARMADA, BARMANGHAT, 100 MDS OF MAINGHAT",MADHYA PRADESH,20.8,5.7,7.1,248.0,1.0,0.4,2.0,10.0,2023,0.17513134851138354,118.56,0.894,3.03,Safe
4586,"RIVER NARMADA S.N. 44 NEAR ROAD BRIDGE NEAR
JHILKOLI NARSINGPUR","MADHYA
PRADESH",21.1,5.7,7.4,233.0,1.0,0.4,2.0,17.0,2023,0.17513134851138354,120.27000000000001,0.8745,2.93,Safe
4587,"RIVER NARMADA AT NEAR ROAD BRIDGE, SANDIA",MADHYA PRADESH,15.0,5.7,7.3,172.0,1.0,0.4,2.0,2.0,2023,0.17513134851138354,85.5,0.73,2.13,Safe
4588,RIVER NARMADA  AT UP- STREAM OF VILLAGE JAIT NEAR NARYANAPURA DISTRICT SEHORE (M.P.),MADHYA PRADESH,15.0,5.7,7.6,213.0,1.0,0.4,6.0,40.0,2023,0.17513134851138354,85.5,0.875,2.93,Safe
4589,RIVER NARMADA AT D/S OF VILL. JAIT,MADHYA PRADESH,15.0,5.7,7.6,214.0,1.0,0.4,11.0,140.0,2023,0.17513134851138354,85.5,1.0345,3.74,Safe
4590,"RIVER NARMADA AT UP-STREAM  BEFORE
CONFLUENCE OF RIVER TAWA NEAR BANDRABHAN DISTRICT SEHORE M.P.",MADHYA PRADESH,14.0,5.7,7.4,184.0,1.0,0.4,2.0,150.0,2023,0.17513134851138354,79.8,0.976,3.45,Safe
4591,"RIVER NARMADA AT DOWN-STREAM AFTER
CONFLUENCE OF RIVER TAWA NEAR RAMNAGAR,DISTRICT SEHORE (M.P.)",MADHYA PRADESH,16.0,5.7,7.6,190.0,1.0,0.4,2.0,120.0,2023,0.17513134851138354,91.2,0.9430000000000001,3.28,Safe
4592,"RIVER NARMADA AT BUDHNIGHAT, BUDHNI DISTRICT SEHORE( M.P.)",MADHYA PRADESH,16.0,5.7,7.5,184.0,1.0,0.4,2.0,120.0,2023,0.17513134851138354,91.2,0.931,3.22,Safe
4593,RIVER NARMADA AT DOWN-STREAM OF TEXTILE UNIT VILLAGE. HOLIPURA BUDNI DISTRICT SEHORE (M.P.),MADHYA PRADESH,15.0,5.7,7.4,180.0,1.0,0.4,2.0,110.0,2023,0.17513134851138354,85.5,0.908,3.1,Safe
4594,RIVER NARMADA AT BEFOR CONFLU. OF RIVER JAMNER VILL. NEMAWAR,MADHYA PRADESH,22.0,5.7,7.4,205.0,1.0,0.4,2.0,41.0,2023,0.17513134851138354,125.4,0.8545,2.82,Safe
4596,RIVER NARMADA AT HANUWANTIA DIST. KHANDWA,MADHYA PRADESH,20.0,5.7,7.7,211.0,1.0,0.4,2.0,31.0,2023,0.17513134851138354,114.0,0.8515,2.81,Safe
4597,RIVER NARMADA AT U/S OMKAREWHWAR DAM KHANDWA,MADHYA PRADESH,19.5,5.7,7.3,212.0,1.0,0.4,2.0,32.0,2023,0.17513134851138354,111.15,0.8550000000000001,2.82,Safe
4598,RIVER NARMADA RIVER AT DHARESHWAR,MADHYA PRADESH,19.0,5.7,7.6,205.0,1.0,0.4,2.0,34.0,2023,0.17513134851138354,108.3,0.8440000000000001,2.76,Safe
4599,RIVER NARMADA NEAR W/S INTAKE JALLOD,MADHYA PRADESH,19.5,5.7,7.8,248.0,1.0,0.4,2.0,34.0,2023,0.17513134851138354,111.15,0.93,3.22,Safe
4600,RIVER NARMADA RIVER AT SHAHASTRADHARA (JALKOTI),MADHYA PRADESH,19.5,5.7,7.7,209.0,1.0,0.4,2.0,38.0,2023,0.17513134851138354,111.15,0.8580000000000001,2.84,Safe
4601,RIVER NARMADA AT KHALGHAT,MADHYA PRADESH,19.5,5.7,7.8,215.0,1.0,0.4,2.0,34.0,2023,0.17513134851138354,111.15,0.8640000000000001,2.87,Safe
4602,RIVER NARMADA RIVER AT SEMALDA U/S OF BARWANI,MADHYA PRADESH,19.0,5.7,7.7,232.0,1.0,0.4,2.0,34.0,2023,0.17513134851138354,108.3,0.898,3.05,Safe
4603,RIVER NARMADA AT KOTESHWAR,"MADHYA
PRADESH",19.5,5.7,7.6,255.0,1.0,0.4,2.0,34.0,2023,0.17513134851138354,111.15,0.9440000000000001,3.29,Safe
4605,"RIVER NARMADA AT KAKRANA, INTERSTATE BOUNDRY, ALIRAJPUR",MADHYA PRADESH,19.5,5.7,7.6,250.0,1.0,0.4,2.0,34.0,2023,0.17513134851138354,111.15,0.934,3.24,Safe
30048,"RIVER NARMADA AT NAVAGAM,  NEAR GORA COLONY, KEVADIA, GUJARAT (GUJARAT AND MADHYA PRADESH)",GUJARAT,29.0,5.7,8.3,372.0,1.0,0.4,700.0,1100.0,2023,0.17513134851138354,165.3,3.8240000000000003,12.32,Safe
7,RIVER NARMADA AT GARUDESHWAR,GUJARAT,27.0,5.7,8.0,190.0,1.0,0.4,2.0,20.0,2023,0.17513134851138354,153.9,0.793,2.49,Safe
1244,"RIVER NARMADA AT PANETHA,",GUJARAT,27.0,5.7,8.0,200.0,1.0,0.4,2.0,26.0,2023,0.17513134851138354,153.9,0.8220000000000001,2.65,Safe
1245,"RIVER NARMADA AT CHANDOD,",GUJARAT,26.0,5.7,7.9,298.0,1.0,0.4,9.0,34.0,2023,0.17513134851138354,148.20000000000002,1.0405,3.77,Safe
1981,"RIVER NARMADA AT ZANOR (NTPC), BHARUCHRIVER
NARMADA AT ZANOR (NTPC), BHARUCH",GUJARAT,25.0,5.7,7.7,282.0,1.0,0.4,13.0,46.0,2023,0.17513134851138354,142.5,1.0325,3.73,Safe
1243,"RIVER NARMADA AT BHARUCH, ZADESHVAR,",GUJARAT,25.0,5.7,7.9,270.0,1.0,0.4,39.0,140.0,2023,0.17513134851138354,142.5,1.1885000000000001,4.47,Safe
1236,"RIVER CHOTA TAWA BEFORE CONFL. WITH RIVER NARMADA, M.P.",MADHYA PRADESH,20.0,5.7,7.6,322.0,1.0,0.4,2.0,36.0,2023,0.17513134851138354,114.0,1.081,3.97,Safe
2100,"RIVER GOUR NEAR BHOGDWAR WSS INTAKE POINT, JABALPUR",MADHYA PRADESH,21.1,5.7,7.2,267.0,1.0,0.4,2.0,32.0,2023,0.17513134851138354,120.27000000000001,0.9650000000000001,3.4,Safe
2114,RIVER KUNDA AT KHARGONE,MADHYA PRADESH,20.0,5.7,7.7,310.0,1.0,0.4,2.0,49.0,2023,0.17513134851138354,114.0,1.0764999999999998,3.94,Safe
3305,"RIVER BANJAR AT MALANJKHAND NEAR W/S INTAKE POINT, JABALPUR",MADHYA PRADESH,20.2,5.7,7.3,275.0,1.0,0.4,2.0,17.0,2023,0.17513134851138354,115.14,0.9585,3.36,Safe
3828,"RIVER  HIRAN, NH 7 ROAD BRIDGE, SIHORA, DIST JABALPUR",MADHYA PRADESH,20.1,5.7,7.4,228.0,1.0,0.4,2.0,17.0,2023,0.17513134851138354,114.57000000000001,0.8644999999999999,2.87,Safe
3829,"RIVER HIRAN, NH -12 ROAD BRIDGE VIL VIKRAMPUR
,DIST NARSINGPUR",MADHYA PRADESH,20.9,5.7,7.1,208.0,1.0,0.4,2.0,10.0,2023,0.17513134851138354,119.13,0.8140000000000001,2.6,Safe
4613,"RIVER HIRAN AFTER MIXING PARIYAT RIVER NEAR ROAD BRIDGE AT VILL GANIYARI, JABALPUR",MADHYA PRADESH,20.3,5.7,6.4,290.0,1.0,0.4,2.0,17.0,2023,0.17513134851138354,115.71000000000001,0.9884999999999999,3.51,Safe
4616,"RIVER BANJAR RIVER NEAR ROAD BRIDGE, VILL.
KHARRADHAR  MALANJKHAND.","MADHYA
PRADESH",20.4,5.7,7.3,278.0,1.0,0.4,2.0,11.0,2023,0.17513134851138354,116.28,0.9554999999999999,3.35,Safe
4617,"RIVER WAINGANGA RIVER NEAR VILL. BUDUNDA MALANJKHAND, DISTT BALAGHAT",MADHYA PRADESH,20.3,5.7,7.2,270.0,1.0,0.4,2.0,11.0,2023,0.17513134851138354,115.71000000000001,0.9395,3.27,Safe
3888,RIVER MAHANADI AT POWER CHANNEL U/S NEAR BURLA,ODISHA,23.0,5.7,7.1,162.0,1.0,0.4,23.0,79.0,2023,0.17513134851138354,131.1,0.857,2.83,Safe
3890,RIVER MAHANADI AT CUTTACK FD/S AT GATIRAUTAPATNA,ODISHA,20.0,5.7,7.1,167.0,1.0,0.4,330.0,1700.0,2023,0.17513134851138354,114.0,3.7589999999999995,12.18,Safe
2407,"RIVER MAHANADI AT PARADEEP U/S (BEFORE
INDUSTRIAL ACTIVITY AT PARADEEP)",ODISHA,24.5,5.7,7.2,158.0,1.0,0.4,2.0,2.0,2023,0.17513134851138354,139.65,0.7020000000000001,1.97,Safe
1639,RIVER MAHANADI AT PARADEEP D/S,ODISHA,24.4,5.7,7.1,210.0,1.0,0.4,2.0,2.0,2023,0.17513134851138354,139.07999999999998,0.806,2.56,Safe
4990,MAHANADI MUHANA NORTH (5 KM FROM SHORE),ODISHA,28.0,5.7,7.5,232.0,1.0,0.4,2.0,90.0,2023,0.17513134851138354,159.6,0.982,3.48,Safe
4991,MAHANADI MUHANA SOUTH (5 KM FROM SHORE),ODISHA,28.9,5.7,7.7,232.0,1.0,0.4,2.0,90.0,2023,0.17513134851138354,164.73,0.982,3.48,Safe
4992,MAHANADI MUHANA / ESTUARY,ODISHA,23.3,5.7,8.0,232.0,1.0,0.4,2.0,90.0,2023,0.17513134851138354,132.81,0.982,3.48,Safe
4994,MAHANADI MUHANA (5 KM FROM SHORE),ODISHA,23.9,5.7,7.6,232.0,1.0,0.4,33.0,90.0,2023,0.17513134851138354,136.23,1.0285,3.71,Safe
1107,"RIVER SEONATH AT U/S RAJNANDGAON, CHHATISGARH.",CHHATTISGARH,2.6,5.7,7.3,142.0,1.0,0.4,11.0,64.0,2023,0.17513134851138354,14.82,0.7764999999999999,2.39,Safe
1266,RIVER SEONATH AT SHIMGA NEAR ROAD BRIDGE,CHHATTISGARH,19.0,5.7,7.2,220.0,1.0,0.4,11.0,50.0,2023,0.17513134851138354,108.3,0.9115,3.12,Safe
1845,"RIVER SEONATH WATER SUPPLY WELL, DURG, CHHATISGARH.",CHHATTISGARH,2.6,5.7,7.4,189.0,1.0,0.4,11.0,9.0,2023,0.17513134851138354,14.82,0.7879999999999999,2.46,Safe
3166,"RIVER SEONATH AT JHINGHRI VILLAGE, A/C OF SAMODA NALLA, CHHATISGARH.",CHHATTISGARH,24.0,5.7,7.2,419.0,1.0,0.4,560.0,240.0,2023,0.17513134851138354,136.8,2.4179999999999997,8.9,Safe
3167,"RIVER SEONATH  AT MOHAD, RAJNANDGAON",CHHATTISGARH,2.6,5.7,7.3,94.0,1.0,0.4,11.0,93.0,2023,0.17513134851138354,14.82,0.724,2.1,Safe
2403,RIVER BHEDEN BEFORE CONFLUENCE WITH IB RIVER,ODISHA,19.0,5.7,6.8,125.0,1.0,0.4,45.0,170.0,2023,0.17513134851138354,108.3,0.9525,3.33,Safe
1265,RIVER KHAROON AT BHATAGAON  NEAR WATER SUPPLY INTAKEWELL RAIPUR,CHHATTISGARH,20.0,5.7,7.1,190.0,1.0,0.4,11.0,34.0,2023,0.17513134851138354,114.0,0.8275,2.68,Safe
1846,"RIVER KHAROON B/C KHAPRI NAHLA RAIPUR
ROAD,CHHATTISGARH",CHHATTISGARH,2.6,5.7,7.3,400.0,1.0,0.4,11.0,210.0,2023,0.17513134851138354,14.82,1.5115,5.83,Safe
1847,"RIVER KHAROON A/C KHAPRI NAHLA,CHHATTISGARH",CHHATTISGARH,2.4,5.7,7.1,400.0,1.0,0.4,11.0,220.0,2023,0.17513134851138354,13.68,1.5265000000000002,5.89,Safe
1853,"RIVER KHAROON AT VILLAGE BENDRI, NEAR WATER SUPPLY INTAKEWELL",CHHATTISGARH,22.0,5.7,7.1,194.0,1.0,0.4,11.0,56.0,2023,0.17513134851138354,125.4,0.8684999999999999,2.9,Safe
1105,RIVER HASDEO UP STREAM OF HASDEO BANGO HYDEL POWER STATION STATION MACHADOLI KORBA,CHHATTISGARH,24.1,5.7,7.2,126.0,1.0,0.4,4.0,24.0,2023,0.17513134851138354,137.37,0.674,1.8,Safe
1106,RIVER HASDEO AT U/S OF CHAMPA CHHATTISGARH,CHHATTISGARH,20.1,5.7,7.2,160.0,1.0,0.4,12.0,28.0,2023,0.17513134851138354,114.57000000000001,0.7600000000000001,2.3,Safe
3165,"RIVER HASDEO 100 METER DOWNSTREAM AFTER
CONFLUENCE OF DENGUR NALLAH NERA C.S.E.B. EAST GUEST HOUSE, KORBA, CHHATISGARH.",CHHATTISGARH,24.5,5.7,7.2,149.0,1.0,0.4,13.0,34.0,2023,0.17513134851138354,139.65,0.7484999999999999,2.24,Safe
3169,"RIVER HASDEO AT DRINKING WATER INTANK WELL OF
MUNICIPAL CO. KORBA (BEFORE TREATMENT ) AT LOHADIA VILLAGE,",CHHATTISGARH,24.5,5.7,7.1,136.0,1.0,0.4,9.0,21.0,2023,0.17513134851138354,139.65,0.697,1.94,Safe
3170,"RIVER  HASDEO DRINKING WATER INTAKE WELL OF MUNICIPAL CO. KORBA AFTER TREATMENT PLANT AT
VILLAGE  KOHADIA KORBA",CHHATTISGARH,24.7,5.7,7.2,141.0,1.0,0.4,2.0,2.0,2023,0.17513134851138354,140.79,0.6679999999999999,1.77,Safe
1267,RIVER IB AT SUNDARGARH,ODISHA,22.0,5.7,6.5,107.0,1.0,0.4,45.0,330.0,2023,0.17513134851138354,125.4,1.1565,4.32,Safe
1268,RIVER IB AT JHARSUGUDA (INTAKE),ODISHA,18.0,5.7,6.8,98.0,1.0,0.4,230.0,940.0,2023,0.17513134851138354,102.60000000000001,2.331,8.64,Safe
1269,RIVER IB AT BRAJARAJNAGAR (INTAKE) D/S,ODISHA,17.0,5.7,6.7,115.0,1.0,0.4,130.0,790.0,2023,0.17513134851138354,96.9,1.99,7.57,Safe
1300,RIVER IB AT BRAJARAJNAGAR U/S,ODISHA,18.0,5.7,6.8,120.0,1.0,0.4,110.0,490.0,2023,0.17513134851138354,102.60000000000001,1.52,5.87,Safe
2409,RIVER SERUA AT CUTTACK FD/S (SERUA) AT SANKHATRASA,ODISHA,22.0,5.7,7.2,149.0,1.0,0.4,35000.0,92000.0,2023,0.17513134851138354,125.4,191.178,48.92,Moderate
1279,RIVER KUAKHAI AT BHUBANESWAR U/S,ODISHA,21.0,5.7,6.8,150.0,1.0,0.4,490.0,1700.0,2023,0.17513134851138354,119.7,3.965,12.6,Safe
1280,RIVER DAYA AT BHUBANESWAR D/S,ODISHA,20.0,5.7,6.7,162.0,1.0,0.4,3300.0,9200.0,2023,0.17513134851138354,114.0,19.454,26.67,Moderate
2410,RIVER KUAKHAI AT BHUBANESWAR FU/S,ODISHA,21.0,5.7,6.8,183.0,1.0,0.4,130.0,790.0,2023,0.17513134851138354,119.7,2.1260000000000003,8.01,Safe
1640,RIVER BIRUPA AT CHOUDWAR D/S,ODISHA,22.0,5.7,7.3,160.0,1.0,0.4,170.0,1300.0,2023,0.17513134851138354,125.4,2.9050000000000002,10.22,Safe
1848,"RIVER ARPA D/S OF BILASPUR CITY AT CHECK DAM OUTLET NEAR DEORI KHURD, BILASPUR",CHHATTISGARH,21.2,5.7,6.8,376.0,1.0,0.4,20.0,70.0,2023,0.17513134851138354,120.84,1.2670000000000001,4.82,Safe
1849,RIVER KELO  U/S URDANA VILLAGE,CHHATTISGARH,15.2,5.7,7.1,192.0,1.0,0.4,13.0,39.0,2023,0.17513134851138354,86.64,0.842,2.75,Safe
1850,RIVER KELO  D/S  LAHANGAPALI BRIDGE MIDMIDA VILLAGE,CHHATTISGARH,15.0,5.7,7.3,194.0,1.0,0.4,50.0,64.0,2023,0.17513134851138354,85.5,0.939,3.26,Safe
2411,RIVER DAYA AT BHUBANESWAR FD/S ( 2 KM AFTER CONFLUENCE OF GANGUA NALLAH WITH DAYA),ODISHA,20.0,5.7,6.9,155.0,1.0,0.4,1700.0,3500.0,2023,0.17513134851138354,114.0,8.49,19.04,Safe
3894,RIVER DAYA AT GELAPUR,ODISHA,23.0,5.7,7.1,137.0,1.0,0.4,230.0,1100.0,2023,0.17513134851138354,131.1,2.649,9.54,Safe
3895,RIVER DAYA AT KANAS,ODISHA,19.0,5.7,6.6,143.0,1.0,0.4,220.0,1300.0,2023,0.17513134851138354,108.3,2.9459999999999997,10.32,Safe
3891,RIVER KATHAJODI AT CUTTACK U/S,ODISHA,22.0,5.7,7.2,153.0,1.0,0.4,130.0,490.0,2023,0.17513134851138354,125.4,1.616,6.24,Safe
1301,RIVER KATHAJODI AT CUTTACK D/S,ODISHA,21.0,5.7,7.2,151.0,1.0,0.4,7900.0,24000.0,2023,0.17513134851138354,119.7,48.532,35.45,Moderate
3892,RIVER KATHAJODI AT CUTTACK FD/S AT MATTAGAJPUR,ODISHA,22.0,5.7,7.1,202.0,1.0,0.4,1300.0,4900.0,2023,0.17513134851138354,125.4,10.084,20.58,Safe
3893,RIVER KATHAJODI AT CUTTACK FD/S AT KAMASASAN,ODISHA,22.0,5.7,7.3,158.0,1.0,0.4,330.0,1700.0,2023,0.17513134851138354,125.4,3.7409999999999997,12.15,Safe
3900,RIVER GOBARI AT KENDRAPARA U/S,ODISHA,23.5,5.7,7.1,168.0,1.0,0.4,330.0,1100.0,2023,0.17513134851138354,133.95000000000002,2.8609999999999998,10.11,Safe
3901,RIVER GOBARI AT KENDRAPARA D/S,ODISHA,24.5,5.7,6.9,205.0,1.0,0.4,790.0,1700.0,2023,0.17513134851138354,139.65,4.525,13.67,Safe
3902,RIVER DEVI AT MACCHGAON,ODISHA,24.1,5.7,7.1,182.0,1.0,0.4,78.0,230.0,2023,0.17513134851138354,137.37,1.206,4.55,Safe
3896,RIVER GANGUA NEAR RAJDHANI ENGINEERING COLLEGE,ODISHA,20.0,5.7,6.7,172.0,1.0,0.4,16000.0,16000.0,2023,0.17513134851138354,114.0,48.724000000000004,35.49,Moderate
3897,RIVER GANGUA AT PALASUNI,ODISHA,22.0,5.7,4.7,201.0,1.0,0.4,2.0,2.0,2023,0.17513134851138354,125.4,0.788,2.46,Safe
3898,RIVER GANGUA AT SAMANTARAPUR,ODISHA,22.0,5.7,6.6,268.0,1.0,0.4,2.0,2.0,2023,0.17513134851138354,125.4,0.922,3.18,Safe
3899,RIVER GANGUA AT VADIMULA,ODISHA,20.0,5.7,6.8,195.0,1.0,0.4,7900.0,24000.0,2023,0.17513134851138354,114.0,48.62,35.47,Moderate
3903,RIVER KUSHABHADRA AT BHINGARPUR,ODISHA,19.0,5.7,7.1,180.0,1.0,0.4,330.0,1700.0,2023,0.17513134851138354,108.3,3.7849999999999997,12.24,Safe
3904,RIVER KUSHABHADRA AT NIMAPARA,ODISHA,22.0,5.7,6.8,131.0,1.0,0.4,130.0,490.0,2023,0.17513134851138354,125.4,1.572,6.07,Safe
3905,RIVER KUSHABHADRA AT GOP,ODISHA,22.0,5.7,6.9,164.0,1.0,0.4,940.0,2800.0,2023,0.17513134851138354,125.4,6.318,16.46,Safe
3906,RIVER MANGALA AT PURI U/S MALATIPATPUR,ODISHA,20.0,5.7,6.9,138.0,1.0,0.4,78.0,330.0,2023,0.17513134851138354,114.0,1.2679999999999998,4.82,Safe
3907,RIVER MANGALA AT PURI D/S GOLASAHI,ODISHA,23.0,5.7,7.1,166.0,1.0,0.4,130.0,490.0,2023,0.17513134851138354,131.1,1.642,6.34,Safe
3908,RIVER BHARGAVI AT CHANDANPUR,ODISHA,20.5,5.7,6.9,148.0,1.0,0.4,45.0,230.0,2023,0.17513134851138354,116.85000000000001,1.0884999999999998,4.0,Safe
3909,RIVER KANSARI AT BANAPUR ROAD NEAR PURUSHOTTAMPUR,ODISHA,19.0,5.7,6.6,178.0,1.0,0.4,490.0,1400.0,2023,0.17513134851138354,108.3,3.571,11.78,Safe
3910,RIVER BADASANKHA NADI NEAR LANGALESWAR,ODISHA,20.0,5.7,6.8,410.0,1.0,0.4,210.0,700.0,2023,0.17513134851138354,114.0,2.565,9.31,Safe
3911,RIVER RATNACHIRA NAADI AT KUMARADIHI,ODISHA,18.5,5.7,6.9,176.0,1.0,0.4,230.0,1100.0,2023,0.17513134851138354,105.45,2.727,9.76,Safe
3912,RIVER NUNA NADI AT BIJIPUR,ODISHA,20.0,5.7,6.9,145.0,1.0,0.4,330.0,1700.0,2023,0.17513134851138354,114.0,3.715,12.09,Safe
3913,RIVER KUSUMI NADI NEAR TANGI (LAXMIDHARA PUR),ODISHA,19.0,5.7,6.6,150.0,1.0,0.4,2.0,2.0,2023,0.17513134851138354,108.3,0.686,1.88,Safe
3914,RIVER SABULIA NADI NEAR RAMBHA (AT JAGANNATHPATNA),ODISHA,21.0,5.7,7.2,428.0,1.0,0.4,790.0,2200.0,2023,0.17513134851138354,119.7,5.721,15.61,Safe
2408,"RIVER TEL (OVER ROAD BRIDGE STATE HIGHWAY -41,
MANAMUNDA)",ODISHA,23.0,5.7,7.6,109.0,1.0,0.4,45.0,130.0,2023,0.17513134851138354,131.1,0.8605,2.85,Safe
1085,RIVER DHAMRA AT DHAMRA,ODISHA,20.0,5.7,6.6,410.0,1.0,0.4,45.0,330.0,2023,0.17513134851138354,114.0,1.7625,6.78,Safe
3168,RIVER HASDEO DOWN STREAM OF HASDEO RIVER NEAR VILLAGE URGA  KORBA,CHHATTISGARH,24.7,5.7,7.2,158.0,1.0,0.4,14.0,49.0,2023,0.17513134851138354,140.79,0.7905000000000001,2.47,Safe
3889,RIVER ONG AT DHARUAKHAMMA,ODISHA,24.0,5.7,7.8,190.0,1.0,0.4,33.0,94.0,2023,0.17513134851138354,136.8,0.9505,3.32,Safe
4993,HUKITOLA,ODISHA,27.0,5.7,8.0,232.0,1.0,0.4,2.0,90.0,2023,0.17513134851138354,153.9,0.982,3.48,Safe
5532,RIVER GOBARI  AT  JAMBO,ODISHA,25.0,5.7,7.1,300.0,1.0,0.4,78.0,330.0,2023,0.17513134851138354,142.5,1.5919999999999999,6.15,Safe
5533,RIVER HANSUA AT  BARUNEI,ODISHA,25.2,5.7,7.3,176.0,1.0,0.4,45.0,330.0,2023,0.17513134851138354,143.64,1.2945,4.94,Safe
5534,RIVER PATSALA  AT  GUPTI,ODISHA,25.0,5.7,6.8,295.0,1.0,0.4,45.0,330.0,2023,0.17513134851138354,142.5,1.5325,5.92,Safe
5535,"RIVER DHAMRA,  KALIBHANJADIA",ODISHA,25.2,5.7,7.1,1384.0,1.0,0.4,20.0,130.0,2023,0.17513134851138354,143.64,3.3729999999999998,11.34,Safe
5536,RIVER BHITARAKANIKA AT DANGAMALA,ODISHA,25.0,5.7,6.9,365.0,1.0,0.4,130.0,330.0,2023,0.17513134851138354,142.5,1.7999999999999998,6.91,Safe
1081,RIVER BAITARNI AT JODA,ODISHA,19.0,5.7,6.8,80.0,1.0,0.4,110.0,490.0,2023,0.17513134851138354,108.3,1.44,5.55,Safe
1082,RIVER BAITARNI AT ANANDPUR,ODISHA,21.0,5.7,6.8,103.0,1.0,0.4,130.0,490.0,2023,0.17513134851138354,119.7,1.516,5.85,Safe
1083,RIVER BAITARNI AT JAJPUR,ODISHA,21.0,5.7,7.1,110.0,1.0,0.4,130.0,330.0,2023,0.17513134851138354,119.7,1.29,4.92,Safe
3935,RIVER BAITARNI AT NAIGARH,ODISHA,19.0,5.7,6.8,73.0,1.0,0.4,45.0,330.0,2023,0.17513134851138354,108.3,1.0885,4.0,Safe
3936,RIVER BAITARNI AT UNCHABALI,ODISHA,19.0,5.7,6.7,70.0,1.0,0.4,110.0,330.0,2023,0.17513134851138354,108.3,1.18,4.43,Safe
3938,RIVER BAITARNI AT TRIBINDHA,ODISHA,20.0,5.7,6.8,112.0,1.0,0.4,78.0,330.0,2023,0.17513134851138354,114.0,1.216,4.59,Safe
3937,RIVER BAITARNI AT CHAMPUA,ODISHA,20.0,5.7,6.7,93.0,1.0,0.4,2.0,330.0,2023,0.17513134851138354,114.0,1.064,3.88,Safe
1084,RIVER BAITARNI AT CHANDBALI U/S,ODISHA,20.0,5.7,6.6,140.0,1.0,0.4,170.0,490.0,2023,0.17513134851138354,114.0,1.65,6.37,Safe
10018,RIVER BAITARNI AT CHANDBALI D/S,ODISHA,20.0,5.7,6.5,150.0,1.0,0.4,170.0,490.0,2023,0.17513134851138354,114.0,1.67,6.44,Safe
3940,RIVER SALANDI AT BHADRAK U/S,ODISHA,20.0,5.7,6.7,105.0,1.0,0.4,130.0,790.0,2023,0.17513134851138354,114.0,1.9700000000000002,7.5,Safe
3941,RIVER SALANDI AT BHADRAK D/S,ODISHA,20.0,5.7,6.6,98.0,1.0,0.4,330.0,1700.0,2023,0.17513134851138354,114.0,3.6209999999999996,11.89,Safe
2421,"RIVER KUSEI BEFORE JOINING WITH BAITARANI AT ANANDPUR, DEOGAON",ODISHA,20.0,5.7,6.7,144.0,1.0,0.4,130.0,330.0,2023,0.17513134851138354,114.0,1.3579999999999999,5.21,Safe
1209,"RIVER GODAVARI AT RAHER, VILLAGE.RAHER, TALUKA.
NAYAGAON, DISTRICT. NANDED.",MAHARASHTRA,18.0,5.7,8.1,376.0,1.0,0.4,2.0,2.0,2023,0.17513134851138354,102.60000000000001,1.138,4.23,Safe
1210,"RIVER GODAVARI NEAR INTAKE WATER PUMP HOUSE, VILLAGE- VISHNUPURI, TALUKA- NANDED, DISTRICT- NANDED.",MAHARASHTRA,19.0,5.7,8.1,375.0,1.0,0.4,2.0,2.0,2023,0.17513134851138354,108.3,1.1359999999999997,4.23,Safe
30049,"RIVER GODAVARI AT BELUR,DHARMADABAD, NANDED (MAHARSHTRA)",MAHARASHTRA,21.0,5.7,8.3,530.0,1.0,0.4,25.0,275.0,2023,0.17513134851138354,119.7,1.8900000000000001,7.23,Safe
2360,"RIVER GODAVARI AT BASARA (V & M), NIRMAL (D)",TELANGANA,22.0,5.7,7.1,574.0,1.0,0.4,5.0,18.0,2023,0.17513134851138354,125.4,1.5625,6.03,Safe
4227,"RIVER GODAVARI- POCHERA WATER FALLS, POCHERA
(V), BOATH (M), ADILABAD (D)",TELANGANA,20.0,5.7,7.1,406.0,1.0,0.4,6.0,17.0,2023,0.17513134851138354,114.0,1.2265,4.64,Safe
5105,"RIVER GODAVARI PUSHKAR GHAT , MANCHERIAL (V&M),
MANCHERIAL (D)",TELANGANA,22.0,5.7,7.2,610.0,1.0,0.4,6.0,20.0,2023,0.17513134851138354,125.4,1.639,6.33,Safe
13,"RIVER GODAVARI AT MANCHERIAL (V&M), MANCHERIAL(D)",TELANGANA,25.0,5.7,7.4,360.0,1.0,0.4,2.0,14.0,2023,0.17513134851138354,142.5,1.1239999999999999,4.17,Safe
2361,"RIVER GODAVARI-RIVER GODAVARI AT MANCHERIAL, NEAR RAIL WAY BRIDGE B/C OF RALLAVAGU,
MANCHERIAL (D)",TELANGANA,24.0,5.7,7.2,364.0,1.0,0.4,2.0,24.0,2023,0.17513134851138354,136.8,1.147,4.28,Safe
2362,"RIVER GODAVARI-D/S  AT RAMAGUNDAM NEAR FCI INTAKE WELL, PEDDAPALLI",TELANGANA,24.0,5.7,7.3,365.0,1.0,0.4,2.0,14.0,2023,0.17513134851138354,136.8,1.1339999999999997,4.22,Safe
2363,"RIVER GODAVARI AT GODAVARIKHANI NEAR BATHING GHAT , PEDDAPALLI",TELANGANA,25.0,5.7,7.0,401.0,1.0,0.4,2.0,21.0,2023,0.17513134851138354,142.5,1.2165,4.59,Safe
2364,"RIVER GODAVARI AT RAMAGUNDAM UPSTREAM NEAR DAM, PEDDAPALLI",TELANGANA,24.5,5.7,7.2,380.0,1.0,0.4,2.0,24.0,2023,0.17513134851138354,139.65,1.179,4.42,Safe
5497,"RIVER GODAVARI D/S AFTER CONFLUENCE OF RAMAGUNDAM FERTILIZE AND CHEMICALS LTD
(RFCL),DISCHARGE INTO RIVER",TELANGANA,25.8,5.7,6.7,424.0,1.0,0.4,2.0,17.0,2023,0.17513134851138354,147.06,1.2565000000000002,4.77,Safe
2356,"RIVER GODAVARI D/S OF RAMAGUNDAM AT MANTHANI,
PEDDAPALLI",TELANGANA,25.0,5.7,7.3,412.0,1.0,0.4,2.0,21.0,2023,0.17513134851138354,142.5,1.2385000000000002,4.69,Safe
4662,"RIVER GODAVARI AT KALESHWARAM, 500 MTS. BEFORE
BATHING GHAT,  KALESHWARAM (V), MAHADEVPUR (M),JAYASHANKAR  BHUPALAPALLY",TELANGANA,24.0,5.7,7.0,322.0,1.0,0.4,2.0,21.0,2023,0.17513134851138354,136.8,1.0585,3.86,Safe
2365,"RIVER GODAVARI - U/S AT KAMALAPUR ,AT M/S.AP
RAYONS LTD., INTAKE WELL , KAMALAPUR (V), MANGAPET (M),   MULUGU (D)",TELANGANA,25.0,5.7,7.1,251.0,1.0,0.4,2.0,17.0,2023,0.17513134851138354,142.5,0.9105,3.12,Safe
2366,"RIVER GODAVARI - D/S AT KAMALAPUR ,AT M/S.AP
RAYONS LTD., DISCHARGE POINT , MANGAPET (V&M), MULUGU (D)",TELANGANA,26.0,5.7,7.0,225.0,1.0,0.4,2.0,20.0,2023,0.17513134851138354,148.20000000000002,0.8630000000000001,2.87,Safe
2367,"RIVER GODAVARI - U/S  AT BHADRACHALAM BATHING
GHAT, BHADRADRI  KOTHAGUDEM",TELANGANA,25.0,5.7,7.3,254.0,1.0,0.4,2.0,17.0,2023,0.17513134851138354,142.5,0.9165,3.15,Safe
2368,"RIVER GODAVARI - D/S  AT BHADRACHALAM BATHING
GHAT , BHADRADRI KOTHAGUDEM",TELANGANA,26.0,5.7,7.0,223.0,1.0,0.4,2.0,17.0,2023,0.17513134851138354,148.20000000000002,0.8545,2.82,Safe
2369,"RIVER GODAVARI AT BURGAMPAHAD , BHADRADRI
KOTHAGUDEM",TELANGANA,24.8,5.7,7.1,247.0,1.0,0.4,2.0,24.0,2023,0.17513134851138354,141.36,0.9130000000000001,3.13,Safe
4367,"RIVER GODAVARI KOUNDINYA MUKTHI (V), KUKUNUR (M), BORDER POINT BETWEEN ANDHRA PRADESH &
TELANGANA STATES",ANDHRA PRADESH,22.0,5.7,7.8,130.0,1.0,0.4,3.0,64.0,2023,0.17513134851138354,125.4,0.7404999999999999,2.19,Safe
4359,"RIVER GODAVARI AFTER CONFLUENCE WITH SABARI
TRIBUTARY (KUNAVARAM) AT WADDIGUDEM(V) V.R. PURAM (M)",ANDHRA PRADESH,23.0,5.7,7.2,64.0,1.0,0.4,2.0,21.0,2023,0.17513134851138354,131.1,0.5425,0.99,Safe
14,RIVER GODAVARI AT POLAVARAM (V & M),"ANDHRA
PRADESH",22.0,5.7,7.4,130.0,1.0,0.4,3.0,64.0,2023,0.17513134851138354,125.4,0.7404999999999999,2.19,Safe
1218,"RIVER GODAVARI AT RAJAHMUNDRY U/S, KUMARADEVAM (V), KOVVUR (M)",ANDHRA PRADESH,25.0,5.7,6.6,155.0,1.0,0.4,4.0,75.0,2023,0.17513134851138354,142.5,0.8085,2.57,Safe
2370,"RIVER GODAVARI AT RAJAMUNDRY U/S OF NALLA CHANNEL,RAJAMUNDRY",ANDHRA PRADESH,25.0,5.7,6.3,180.0,1.0,0.4,3.0,75.0,2023,0.17513134851138354,142.5,0.857,2.83,Safe
2371,"RIVER GODAVARI AT RAJAMUNDRY D/S OF NALLA CHANNEL, RAJAMUNDRY",ANDHRA PRADESH,25.0,5.7,6.4,141.0,1.0,0.4,4.0,150.0,2023,0.17513134851138354,142.5,0.8929999999999999,3.03,Safe
3067,"RIVER GODAVARI D/S  DOWLEISWARAM AFTER CONFLUENCE OF STP OUTLET, DOWLEISWARAM (V)",ANDHRA PRADESH,26.0,5.7,6.5,129.0,1.0,0.4,4.0,39.0,2023,0.17513134851138354,148.20000000000002,0.7025,1.97,Safe
1219,"RIVER GODAVARI AT RAJAHMUNDRY D/S, DOWLESWARAM (V), RAJAHMUNDRY (M)",ANDHRA PRADESH,25.0,5.7,6.6,125.0,1.0,0.4,4.0,93.0,2023,0.17513134851138354,142.5,0.7755000000000001,2.39,Safe
3948,RIVER INDRAVATI AT NAWARANGPUR,ODISHA,13.0,5.7,6.7,90.0,1.0,0.4,78.0,490.0,2023,0.17513134851138354,74.10000000000001,1.412,5.43,Safe
30062,RIVER INDRAWATI AT NOWRANGPUR (ODISHA),ODISHA,26.0,5.7,7.0,102.0,1.0,0.4,1300.0,2200.0,2023,0.17513134851138354,148.20000000000002,5.834,15.78,Safe
1854,"RIVER INDRAVATI  NELSONNAR,A/C OF DANTEWADA",CHHATTISGARH,27.0,5.7,7.4,232.0,1.0,0.4,11.0,22.0,2023,0.17513134851138354,153.9,0.8935,3.03,Safe
1855,"RIVER INDRAVATI,PANDEMURGA B/C OF GODAVARI RIVER",CHHATTISGARH,27.0,5.7,7.4,232.0,1.0,0.4,11.0,28.0,2023,0.17513134851138354,153.9,0.9025,3.08,Safe
3312,"RIVER KANHAN AT CHINDWARA BEFORE MIXING BOREGAON GROWTHCENTRE NALLA, JABALPUR",MADHYA PRADESH,20.0,5.7,7.4,611.0,1.0,0.4,3.0,15.0,2023,0.17513134851138354,114.0,1.6290000000000002,6.29,Safe
5537,"RIVER KANHAN NEAR MANDIR MAIN GHAT KHAPPADIWAR, CHHINDWARA",MADHYA PRADESH,19.0,5.7,7.1,288.0,1.0,0.4,2.0,10.0,2023,0.17513134851138354,108.3,0.974,3.44,Safe
2170,"RIVER KANHAN AT U/S OF M/S VIDARBHA PAPER MILLS,
VILLAGE- SINORA, TALUKA- PARSEONI, DISTRICT- NAGPUR.",MAHARASHTRA,19.0,5.7,7.2,906.0,1.0,0.4,14.0,110.0,2023,0.17513134851138354,108.3,2.378,8.78,Safe
2171,"RIVER KANHAN AT D/S OF M/S VIDARBHA PAPER MILLS, VILLAGE- SINORA, TALUKA- PARSEONI, DISTRICT- NAGPUR.",MAHARASHTRA,19.0,5.7,7.6,819.0,1.0,0.4,11.0,140.0,2023,0.17513134851138354,108.3,2.2445,8.38,Safe
1909,"RIVER KANHAN AT D/S OF NAGPUR, VILLAGE-
AGARGAON, TALUKA- KUHI, DISTRICT- NAGPUR.",MAHARASHTRA,16.0,5.7,7.5,730.0,1.0,0.4,14.0,110.0,2023,0.17513134851138354,91.2,2.026,7.69,Safe
3080,"RIVER KINNERASANI (TRIBUTRARY OF GODAVARI) - U/S
OF KARAKAVAGU AT PALONCHA , BHADRADRI KOTHAGUDEM",TELANGANA,24.0,5.7,7.2,412.0,1.0,0.4,2.0,24.0,2023,0.17513134851138354,136.8,1.243,4.71,Safe
3081,"RIVER KINNERASANI (TRIBUTRARY OF GODAVARI) - D/S
OF KARAKAVAGU AT PALONCHA, BHADRADRI KOTHAGUDEM",TELANGANA,25.8,5.7,7.5,408.0,1.0,0.4,2.0,20.0,2023,0.17513134851138354,147.06,1.229,4.65,Safe
2372,"RIVER KINNERASANI (TRIBUTRARY OF GODAVARI) - KINNERASANI AFTER CONFLUENCE OF KTPS ASH POND
EFFLUENTS ,BHADRADRI KOTHAGUDEM",TELANGANA,25.0,5.7,7.5,179.0,1.0,0.4,2.0,17.0,2023,0.17513134851138354,142.5,0.7665,2.34,Safe
1908,"RIVER KOLAR BEFORE CONFLUENCE WITH KANHAN
RIVER AT WAREGAON BRIDGE, VILLAGE- WAREGAON, TALUKA-KAMPTEE, DISTRICT -NAGPUR.",MAHARASHTRA,19.0,5.7,7.2,870.0,1.0,0.4,11.0,110.0,2023,0.17513134851138354,108.3,2.3015000000000003,8.55,Safe
4257,"RIVER MANERU (TRIBUTARY OF GODAVARI)  - AT D/S OF MUNICIPAL DUMP SITE, KARIMNAGAR",TELANGANA,26.0,5.7,6.9,438.0,1.0,0.4,2.0,32.0,2023,0.17513134851138354,148.20000000000002,1.307,4.99,Safe
4664,"RIVER MANERU (TRIBUTARY OF GODAVARI) -  AT GHATTEPALLI (V) NEAR SULTHANABAD, KARIMNAGAR",TELANGANA,25.0,5.7,6.9,424.0,1.0,0.4,2.0,27.0,2023,0.17513134851138354,142.5,1.2715,4.84,Safe
1158,"RIVER MANERU (TRIBUTARY OF GODAVARI)  -  AT
SOMANPALLY , PEDDAPALLI",TELANGANA,25.0,5.7,6.6,436.0,1.0,0.4,2.0,21.0,2023,0.17513134851138354,142.5,1.2865000000000002,4.9,Safe
1891,RIVER MANJEERA AT D/S INTAKE POINT TO BIDAR CITY,KARNATAKA,24.0,5.7,7.4,390.0,1.0,0.4,33.0,140.0,2023,0.17513134851138354,136.8,1.4195000000000002,5.46,Safe
1157,"RIVER MANJEERA (TRIBUTARY OF GODAVARI)  -  AT
RAIPALLY, SANGAREEDY",TELANGANA,22.0,5.7,7.5,575.0,1.0,0.4,4.0,27.0,2023,0.17513134851138354,125.4,1.5765000000000002,6.09,Safe
1781,"RIVER MANJEERA (TRIBUTARY OF GODAVARI)  -  AT GANAPATHI SUGARS, SANGAREDDY",TELANGANA,20.0,5.7,7.0,605.0,1.0,0.4,8.0,39.0,2023,0.17513134851138354,114.0,1.6604999999999999,6.41,Safe
2374,"RIVER MANJEERA (TRIBUTARY OF GODAVARI)  - U/S OF RIVER MANJEERA AT GOWDICHERLA BEFORE
CONFLUENCE WITH NAKKAVAGU, SANGAREDY",TELANGANA,19.0,5.7,7.1,850.0,1.0,0.4,7.0,27.0,2023,0.17513134851138354,108.3,2.1310000000000002,8.02,Safe
2375,"RIVER MANJEERA (TRIBUTARY OF GODAVARI)  - D/S OF RIVER MANJEERA AT GOWDICHERLA ATFTER
CONFLUENCE WITH NAKKAVAGU, SANGAREDDY",TELANGANA,19.0,5.7,7.2,1203.0,1.0,0.4,6.0,34.0,2023,0.17513134851138354,108.3,2.846,10.07,Safe
4226,"RIVER MANJEERA (TRIBUTARY OF GODAVARI)  - RIVER
MANJEERA AT YEDU PAYALA TEMPLE, NAGSAMPALLI (V), PAPANNAPET (M), MEDAK DISTRICT",TELANGANA,16.0,5.7,7.1,592.0,1.0,0.4,4.0,18.0,2023,0.17513134851138354,91.2,1.597,6.17,Safe
2673,"RIVER MANJRA  AT D/S OF LATUR, NEAR LATUR-
NANDED BRIDGE, VILLAGE- BHATKHEDA, TALUKA- LATUR, DISTRICT- LATUR.",MAHARASHTRA,18.0,5.7,8.0,641.0,1.0,0.4,2.0,5.0,2023,0.17513134851138354,102.60000000000001,1.6724999999999999,6.45,Safe
30055,RIVER MANJEERA AT JANWADA(BANGALORE),KARNATAKA,24.0,5.7,8.4,461.0,1.0,0.4,470.0,3500.0,2023,0.17513134851138354,136.8,7.257,17.66,Safe
2675,RIVER MORNA D/S OF RAILWAY BRIDGE AKOLA,MAHARASHTRA,23.0,5.7,7.4,891.0,1.0,0.4,12.0,120.0,2023,0.17513134851138354,131.1,2.36,8.73,Safe
2349,"RIVER MANJEERA (TRIBUTARY OF GODAVARI)  - NAKKA VAGU AT BACHUGUDEM, SANGAREEDY",TELANGANA,18.0,5.7,6.8,1206.0,1.0,0.4,8.0,79.0,2023,0.17513134851138354,102.60000000000001,2.9225000000000003,10.26,Safe
1214,"RIVER PENCH AT CHHINDWARA ,NEAR SINGORI ROAD BRIDGE, CHHINDWARA",MADHYA PRADESH,19.0,5.7,7.2,264.0,1.0,0.4,2.0,15.0,2023,0.17513134851138354,108.3,0.9335,3.24,Safe
5541,"RIVER PENCHÂ  NEAR ROAD BRIDGE HALLAKHURD,CHHINDWARA",MADHYA PRADESH,19.0,5.7,7.1,322.0,1.0,0.4,2.0,15.0,2023,0.17513134851138354,108.3,1.0494999999999999,3.81,Safe
2699,"RIVER PENGANGA  AT MEHKAR -BULDANA ROAD
BRIDGE, VILLAGE-MEHKAR, TALUKA-MEHKAR,DISTRICT- AKOLA.",MAHARASHTRA,23.0,5.7,7.8,780.0,1.0,0.4,12.0,110.0,2023,0.17513134851138354,131.1,2.1229999999999998,8.0,Safe
2698,"RIVER PENGANGA  D/S OF ISAPUR DAM, VILLAGE- ISAPUR,TALUKA- PUSAD, DISTRICT- YAVATMAL.",MAHARASHTRA,19.0,5.7,7.7,665.0,1.0,0.4,12.0,110.0,2023,0.17513134851138354,108.3,1.893,7.24,Safe
2697,"RIVER PENGANGA NEAR WATER SUPPLY SCHEME OF UMARKHED M.C., VILLAGE. BELKHED, TALUKA.
UMARKHED, DISTRICT. YAVATMAL.",MAHARASHTRA,20.0,5.7,7.8,650.0,1.0,0.4,12.0,94.0,2023,0.17513134851138354,114.0,1.8390000000000002,7.05,Safe
2373,"RIVER SABARI AT KUNAVARAM, EAST GODAVARI DIST",ANDHRA PRADESH,23.0,5.7,7.4,70.0,1.0,0.4,2.0,28.0,2023,0.17513134851138354,131.1,0.5650000000000001,1.14,Safe
1856,"RIVER SHANKNI  DANTEWADA,A/C OF DANKANI RIVER",CHHATTISGARH,27.0,5.7,7.5,232.0,1.0,0.4,11.0,36.0,2023,0.17513134851138354,153.9,0.9145,3.14,Safe
3330,"RIVER RIVER WAINGANGA AT CHHAPARA , SEONI, NEAR WSS INTAKE POINT",MADHYA PRADESH,20.3,5.7,7.2,238.0,1.0,0.4,2.0,23.0,2023,0.17513134851138354,115.71000000000001,0.8935,3.03,Safe
3331,"RIVER WAINGANGA AT CHHAPARA, NEAR ROAD BRIDGE AFTER MIXING
MOTI & CHAMARIYA NALLA, JABALPUR",MADHYA PRADESH,20.7,5.7,7.1,257.0,1.0,0.4,2.0,39.0,2023,0.17513134851138354,117.99,0.9555,3.35,Safe
1213,"RIVER WAINGANGA AT BALAGHAT, M.P.",MADHYA PRADESH,20.2,5.7,7.2,270.0,1.0,0.4,2.0,15.0,2023,0.17513134851138354,115.14,0.9455,3.3,Safe
30041,"RIVER WAINGANGA AT BAPERA, BHANDARA, (MAHARASHTRA)",MAHARASHTRA,21.0,5.7,8.6,736.0,1.0,0.4,22.0,120.0,2023,0.17513134851138354,119.7,2.0650000000000004,7.81,Safe
2173,"RIVER WAINGANGA AT U/S OF ELLORA PAPER MILLS, VILLAGE. TUMSAR, TALUKA. TUMSAR, DISTRICT.
BHANDARA.",MAHARASHTRA,18.0,5.7,7.7,667.0,1.0,0.4,12.0,120.0,2023,0.17513134851138354,102.60000000000001,1.912,7.3,Safe
2172,"RIVER WAINGANGA AT D/S OF ELLORA PAPER MILLS, VILLAGE. TUMSAR, TALUKA. TUMSAR, DISTRICT.
BHANDARA.",MAHARASHTRA,18.0,5.7,7.8,739.0,1.0,0.4,24.0,210.0,2023,0.17513134851138354,102.60000000000001,2.209,8.27,Safe
2175,"RIVER WAINGANGA AT U/S OF GAURAV PAPER MILLS, NEAR JACKWELL, VILLAGE. BRAMHPURI, TALUKA.
CHANDRAPUR, DISTRICT. CHANDRAPUR.",MAHARASHTRA,19.0,5.7,7.9,654.0,1.0,0.4,11.0,170.0,2023,0.17513134851138354,108.3,1.9595000000000002,7.46,Safe
2176,"RIVER WAINGANGA AT D/S OF GAURAV PAPER MILLS, NEAR JACKWELL VILLAGE. BRAMHPURI, TALUKA. CHANDRAPUR, DISTRICT. CHANDRAPUR.",MAHARASHTRA,19.0,5.7,7.8,549.0,1.0,0.4,17.0,110.0,2023,0.17513134851138354,108.3,1.6685000000000003,6.44,Safe
1910,"RIVER WAINGANGA  AFTER CONFLUENCE WITH KANHAN RIVER, VILLAGE- AMBHORA,TALUKA- KUHI,
DISTRICT- NAGPUR.",MAHARASHTRA,16.0,5.7,7.6,789.0,1.0,0.4,12.0,110.0,2023,0.17513134851138354,91.2,2.141,8.06,Safe
11,"RIVER WAINGANGA AT ASHTI, VILLAGE. ASHTI, TALUKA. GONDPIPRI, DISTRICT.CHANDRAPUR.",MAHARASHTRA,19.0,5.7,7.9,674.0,1.0,0.4,14.0,94.0,2023,0.17513134851138354,108.3,1.8900000000000001,7.23,Safe
30059,"RIVER WARDHA AT VILLAGE BANGAON NEAR
PANDHURNA (MP & MAHARASHTRA)","MADHYA
PRADESH",26.0,5.7,8.1,266.0,1.0,0.4,2.0,63.0,2023,0.17513134851138354,148.20000000000002,1.0095,3.62,Safe
1315,"RIVER WARDHA AT PULGAON RAILWAY BRIDGE, VILLAGE- PULGAON,TALUKA - WARDHA, DISTRICT-
WARDHA.",MAHARASHTRA,16.0,5.7,7.9,762.0,1.0,0.4,24.0,110.0,2023,0.17513134851138354,91.2,2.105,7.94,Safe
2721,"RIVER WARDHA  AT U/S OF ACC LTD. GHUGGUS NEAR
WCL PUMP HOUSE, VILLAGE- GHUGGUS, TALUKA- CHANDRAPUR, DISTRICT- CHANDRAPUR.",MAHARASHTRA,19.0,5.7,7.8,892.0,1.0,0.4,6.0,130.0,2023,0.17513134851138354,108.3,2.368,8.75,Safe
2174,"RIVER WARDHA AT D/S OF ACC LTD. GHUGGUS NEAR
WCL PUMP HOUSE, VILLAGE- GHUGGUS, TALUKA- CHANDRAPUR, DISTRICT- CHANDRAPUR.",MAHARASHTRA,19.0,5.7,7.8,549.0,1.0,0.4,11.0,120.0,2023,0.17513134851138354,108.3,1.6745,6.46,Safe
2156,"RIVER WARDHA AT CONFLUENCE POINT OF PENGANGA & WARDHA. VILLAGE. JUGAD, TALUKA. WANI, DISTRICT.
YAVATMAL.",MAHARASHTRA,19.0,5.7,7.8,750.0,1.0,0.4,12.0,110.0,2023,0.17513134851138354,108.3,2.0629999999999997,7.81,Safe
2720,"RIVER WARDHA AT U/S OF ERAI RIVER AT HADASTI
NEAR ARUN ENGG. WORKS, VILLAGE- HADASTI, TALUKA- CHANDRAPUR, DISTRICT- CHANDRAPUR.",MAHARASHTRA,19.0,5.7,7.9,698.0,1.0,0.4,13.0,110.0,2023,0.17513134851138354,108.3,1.9605000000000004,7.47,Safe
2719,"RIVER WARDHA AT D/S OF ERAI RIVER AT HADASTI NEAR ARUN ENGG. WORKS, VILLAGE- HADASTI,
TALUKA- CHANDRAPUR, DISTRICT- CHANDRAPUR.",MAHARASHTRA,19.0,5.7,7.7,722.0,1.0,0.4,20.0,170.0,2023,0.17513134851138354,108.3,2.109,7.95,Safe
1212,"RIVER WARDHA AT RAJURA BRIDGE, VILLAGE- RAJURA, TALUKA- CHANDRAPUR, DISTRICT- CHANDRAPUR.",MAHARASHTRA,19.0,5.7,7.9,660.0,1.0,0.4,14.0,120.0,2023,0.17513134851138354,108.3,1.901,7.27,Safe
2722,"RIVER WENA AT U/S OF MOHATA MILLS, NEAR RAILWAY BRIDGE ON WARDHA, CHANDRAPUR RAILWAY LINE,
VILLAGE- HINGANGHAT, TALUKA- HINGANGHAT, DISTRICT- WARDHA.",MAHARASHTRA,16.0,5.7,8.1,936.0,1.0,0.4,17.0,210.0,2023,0.17513134851138354,91.2,2.5925,9.39,Safe
2723,"RIVER WENA AT D/S OF MOHATA MILLS, NEAR  BRIDGE ON HINGANGHAT- WADNER ROAD,  VILLAGE-
HINGANGHAT, TALUKA- HINGANGHAT,  DISTRICT- WARDHA.",MAHARASHTRA,16.0,5.7,8.0,976.0,1.0,0.4,20.0,280.0,2023,0.17513134851138354,91.2,2.7819999999999996,9.9,Safe
1194,"RIVER KRISHNA AT DHOM DAM, VILLAGE- WAI, TALUKA- MAHABALESHWAR, DISTRICT-SATARA.",MAHARASHTRA,22.0,5.7,2.0,5.0,1.0,0.4,2.0,2.0,2023,0.17513134851138354,125.4,0.396,0.0,Safe
2190,"RIEVR KRISHNA AT GANPATI GHAT, WAI, VILLAGE- WAI,TALUKA- WAI,DISTRICT- SATARA.",MAHARASHTRA,25.0,5.7,7.4,230.0,1.0,0.4,8.0,85.0,2023,0.17513134851138354,142.5,0.9795,3.47,Safe
2187,"RIVER KRISHNA AT KSHETRA MAHULI, VILLAGE-
KSHETRA-MAHULI,TALUKA- MAHULI, DISTRICT- SATARA.",MAHARASHTRA,23.0,5.7,7.9,342.0,1.0,0.4,9.0,170.0,2023,0.17513134851138354,131.1,1.3325,5.1,Safe
2188,"RIVER KRISHNA  AT KRISHNA- VENNA SANGAM MAHULI , VILLAGE- MAHULI,TALUKA- MAHULI, DISTRICT- SATARA.",MAHARASHTRA,25.0,5.7,7.1,293.0,1.0,0.4,9.0,150.0,2023,0.17513134851138354,142.5,1.2045,4.54,Safe
36,"RIVER KRISHNA AT OLD  KRISHNA BRIDGE, KARAD
STATION ROAD , KARAD, TALUKA- KARAD, DISTRICT- SATARA.",MAHARASHTRA,25.0,5.7,7.5,82.0,1.0,0.4,8.0,140.0,2023,0.17513134851138354,142.5,0.766,2.34,Safe
1906,"RIVER KRISHNA AT WALWA, D/S OF ISLAMPUR NEAR VITHAL TEMPLE, VILLAGE- WALWA, TALUKA- WALWA, DISTRICT- SANGLI.",MAHARASHTRA,26.0,5.7,7.7,50.0,1.0,0.4,5.0,20.0,2023,0.17513134851138354,148.20000000000002,0.5175,0.83,Safe
37,"RIVER KRISHNA AT MAIGHAT, VILLAGE- GAWALI GALLY, TALUKA- MIRAJ,  DISTRICT- SANGLI.",MAHARASHTRA,8.1,5.7,7.4,221.0,1.0,0.4,6.0,17.0,2023,0.17513134851138354,46.17,0.8565,2.83,Safe
30047,"RIVER KRISHNA AT KURUNDWAD, KOLHAPUR, (MAHARASHTRA)",MAHARASHTRA,22.0,5.7,8.1,659.0,1.0,0.4,17.0,250.0,2023,0.17513134851138354,125.4,2.0985,7.92,Safe
1310,"RIVER KRISHNA AT KURUNDWAD NEAR SANTAJI GHORPADE GHAT, VILLAGE.NARSHINGWADI, KURUNDWAD, TALUKA. SHIROL, DISTRICT. KOLHAPUR.",MAHARASHTRA,24.0,5.7,7.7,156.0,1.0,0.4,6.0,24.0,2023,0.17513134851138354,136.8,0.7370000000000001,2.17,Safe
1153,"RIVER KRISHNA AT RAJAPUR WEIR, VILLAGE. RAJAPUR, TALUKA. SHIROL, DISTRICT. KOLHAPUR.",MAHARASHTRA,24.0,5.7,7.6,157.0,1.0,0.4,6.0,21.0,2023,0.17513134851138354,136.8,0.7345,2.16,Safe
1889,"RIVER KRISHNA - ANKALI BRIDGE ALONG CHIKKODI
KAGWAD ROAD",KARNATAKA,24.0,5.7,6.3,274.0,1.0,0.4,350.0,920.0,2023,0.17513134851138354,136.8,2.833,10.03,Safe
1182,RIVER KRISHNA AT U/S OF UGARKHURD BARRAGE,KARNATAKA,25.0,5.7,6.2,210.0,1.0,0.4,540.0,920.0,2023,0.17513134851138354,142.5,2.99,10.43,Safe
2763,RIVER KRISHNA AT ASANGI VILLAGE (JAMAKANDI VILLAGE),KARNATAKA,18.0,5.7,6.3,260.0,1.0,0.4,350.0,920.0,2023,0.17513134851138354,102.60000000000001,2.8049999999999997,9.96,Safe
5597,"RIVER KRISHNA AT ALMATTI DAM HAVELI , OLD
JACKWELL POINT, BAGALKOTE",KARNATAKA,18.0,5.7,8.0,396.0,1.0,0.4,540.0,1600.0,2023,0.17513134851138354,102.60000000000001,4.382,13.41,Safe
2781,RIVER KRISHNA AT D/S OF ALAMATTI DAM,KARNATAKA,28.0,5.7,7.0,280.0,1.0,0.4,350.0,920.0,2023,0.17513134851138354,159.6,2.8449999999999998,10.06,Safe
1181,RIVER KRISHNA AT D/S OF NARAYANPURA DAM,KARNATAKA,28.0,5.7,7.0,272.0,1.0,0.4,280.0,920.0,2023,0.17513134851138354,159.6,2.724,9.75,Safe
1028,RIVER KRISHNA AT TINTINI BRIDGE,KARNATAKA,27.0,5.7,8.2,685.0,1.0,0.4,170.0,920.0,2023,0.17513134851138354,153.9,3.385,11.37,Safe
30056,RIVER KRISHNA AT DEODURGA (BANGALORE),KARNATAKA,25.0,5.7,7.9,1104.0,1.0,0.4,79.0,350.0,2023,0.17513134851138354,142.5,3.2314999999999996,11.02,Safe
1784,"RIVER KRISHNA AT THANGADI, THANGADI(V), KRISHNA(M), NARAYANAPET(D)",TELANGANA,25.0,5.7,7.4,312.0,1.0,0.4,2.0,13.0,2023,0.17513134851138354,142.5,1.0265,3.7,Safe
1170,RIVER KRISHNA AT D/S OF DEVASAGAR BDG.,KARNATAKA,24.0,5.7,8.1,894.0,1.0,0.4,220.0,920.0,2023,0.17513134851138354,136.8,3.878,12.43,Safe
39,"RIVER KRISHNA AT GADWAL BRIDGE,NADHI
AGRAHARAM, GADWAL(MUNCI.), JOGULAMBA GADWAL(D)",TELANGANA,24.0,5.7,7.3,344.0,1.0,0.4,2.0,21.0,2023,0.17513134851138354,136.8,1.1025,4.07,Safe
4225,"RIVER KRISHNA AT JOGULAMBA TEMPLE, ALAMPUR(V&M), JOGULAMBA GADWAL(D)",TELANGANA,25.0,5.7,7.0,512.0,1.0,0.4,2.0,21.0,2023,0.17513134851138354,142.5,1.4385,5.54,Safe
1175,"RIVER KRISHNA A/C WITH TUNGABHADRA, SANGAMESHWARAM (V), KOTTAPALLE (M)",ANDHRA PRADESH,20.0,5.7,6.9,531.0,1.0,0.4,102.0,549.0,2023,0.17513134851138354,114.0,2.4185000000000003,8.9,Safe
3083,"RIVER KRISHNA D/S OF SRISHAILAM, SRISHAILAM","ANDHRA
PRADESH",19.0,5.7,6.9,580.0,1.0,0.4,152.0,479.0,2023,0.17513134851138354,108.3,2.4865,9.09,Safe
5108,"RIVER KRISHNA BEFORE CONFLUENCE OF RIVER MUSI AT WADAPALLY (V), DAMARACHARLA (M), NALGONDA
(D)",TELANGANA,17.0,5.7,6.8,852.0,1.0,0.4,6.0,33.0,2023,0.17513134851138354,96.9,2.1425,8.06,Safe
1465,"RIVER KRISHNA - CONFLUENCE OF RIVER KRISHNA & RIVER MUSI AT WADAPALLY (V), DAMARCHARLA (M),
NALGONDA DISTRICT",TELANGANA,17.0,5.7,7.2,1010.0,1.0,0.4,8.0,27.0,2023,0.17513134851138354,96.9,2.4525,9.0,Safe
4381,"RIVER KRISHNA AFTER CONFLUENCE WITH RIVER MUSI
AT VADAPALLI (V), DACHEPALLI (M) BETWEEN ANDHRA PRADESH & TELANGANA STATES",ANDHRA PRADESH,23.0,5.7,7.2,621.0,1.0,0.4,4.0,43.0,2023,0.17513134851138354,131.1,1.6925,6.53,Safe
5109,"RIVER KRISHNA AFTER CONFLUENCE OF RIVER MUSI AT WADAPALLY (V), DAMARACHARLA (M), NALGONDA(D)",TELANGANA,18.0,5.7,7.3,926.0,1.0,0.4,6.0,33.0,2023,0.17513134851138354,102.60000000000001,2.2905,8.52,Safe
4663,"RIVER KRISHNA AT MATTEPALLY, 500 MTS. BEFORE BATHING GHAT, SURYAPET",TELANGANA,18.0,5.7,7.0,834.0,1.0,0.4,6.0,34.0,2023,0.17513134851138354,102.60000000000001,2.108,7.95,Safe
5110,"RIVER KRISHNA AT PULICHINTALA RESERVOIR AT
CHINTHALAPALEM (V&M), SURYAPET (D)",TELANGANA,19.0,5.7,7.0,862.0,1.0,0.4,4.0,31.0,2023,0.17513134851138354,108.3,2.1565,8.1,Safe
1786,"RIVER KRISHNA AT VEDADRI (V),  JAGGAYYAPETA (M)",ANDHRA PRADESH,25.0,5.7,7.2,772.0,1.0,0.4,4.0,64.0,2023,0.17513134851138354,142.5,2.026,7.69,Safe
1787,"RIVER KRISHNA AT AMARAVATI,  AMARAVATI (V & M)",ANDHRA PRADESH,22.0,5.7,7.3,664.0,1.0,0.4,7.0,75.0,2023,0.17513134851138354,125.4,1.8310000000000002,7.02,Safe
4375,"RIVER KRISHNA, PAVITHRA SANGAMAM, AFTER CONFLUENCE WITH RIVER GODAVARI WATER, FERRY
(V), IBRAHIMPATNAM (M)",ANDHRA PRADESH,24.0,5.7,7.2,406.0,1.0,0.4,4.0,43.0,2023,0.17513134851138354,136.8,1.2625,4.8,Safe
25,RIVER KRISHNA AT VIJAYWADA TOWN,ANDHRA PRADESH,24.0,5.7,7.2,520.0,1.0,0.4,4.0,64.0,2023,0.17513134851138354,136.8,1.522,5.88,Safe
3079,"RIVER KRISHNA D/S OF RAMALINGESHWARNAGAR A/C WITH TREATED SEWAGE DISCHARGING FROM 10MLD STP LOCATED AT RAMALINGESHWARNAGAR,
VIJAYAWADA, KRISHNA",ANDHRA PRADESH,25.0,5.7,7.8,796.0,1.0,0.4,11.0,75.0,2023,0.17513134851138354,142.5,2.101,7.93,Safe
1782,RIVER KRISHNA AT HAMSALADEEVI PULIGADDA AQUEDUCT NEAR AVANIGADDA (V),ANDHRA PRADESH,25.0,5.7,7.6,7770.0,1.0,0.4,4.0,43.0,2023,0.17513134851138354,142.5,15.990500000000003,24.83,Safe
1463,"RIVER NIRA  AT SAROLA BRIDGE, VILLAGE- SAROLA, TALUKA-BHOR, DISTRICT- PUNE.",MAHARASHTRA,27.0,5.7,7.7,128.0,1.0,0.4,7.0,115.0,2023,0.17513134851138354,153.9,0.819,2.63,Safe
2683,"RIVER NIRA  AT SHINDEWADI,  VILLAGE- SHIRVAL,
TALUKA- KHANDALA, DISTRICT- SATARA.",MAHARASHTRA,25.0,5.7,7.3,75.0,1.0,0.4,7.0,75.0,2023,0.17513134851138354,142.5,0.653,1.68,Safe
2682,"RIVER NIRA AT U/S OF JUBILANT ORGANOSIS, VILLAGE- NIRA (DATTAGHAT),TALUKA- BARAMATI, DISTRICT-
PUNE.",MAHARASHTRA,26.0,5.7,7.9,483.0,1.0,0.4,7.0,120.0,2023,0.17513134851138354,148.20000000000002,1.5365,5.93,Safe
2195,"RIVER NIRA AT D/S OF JUBILANT ORGANOSIS,  VILLAGE-
NIMBUT, TALUKA- BARAMATI, DISTRICT- PUNE.",MAHARASHTRA,26.0,5.7,7.3,621.0,1.0,0.4,7.0,150.0,2023,0.17513134851138354,148.20000000000002,1.8575,7.12,Safe
2681,"RIVER NIRA AT SANGAVI, VILLAGE- SANGAVI, TALUKA-
PHALTAN, DISTRICT- SATARA.",MAHARASHTRA,25.0,5.7,8.0,1567.0,1.0,0.4,9.0,130.0,2023,0.17513134851138354,142.5,3.7225,12.11,Safe
2716,"RIVER VENNA AT MAHABALESHWAR, VILLAGE. MAHABALESHWAR, TALUKA. MAHABALESHWAR, DISTRICT. SATARA.",MAHARASHTRA,20.0,5.7,6.6,42.0,1.0,0.4,7.0,95.0,2023,0.17513134851138354,114.0,0.617,1.46,Safe
2186,"RIVER VENNA AT VARYE, VILLAGE - VARYE,TALUKA- SATARA, DISTRICT- SATARA.",MAHARASHTRA,23.0,5.7,7.6,177.0,1.0,0.4,7.0,85.0,2023,0.17513134851138354,131.1,0.8719999999999999,2.91,Safe
2717,"RIVER VENNA AT MAHULI, VILLAGE- MAHULI, TALUKA- MAHULI, DISTRICT- SATARA.",MAHARASHTRA,23.0,5.7,7.4,206.0,1.0,0.4,8.0,95.0,2023,0.17513134851138354,131.1,0.9465,3.3,Safe
4253,"RIVER MUSI AT BAPUGHAT SANGAM, HYDERABAD",TELANGANA,25.0,5.7,6.8,384.0,1.0,0.4,4.0,280.0,2023,0.17513134851138354,142.5,1.574,6.08,Safe
4656,"RIVER MUSI AT MOOSARAMBAGH BRIDGE, HYDERABAD",TELANGANA,24.0,5.7,6.8,784.0,1.0,0.4,8.0,430.0,2023,0.17513134851138354,136.8,2.605,9.42,Safe
2339,"RIVER MUSI AT NAGOLE, RANGA REDDY",TELANGANA,24.0,5.7,6.9,1027.0,1.0,0.4,6.0,350.0,2023,0.17513134851138354,136.8,2.9679999999999995,10.38,Safe
4659,"RIVER MUSI - OUTLET OF NALLA CHERUVU,
PEERAJADIGUDA, RANGAREDDY",TELANGANA,24.0,5.7,7.0,1040.0,1.0,0.4,11.0,350.0,2023,0.17513134851138354,136.8,3.0015,10.46,Safe
4660,"RIVER MUSI AT PEERAJADIGUDA, RANGA REDDY",TELANGANA,24.0,5.7,7.0,1022.0,1.0,0.4,14.0,350.0,2023,0.17513134851138354,136.8,2.9699999999999998,10.38,Safe
1173,"RIVER MUSI - D/S AT PRATAPASINGARAM , SHAMSHABAD",TELANGANA,24.0,5.7,6.8,1005.0,1.0,0.4,11.0,350.0,2023,0.17513134851138354,136.8,2.9315,10.29,Safe
4657,"RIVER MUSI AT PILLAIPALLI, RANGAREDDY",TELANGANA,24.0,5.7,7.0,998.0,1.0,0.4,11.0,350.0,2023,0.17513134851138354,136.8,2.9175000000000004,10.25,Safe
4254,"RIVER MUSI  AT RUDRAVELLY BRIDGE,YADADRI",TELANGANA,18.0,5.7,6.8,1025.0,1.0,0.4,7.0,70.0,2023,0.17513134851138354,102.60000000000001,2.5455,9.26,Safe
4658,"RIVER MUSI AT VALIGONDA BRIDGE, NALGONDA DIST",TELANGANA,18.0,5.7,6.7,1159.0,1.0,0.4,8.0,79.0,2023,0.17513134851138354,102.60000000000001,2.8285,10.02,Safe
3082,"RIVER MUSI AT SOLIPET (KASANIGUDA), NALGONDA",TELANGANA,18.0,5.7,7.4,1101.0,1.0,0.4,7.0,49.0,2023,0.17513134851138354,102.60000000000001,2.666,9.59,Safe
5106,"RIVER MUSI AT BHEEMARAM BRIDGE, BHEEMARAM (V), KETHEPALLY (M), NALGONDA (D)",TELANGANA,19.0,5.7,7.5,1154.0,1.0,0.4,5.0,33.0,2023,0.17513134851138354,108.3,2.7449999999999997,9.8,Safe
5107,"RIVER MUSI BEFORE CONFLUENCE OF RIVER KRISHNA AT WADAPALLY (V), DAMARACHARLA (M), NALGONDA(D)",TELANGANA,18.0,5.7,7.3,1121.0,1.0,0.4,6.0,39.0,2023,0.17513134851138354,102.60000000000001,2.6895000000000002,9.65,Safe
1189,"RIVER BHIMA AT PUNE (MUTHA RIVER) AT U/S OF VITHALWADI NEAR SHANKAR MANDIR, VILLAGE.
VITHALWADI, TALUKA. HAWELI, DISTRICT. PUNE.",MAHARASHTRA,27.5,5.7,7.1,499.0,1.0,0.4,10.0,275.0,2023,0.17513134851138354,156.75,1.8054999999999999,6.93,Safe
1190,"RIVER BHIMA AT D/S OF BUNDGARDEN, VILLAGE YERWADA, TALUKA. HAWELI, DISTRICT. PUNE.",MAHARASHTRA,27.0,5.7,6.9,339.0,1.0,0.4,25.0,425.0,2023,0.17513134851138354,153.9,1.733,6.67,Safe
2655,"RIVER BHIMA AT KOREGAON NEAR KOREGAON BRIDGE,
VILLAGE- KOREGAON,TALUKA- SHIRUR, DISTRICT- PUNE.",MAHARASHTRA,26.0,5.7,7.4,210.0,1.0,0.4,9.0,200.0,2023,0.17513134851138354,148.20000000000002,1.1135,4.12,Safe
1191,"RIVER BHIMA AFTER CONFLUENCE WITH MULA-MUTHA
AT PARGAON NEAR VASANT BANDARA,VILLAGE- PARGAON,TALUKA- DAUND, DISTRICT- PUNE.",MAHARASHTRA,27.0,5.7,7.4,347.0,1.0,0.4,8.0,110.0,2023,0.17513134851138354,153.9,1.2510000000000001,4.75,Safe
1192,"RIVER BHIMA  AT DAUND NEAR MAHADEV
TEMPLE,VILLAGE- DAUND, TALUKA- DAUND, DISTRICT- PUNE.",MAHARASHTRA,27.0,5.7,7.5,349.0,1.0,0.4,10.0,95.0,2023,0.17513134851138354,153.9,1.2355,4.68,Safe
2656,"RIVER BHIMA BACKWATER OF UJANI DAM, NEAR RAW WATER PUMP HOUSE, VILLAGE- KUMBARGAON, TALUKA- INDAPUR, DISTRICT- PUNE.",MAHARASHTRA,27.0,5.7,7.4,332.0,1.0,0.4,7.0,170.0,2023,0.17513134851138354,153.9,1.3094999999999999,5.0,Safe
1188,"RIVER BHIMA AT NARSINGPUR  NEAR SANGAM BRIDGE AFTER CONFLUENCE WITH NIRA, VILLAGE- NARSINGPUR, TALUKA-MALSHIRAS, DISTRICT-
SOLAPUR.",MAHARASHTRA,29.0,5.7,8.0,722.0,1.0,0.4,7.0,75.0,2023,0.17513134851138354,165.3,1.9469999999999998,7.42,Safe
30046,"RIVER BHIMA AT TAKLI, SOLAPUR, (MAHARASHTRA)",MAHARASHTRA,22.0,5.7,8.3,1656.0,1.0,0.4,45.0,350.0,2023,0.17513134851138354,125.4,4.2844999999999995,13.22,Safe
28,"RIVER BHIMA AT TAKLI NEAR KARNATAKA BORDER, VILLAGE- TAKALI, TALUKA- SOUTH SOLAPUR,  DISTRICT-
SOLAPUR.",MAHARASHTRA,29.0,5.7,7.8,950.0,1.0,0.4,6.0,80.0,2023,0.17513134851138354,165.3,2.4090000000000003,8.87,Safe
5582,"RIVER BHIMA DOWNSTREAM, DHULKED VILL",KARNATAKA,29.0,5.7,7.0,826.0,1.0,0.4,540.0,1600.0,2023,0.17513134851138354,165.3,5.242,14.88,Safe
1183,RIVER BHIMA AT D/S OF ROAD BRIDGE AT GANGAPUR VILLAGE,KARNATAKA,25.0,5.7,7.4,1050.0,1.0,0.4,230.0,1600.0,2023,0.17513134851138354,142.5,5.225,14.85,Safe
1184,RIVER BHIMA AT FEROZABAD VILLAGE (D/S),KARNATAKA,24.0,5.7,7.7,880.0,1.0,0.4,140.0,1100.0,2023,0.17513134851138354,136.8,4.0,12.67,Safe
1888,RIVER BHIMA AT CONFLUENCE OF JEWARGI TOWN SEWAGE DISPOSAL POINT,KARNATAKA,24.0,5.7,7.7,818.0,1.0,0.4,20.0,350.0,2023,0.17513134851138354,136.8,2.5709999999999997,9.33,Safe
30057,RIVER BHIMA AT GANGAPUR (BANGALORE),KARNATAKA,24.0,5.7,8.1,1270.0,1.0,0.4,790.0,4900.0,2023,0.17513134851138354,136.8,11.455,21.74,Safe
1167,RIVER BHIMA AT D/S OF BDG. NEAR YADGIR,KARNATAKA,26.0,5.7,8.1,390.0,1.0,0.4,33.0,280.0,2023,0.17513134851138354,148.20000000000002,1.6295000000000002,6.29,Safe
5158,"RIVER HUNDRI AT GAJULADINNE RESERVOIR GAJULADINNE (V),GONEGANDLA (M)",ANDHRA PRADESH,21.0,5.7,6.9,547.0,1.0,0.4,173.0,501.0,2023,0.17513134851138354,119.7,2.4850000000000003,9.09,Safe
2350,"RIVER HUNDRI AT LAXMIPURAM (V),  KALLUR (M)",ANDHRA PRADESH,22.0,5.7,7.4,1152.0,1.0,0.4,146.0,575.0,2023,0.17513134851138354,125.4,3.7654999999999994,12.2,Safe
1091,RIVER BHADRA AT MALLESWARAM D/S OF KIOCL,KARNATAKA,20.0,5.7,7.0,70.0,1.0,0.4,12.0,110.0,2023,0.17513134851138354,114.0,0.7030000000000001,1.97,Safe
2771,RIVER BHADRA AT U/S OF KIOCL,KARNATAKA,20.0,5.7,6.9,61.0,1.0,0.4,11.0,110.0,2023,0.17513134851138354,114.0,0.6835,1.86,Safe
2765,RIVER BHADRA AT U/S OF MPM,KARNATAKA,26.0,5.7,7.0,103.0,1.0,0.4,13.0,110.0,2023,0.17513134851138354,148.20000000000002,0.7705000000000001,2.36,Safe
1387,RIVER BHADRA AT D/S OF BHADRAVATHI,KARNATAKA,26.0,5.7,7.0,100.0,1.0,0.4,78.0,920.0,2023,0.17513134851138354,148.20000000000002,2.077,7.85,Safe
4105,"RIVER BHADRA D/S MYSORE PAPER MILL (MPM), BHADRAWATI, SHIVAMOGGA",KARNATAKA,26.0,5.7,7.1,111.0,1.0,0.4,11.0,110.0,2023,0.17513134851138354,148.20000000000002,0.7835000000000001,2.43,Safe
1169,"RIVER BHADRA AT D/S OF KIOCL ROAD BRIDGE, NEAR
HOLEHUNNUR",KARNATAKA,26.0,5.7,7.0,122.0,1.0,0.4,13.0,140.0,2023,0.17513134851138354,148.20000000000002,0.8534999999999999,2.82,Safe
1911,"RIVER CHANDRABHAGA AT U/S OF PANDHARPUR TOWN, VILLAGE. GURSALE, TALUKA. PANDHARPUR, DISTRICT. SOLAPUR.",MAHARASHTRA,25.0,5.7,7.7,672.0,1.0,0.4,9.0,110.0,2023,0.17513134851138354,142.5,1.9025000000000003,7.27,Safe
1912,"RIVER CHANDRABHAGA AT D/S OF PANDHARPUR TOWN REAR VISHNUPANT MANDIR, VILLAGE. GOPALPUR, TALUKA. PANDHARPUR DISTRICT. SOLAPUR.",MAHARASHTRA,25.0,5.7,7.8,745.0,1.0,0.4,10.0,140.0,2023,0.17513134851138354,142.5,2.095,7.91,Safe
1163,RIVER GHATAPRABHA AT W.A. POINT TO GOKAK TOWN,KARNATAKA,24.0,5.7,7.8,196.0,1.0,0.4,350.0,920.0,2023,0.17513134851138354,136.8,2.677,9.62,Safe
4104,"RIVER GHATAPRABHA DAVALSHWAR BARRAGE
JACKWELL FOR DRINKING WATER SUPPLY",KARNATAKA,18.0,5.7,6.4,208.0,1.0,0.4,350.0,920.0,2023,0.17513134851138354,102.60000000000001,2.701,9.69,Safe
1185,RIVER GHATAPRABHA AT D/S OF MUDHOL ROAD CROSS BDG.,KARNATAKA,17.0,5.7,6.3,268.0,1.0,0.4,430.0,920.0,2023,0.17513134851138354,96.9,2.941,10.31,Safe
2665,"RIVER GHOD AT SHIRUR, VILLAGE. SHIRUR, TALUKA. SHIRUR, DISTRICT. PUNE.",MAHARASHTRA,26.0,5.7,7.5,431.0,1.0,0.4,7.0,200.0,2023,0.17513134851138354,148.20000000000002,1.5525,5.99,Safe
2669,"RIVER INDRAYANI  AT U/S OF MOSHIGAON,VILLAGE- MOSHI, TALUKA- HAWELI, DISTRICT- PUNE.",MAHARASHTRA,25.0,5.7,7.0,216.0,1.0,0.4,8.0,85.0,2023,0.17513134851138354,142.5,0.9515,3.33,Safe
2668,"RIVER INDRAYANI AT D/S OF MOSHI VILLAGE. VILLAGE- MOSHI,  TALUKA- HAWELI, DISTRICT- PUNE.",MAHARASHTRA,26.0,5.7,7.0,210.0,1.0,0.4,10.0,170.0,2023,0.17513134851138354,148.20000000000002,1.07,3.91,Safe
2197,"RIVER INDRAYANI AT D/S OF ALANDIGAON, VILLAGE. ALANDIGAON, TALUKA. HAWELI, DISTRICT. PUNE.",MAHARASHTRA,26.0,5.7,7.0,190.0,1.0,0.4,8.0,140.0,2023,0.17513134851138354,148.20000000000002,0.982,3.48,Safe
1895,RIVER KAGINA D/S OF SEWAGE DISPOSAL POINT,KARNATAKA,24.0,5.7,7.7,340.0,1.0,0.4,49.0,240.0,2023,0.17513134851138354,136.8,1.4935,5.76,Safe
2777,RIVER KAGINA AT SHAHABAD BRIDGE,KARNATAKA,24.0,5.7,7.7,339.0,1.0,0.4,63.0,540.0,2023,0.17513134851138354,136.8,1.9625000000000001,7.47,Safe
4500,"RIVER KAGINA AT D/S OF BRIDGE CUM BARRAGE, SADEM",KARNATAKA,24.0,5.7,7.9,316.0,1.0,0.4,14.0,20.0,2023,0.17513134851138354,136.8,1.063,3.88,Safe
2189,"RIVER KOYNA AT KARAD, VILLAGE- KARAD,TALUKA- KARAD, DISTRICT- SATARA.",MAHARASHTRA,26.0,5.7,7.5,65.0,1.0,0.4,7.0,110.0,2023,0.17513134851138354,148.20000000000002,0.6855,1.87,Safe
1187,RIVER MALPRABHA AT D/S OF KHANAPUR VILLAGE,KARNATAKA,22.0,5.7,6.5,190.0,1.0,0.4,350.0,920.0,2023,0.17513134851138354,125.4,2.665,9.59,Safe
1164,"RIVER MALAPRABHA AT WATER ABSTRACTION POINT TO HUBLI, DHARWAD",KARNATAKA,24.0,5.7,7.7,268.0,1.0,0.4,280.0,920.0,2023,0.17513134851138354,136.8,2.716,9.73,Safe
2764,RIVER MALAPRABHA AT BADAMI BRIDGE,KARNATAKA,18.0,5.7,7.6,708.0,1.0,0.4,540.0,920.0,2023,0.17513134851138354,102.60000000000001,3.986,12.65,Safe
1186,RIVER MALAPRABHA AT D/S OF AIHOLE TOWN,KARNATAKA,18.0,5.7,8.1,758.0,1.0,0.4,350.0,1600.0,2023,0.17513134851138354,102.60000000000001,4.821,14.18,Safe
4098,RIVER MARKANDEYA AT RAKKASAKOPPA RESRVOIR,KARNATAKA,20.0,5.7,6.9,190.0,1.0,0.4,270.0,920.0,2023,0.17513134851138354,114.0,2.545,9.26,Safe
2193,"RIVER MULA AT AUNDH BRIDGE, VILLAGE-
AUNDHGAON,TALUKA- HAWELI, DISTRICT- PUNE.",MAHARASHTRA,27.0,5.7,7.0,249.0,1.0,0.4,10.0,200.0,2023,0.17513134851138354,153.9,1.193,4.49,Safe
2194,"RIVER MULA AT HARRISON BRIDGE NEAR MULA- PAWANA SANGAM, VILLAGE- BOPODI,TALUKA- HAWELI, DISTRICT- PUNE.",MAHARASHTRA,27.5,5.7,7.0,246.0,1.0,0.4,14.0,275.0,2023,0.17513134851138354,156.75,1.3054999999999999,4.98,Safe
2192,"RIVER MULA-MUTHA  AT MUNDHAWA BRIDGE,VILLAGE- MUNDHAWA,TALUKA- HAWELI,DISTRICT- PUNE.",MAHARASHTRA,27.0,5.7,7.1,337.0,1.0,0.4,20.0,540.0,2023,0.17513134851138354,153.9,1.8940000000000001,7.24,Safe
2677,"RIVER MULA-MUTHA AT D/S OF THEUR, VILLAGE.
THEUR, TALUKA. HAWELI, DISTRICT. PUNE.",MAHARASHTRA,25.0,5.7,7.0,326.0,1.0,0.4,13.0,280.0,2023,0.17513134851138354,142.5,1.4715,5.67,Safe
1177,"RIVER MUNNERU B/C WITH KRISHNA, KEESARA (V & M)","ANDHRA
PRADESH",26.0,5.7,7.6,585.0,1.0,0.4,3.0,39.0,2023,0.17513134851138354,148.20000000000002,1.6129999999999998,6.23,Safe
4251,"RIVER KRISHNA - D/S OF MUNNERU RIVER, PRAKASH
NAGAR, KHAMMAM",TELANGANA,24.8,5.7,7.2,343.0,1.0,0.4,2.0,23.0,2023,0.17513134851138354,141.36,1.1035,4.07,Safe
2680,"RIVER MUTHA  AT KHADAKVASLA DAM, VILLAGE- KHADAKVASLA,TALUKA- HAWELI, DISTRICT- PUNE.",MAHARASHTRA,25.0,5.7,7.3,59.0,1.0,0.4,4.0,80.0,2023,0.17513134851138354,142.5,0.624,1.5,Safe
2679,"RIVER MUTHA AT DECCAN BRIDGE, VILLAGE- DECCAN,TALUKA- PUNE, DISTRICT- PUNE.",MAHARASHTRA,27.5,5.7,6.8,394.0,1.0,0.4,25.0,900.0,2023,0.17513134851138354,156.75,2.5555000000000003,9.29,Safe
2678,"RIVER MUTHA  NEAR VEER SAVARKAR BHAVAN,
VILLAGE- PUNE  M.C, TALUKA- PUNE, DISTRICT -PUNE.",MAHARASHTRA,27.5,5.7,6.9,433.0,1.0,0.4,20.0,900.0,2023,0.17513134851138354,156.75,2.626,9.48,Safe
2191,"RIVER MUTHA AT SANGAM BRIDGE NEAR GANAPATHYGHAT, VILLAGE. SHIVAJI NAGAR, TALUKA.
PUNE, DISTRICT. PUNE.",MAHARASHTRA,27.0,5.7,6.9,376.0,1.0,0.4,30.0,550.0,2023,0.17513134851138354,153.9,2.002,7.61,Safe
1178,"RIVER PALLERU B/C WITH KRISHNA, JAGGAIAPET (V &M)",ANDHRA PRADESH,25.0,5.7,7.5,880.0,1.0,0.4,3.0,39.0,2023,0.17513134851138354,142.5,2.2030000000000003,8.25,Safe
1904,"RIVER PANCHAGANGA AT U/S OF KOLHAPUR TOWN NEAR BALINGA PUMPING STATION, VILLAGE-BALINGA,
TALUKA- KARVIR, DISTRICT- KOLHAPUR.",MAHARASHTRA,24.0,5.7,7.4,85.0,1.0,0.4,6.0,24.0,2023,0.17513134851138354,136.8,0.5950000000000001,1.32,Safe
1905,"RIVER PANCHAGANGA AT D/S OF KOLHAPUR TOWN AT GANDHI NAGAR NEAR NH.4 BRIDGE AND MIDC, VILLAGE. UCHEGAON, TALUKA. KOLHAPUR, DISTRICT.
KOLHAPUR.",MAHARASHTRA,24.0,5.7,7.4,83.0,1.0,0.4,6.0,22.0,2023,0.17513134851138354,136.8,0.5880000000000001,1.28,Safe
1311,"RIVER PANCHAGANGA AT ICHALKARANJI NEAR MIDC INTAKE WELL. VILLAGE. SHIRADHWAD (ICHALKARANJI
GHAT), TALUKA.HATKANANGALE, DISTRICT. KOLHAPUR.",MAHARASHTRA,24.0,5.7,7.3,84.0,1.0,0.4,6.0,25.0,2023,0.17513134851138354,136.8,0.5945,1.32,Safe
2163,"RIVER PANCHAGANGA AT SHIROL NEAR SHIROL INTAKE WELL, VILLAGE- SHIROL, TALUKA- SHIROL, DISTRICT- KOLHAPUR.",MAHARASHTRA,24.0,5.7,7.6,155.0,1.0,0.4,4.0,21.0,2023,0.17513134851138354,136.8,0.7275,2.12,Safe
2196,"RIVER PAWANA AT SANGAVIGAON,  VILLAGE- SANGAVIGAON, TALUKA- HAWELI, DISTRICT- PUNE.",MAHARASHTRA,26.0,5.7,7.0,223.0,1.0,0.4,12.0,350.0,2023,0.17513134851138354,148.20000000000002,1.3690000000000002,5.25,Safe
2692,"RIVER PAWANA AT RAVET WEIR, VILLAGE. RAVET, TALUKA. HAWELI, DISTRICT. PUNE.",MAHARASHTRA,26.0,5.7,7.0,114.0,1.0,0.4,4.0,85.0,2023,0.17513134851138354,148.20000000000002,0.7415,2.2,Safe
2693,"RIVER PAWANA AT CHINCHWADGAON, VILLAGE. CHINCHWADGAON, TALUKA. HAWELI, DISTRICT. PUNE.",MAHARASHTRA,26.0,5.7,6.9,190.0,1.0,0.4,11.0,350.0,2023,0.17513134851138354,148.20000000000002,1.3014999999999999,4.97,Safe
2694,"RIVER PAWANA  AT PIMPRIGAON, VILLAGE- PIMPRIGAON, TALUKA- HAWELI, DISTRICT- PUNE.",MAHARASHTRA,26.0,5.7,7.0,245.0,1.0,0.4,14.0,425.0,2023,0.17513134851138354,148.20000000000002,1.5285000000000002,5.9,Safe
2690,"RIVER PAWANA  AT KASARWADI, VILLAGE- KASARWADI, TALUKA- HAWELI, DISTRICT- PUNE.",MAHARASHTRA,26.0,5.7,7.0,243.0,1.0,0.4,12.0,425.0,2023,0.17513134851138354,148.20000000000002,1.5215,5.87,Safe
2691,"RIVER PAWANA  AT  DAPODI BRIDGE, AT PAWANA- MULLA SANGAM,  VILLAGE- DAPODI, TALUKA- HAWELI,
DISTRICT- PUNE.",MAHARASHTRA,25.0,5.7,7.0,229.0,1.0,0.4,14.0,540.0,2023,0.17513134851138354,142.5,1.669,6.44,Safe
2705,"RIVER SINA   NEAR LABOTI TOLL NAKA, VILLAGE. LABOTI, TALUKA. MOHAL, DISTRICT. SOLAPUR.",MAHARASHTRA,28.0,5.7,7.7,755.0,1.0,0.4,9.0,115.0,2023,0.17513134851138354,159.6,2.076,7.85,Safe
1168,RIVER TUNGA AT D/S OF SHIMOGA TOWN,KARNATAKA,26.0,5.7,6.5,88.0,1.0,0.4,110.0,1400.0,2023,0.17513134851138354,148.20000000000002,2.821,10.0,Safe
4106,RIVER TUNGA U/S SHIVAMOGGA CITY,KARNATAKA,25.0,5.7,6.5,66.0,1.0,0.4,17.0,210.0,2023,0.17513134851138354,142.5,0.8525,2.81,Safe
1896,RIVER TUNGABHADRA AT CONFLUENCE POINT OF TUNGA AND BHADRA AT KUDLI,KARNATAKA,25.0,5.7,6.8,100.0,1.0,0.4,4.0,220.0,2023,0.17513134851138354,142.5,0.9160000000000001,3.15,Safe
38,RIVER TUNGABHADRA AT HONNALI BRIDGE,KARNATAKA,25.0,5.7,7.4,92.0,1.0,0.4,17.0,170.0,2023,0.17513134851138354,142.5,0.8445,2.77,Safe
1029,RIVER TUNGABHADRA AT HARALAHALLI BRIDGE,KARNATAKA,27.0,5.7,7.4,123.0,1.0,0.4,17.0,170.0,2023,0.17513134851138354,153.9,0.9065,3.1,Safe
2766,RIVER TUNGABHADRA AT NEW BRIDGE,KARNATAKA,25.0,5.7,7.1,102.0,1.0,0.4,4.0,140.0,2023,0.17513134851138354,142.5,0.8,2.52,Safe
2768,RIVER TUNGABHADRA AT D/S OF HARIHAR POLYFIBERS,KARNATAKA,26.0,5.7,7.0,250.0,1.0,0.4,11.0,170.0,2023,0.17513134851138354,148.20000000000002,1.1515,4.3,Safe
2767,RIVER TUNGABHADRA AT U/S OF HARIHAR POLYFIBERS,KARNATAKA,25.0,5.7,7.1,96.0,1.0,0.4,11.0,220.0,2023,0.17513134851138354,142.5,0.9185000000000001,3.16,Safe
2770,RIVER TUNGABHADRA AT HARIHAR WATER SUPPLY INTAKE,KARNATAKA,26.0,5.7,7.1,128.0,1.0,0.4,700.0,4300.0,2023,0.17513134851138354,148.20000000000002,8.136,18.66,Safe
2769,RIVER TUNGABHADRA AT JACKWELL POINT,KARNATAKA,27.0,5.7,7.0,133.0,1.0,0.4,13.0,350.0,2023,0.17513134851138354,153.9,1.1905000000000001,4.48,Safe
5591,RIVER TUNGABHADRA AT NADIHARALAHALLI,KARNATAKA,27.0,5.7,7.1,119.0,1.0,0.4,21.0,280.0,2023,0.17513134851138354,153.9,1.0695,3.91,Safe
5592,RIVER TUNGABHADRA  AT AIRANI,KARNATAKA,27.0,5.7,7.6,116.0,1.0,0.4,17.0,220.0,2023,0.17513134851138354,153.9,0.9675,3.41,Safe
4495,RIVER TUNGABHADRA AT ARAVI,KARNATAKA,27.0,5.7,7.7,152.0,1.0,0.4,9.0,170.0,2023,0.17513134851138354,153.9,0.9525,3.33,Safe
5593,RIVER TUNGABHADRA AT HIREBIDARI,KARNATAKA,27.0,5.7,7.7,120.0,1.0,0.4,17.0,240.0,2023,0.17513134851138354,153.9,1.0055,3.6,Safe
5594,RIVER TUNGABHADRA AT KONANATHAMBIGE,KARNATAKA,27.0,5.7,7.6,136.0,1.0,0.4,18.0,170.0,2023,0.17513134851138354,153.9,0.934,3.24,Safe
5595,RIVER TUNGABHADRA AT SOMALAPURA,KARNATAKA,27.0,5.7,7.1,137.0,1.0,0.4,21.0,350.0,2023,0.17513134851138354,153.9,1.2105000000000001,4.57,Safe
5596,RIVER TUNGABHADRA AT KURUVATHI,KARNATAKA,27.0,5.7,7.3,145.0,1.0,0.4,33.0,130.0,2023,0.17513134851138354,153.9,0.9144999999999999,3.14,Safe
4494,RIVER TUNGABHADRA AT MYLARA,KARNATAKA,27.0,5.7,7.4,164.0,1.0,0.4,13.0,110.0,2023,0.17513134851138354,153.9,0.8925,3.02,Safe
2776,RIVER TUNGABHADRA AT D/S OF GANGAWATHI,KARNATAKA,22.0,5.7,7.3,328.0,1.0,0.4,280.0,1600.0,2023,0.17513134851138354,125.4,3.856,12.38,Safe
29,RIVER TUNGABHADRA AT ULENOOR,KARNATAKA,17.0,5.7,6.5,69.0,1.0,0.4,48.0,79.0,2023,0.17513134851138354,96.9,0.7084999999999999,2.01,Safe
3558,"RIVER TUNGABHADRA AT DADESUGUR BRIDGE
GAUGING STATION",KARNATAKA,27.0,5.7,8.3,676.0,1.0,0.4,280.0,1600.0,2023,0.17513134851138354,153.9,4.552,13.71,Safe
30054,RIVER TUNGABHADRA AT HOCHECHALLI (BANGALORE),KARNATAKA,24.0,5.7,8.2,921.0,1.0,0.4,70.0,280.0,2023,0.17513134851138354,136.8,2.7470000000000003,9.81,Safe
1785,RIVER TUNGABHADRA AT MANTHRALAYAM (V & M),ANDHRA PRADESH,21.0,5.7,7.3,964.0,1.0,0.4,163.0,602.0,2023,0.17513134851138354,119.7,3.4555000000000002,11.53,Safe
1174,"RIVER TUNGABHADRA AT KURNOOL U/S, BHAVAPURAM
(V), KURNOOL (M)","ANDHRA
PRADESH",22.0,5.7,7.3,1360.0,1.0,0.4,177.0,549.0,2023,0.17513134851138354,125.4,4.189,13.04,Safe
4388,"RIVER TUNGABHADRA, UPSTREAM OF KURNOOL TOWN BEFORE JOINING CITY DOMESTIC SEWAGE AND AFTER
M/S RAYALASEEMA ALKALIES INDUSTRIES NEAR SIVALAYAM TEMPLE, GONDIPARLA (V), KURNOOL (M)",ANDHRA PRADESH,18.0,5.7,6.8,1329.0,1.0,0.4,162.0,613.0,2023,0.17513134851138354,102.60000000000001,4.2005,13.06,Safe
4389,"RIVER TUNGABHADRA, DOWNSTREAM OF KURNOOL TOWN AFTER JOINING CITY DOMESTIC SEWAGE,
PADIDEMPADU (V),",ANDHRA PRADESH,21.0,5.7,7.0,720.0,1.0,0.4,177.0,649.0,2023,0.17513134851138354,119.7,3.059,10.6,Safe
4379,"RIVER UPPUTERU BEFORE CONFLUENCE WITH SEA, AT
CHINNA GOLLAPALEM  (V), KRUTHIVENNU (M)","ANDHRA
PRADESH",24.0,5.7,7.6,34400.0,1.0,0.4,3.0,36.0,2023,0.17513134851138354,136.8,69.23849999999999,38.92,Moderate
2711,"RIVER URMODI  AT NAGTHNE KT WARE, VILLAGE- NAGTHANE,TALUKA- SATARA, DISTRICT- SATARA.",MAHARASHTRA,25.0,5.7,7.3,174.0,1.0,0.4,8.0,95.0,2023,0.17513134851138354,142.5,0.8825,2.97,Safe
2715,"RIVER VEL AT SHIKRAPUR, VILLAGE. SHIKRAPUR, TALUKA. SHIRUR, DISTRICT. PUNE.",MAHARASHTRA,26.0,5.7,7.9,177.0,1.0,0.4,14.0,350.0,2023,0.17513134851138354,148.20000000000002,1.28,4.87,Safe
1255,"RIVER PENNAR B/C WITH CHITRAVATHI, TADIPATRI (M),
VENGANUR (V)","ANDHRA
PRADESH",23.0,5.7,7.3,683.0,1.0,0.4,203.0,816.0,2023,0.17513134851138354,131.1,3.2744999999999997,11.12,Safe
1256,"RIVER PENNAR A/C WITH PAPAGNI, PUSHPAGIRI (V),VALLUR (M)",ANDHRA PRADESH,22.0,5.7,7.3,806.0,1.0,0.4,185.0,575.0,2023,0.17513134851138354,125.4,3.1319999999999997,10.78,Safe
1257,"RIVER PENNAR A/C WITH CHEYYURU, SOMASILA (V), ANANTHASAGARAM (M)",ANDHRA PRADESH,17.0,5.7,7.5,728.0,1.0,0.4,3.0,64.0,2023,0.17513134851138354,96.9,1.9365000000000003,7.39,Safe
30,RIVER PENNAR AT SIDDAVATAM (V & M),ANDHRA PRADESH,20.0,5.7,6.6,835.0,1.0,0.4,151.0,575.0,2023,0.17513134851138354,114.0,3.139,10.8,Safe
2351,"RIVER KUNDU, NANDYAL, NEAR OVER BDG.,NANDYAL
TOWN","ANDHRA
PRADESH",15.0,5.7,6.9,876.0,1.0,0.4,235.0,770.0,2023,0.17513134851138354,85.5,3.6395,11.93,Safe
1689,"CHUNNAMBAR RIVER, KILINJIKUPPAM ROAD,
NONANKUPPAM, PUDUCHERRY.",PUDUCHERRY,29.0,5.7,8.1,856.0,1.0,0.4,2.0,170.0,2023,0.17513134851138354,165.3,2.35,8.7,Safe
1198,RIVER CAUVERY AT NAPOKULU BDG (D/S),KARNATAKA,17.0,5.7,7.0,48.0,1.0,0.4,17.0,210.0,2023,0.17513134851138354,96.9,0.8165,2.62,Safe
1195,RIVER CAUVERY AT KUSHAL NAGAR U/S (NEAR BAICHANAHALLI),KARNATAKA,18.0,5.7,7.2,63.0,1.0,0.4,32.0,240.0,2023,0.17513134851138354,102.60000000000001,0.914,3.13,Safe
33,"RIVER CAUVERY AT KRS DAM, BALAMURIKSHETRA",KARNATAKA,19.0,5.7,7.0,143.0,1.0,0.4,83.0,940.0,2023,0.17513134851138354,108.3,2.2005,8.24,Safe
1171,"RIVER CAUVERY AT SRI RANGAPATTANNA, D/S OF
ROAD BDG.",KARNATAKA,20.0,5.7,7.8,221.0,1.0,0.4,110.0,1300.0,2023,0.17513134851138354,114.0,2.9370000000000003,10.3,Safe
1386,RIVER CAUVERY AT D/S OF KAREKUARA VILLAGE,KARNATAKA,19.0,5.7,7.7,158.0,1.0,0.4,110.0,1200.0,2023,0.17513134851138354,108.3,2.661,9.58,Safe
34,RIVER CAUVERY AT SATHYAGALAM BRIDGE,KARNATAKA,21.0,5.7,7.9,215.0,1.0,0.4,110.0,1100.0,2023,0.17513134851138354,119.7,2.625,9.48,Safe
2773,RIVER CAUVERY AT BANNUR BRIDGE,KARNATAKA,23.0,5.7,8.0,195.0,1.0,0.4,110.0,1100.0,2023,0.17513134851138354,131.1,2.585,9.37,Safe
2774,RIVER CAUVERY AT RANGANATHITTU,KARNATAKA,19.0,5.7,7.6,160.0,1.0,0.4,110.0,1100.0,2023,0.17513134851138354,108.3,2.515,9.17,Safe
3566,RIVER CAUVERY AT KRS DAM MANDYA,KARNATAKA,19.0,5.7,7.5,140.0,1.0,0.4,83.0,700.0,2023,0.17513134851138354,108.3,1.8344999999999998,7.04,Safe
3568,RIVER CAUVERY AT WATER SUPPLY INTAKE POINT TO SRIRANGAPATNA TOWN,KARNATAKA,20.0,5.7,7.5,203.0,1.0,0.4,110.0,1200.0,2023,0.17513134851138354,114.0,2.751,9.82,Safe
3569,"RIVER CAUVERY AT WATER SUPPLY INTAKE POINT TO
MANDYA TOWN",KARNATAKA,20.0,5.7,7.3,216.0,1.0,0.4,93.0,1100.0,2023,0.17513134851138354,114.0,2.6014999999999997,9.41,Safe
3570,RIVER CAUVERY D/S OF KR NAGAR BRIDGE,KARNATAKA,21.0,5.7,7.3,140.0,1.0,0.4,68.0,840.0,2023,0.17513134851138354,119.7,2.022,7.67,Safe
3571,RIVER CAUVERY U/S OF KR NAGAR,KARNATAKA,21.0,5.7,7.4,120.0,1.0,0.4,68.0,700.0,2023,0.17513134851138354,119.7,1.772,6.81,Safe
3573,RIVER CAUVERY D/S OF KUSHALANAGAR TOWN,KARNATAKA,17.0,5.7,7.3,66.0,1.0,0.4,32.0,240.0,2023,0.17513134851138354,96.9,0.92,3.17,Safe
3576,RIVER CAUVERY AT WATER SUPPLY INTAKE POINT TO MYSORE,KARNATAKA,18.0,5.7,7.6,152.0,1.0,0.4,68.0,230.0,2023,0.17513134851138354,102.60000000000001,1.131,4.2,Safe
3578,RIVER CAUVERY D/S OF MADDUR WATER SUPPLY TREATMENT PLANT AT BACHALLI,KARNATAKA,19.0,5.7,8.0,218.0,1.0,0.4,68.0,700.0,2023,0.17513134851138354,108.3,1.968,7.49,Safe
3579,RIVER CAUVERY AT WATER SUPPLY INTAKE POINT AT KOLLEGALA DASANAPURA,KARNATAKA,23.0,5.7,7.9,205.0,1.0,0.4,78.0,940.0,2023,0.17513134851138354,131.1,2.317,8.6,Safe
3581,"RIVER CAUVERY AT WATER SUPPLY INTAKE POINT AT
TORE KADANA HALLI",KARNATAKA,19.0,5.7,7.9,218.0,1.0,0.4,61.0,630.0,2023,0.17513134851138354,108.3,1.8525,7.1,Safe
4109,RIVER CAUVERY BEFORE CONFLUENCE AT SANGAM,KARNATAKA,25.0,5.7,7.2,269.0,1.0,0.4,22.0,79.0,2023,0.17513134851138354,142.5,1.0695000000000001,3.91,Safe
4099,"RIVER CAUVERY D/S BHARACHUKI FALLS, SATHEGALA, KOLLEGALA",KARNATAKA,22.0,5.7,7.0,217.0,1.0,0.4,78.0,840.0,2023,0.17513134851138354,125.4,2.191,8.21,Safe
4102,RIVER CAUVERY D/S AT BHAGAMANDALA BRIDGE,KARNATAKA,16.0,5.7,6.8,48.0,1.0,0.4,17.0,210.0,2023,0.17513134851138354,91.2,0.8165,2.62,Safe
4103,"RIVER CAUVERY D/S AT KANIVE RAMALINGESWARA TEMPLE BRIDGE, KUSHALANAGAR",KARNATAKA,17.0,5.7,7.2,58.0,1.0,0.4,21.0,220.0,2023,0.17513134851138354,96.9,0.8574999999999999,2.84,Safe
30052,RIVER CAUVERY AT AJJIBORE (BANGALORE),KARNATAKA,25.0,5.7,8.0,329.0,1.0,0.4,11.0,350.0,2023,0.17513134851138354,142.5,1.5795,6.1,Safe
50,RIVER CAUVERY AT METTUR,TAMIL NADU,23.0,5.7,7.0,340.0,1.0,0.4,5.0,13.0,2023,0.17513134851138354,131.1,1.0870000000000002,3.99,Safe
51,RIVER CAUVERY AT PALLIPPALAYAM,TAMIL NADU,24.0,5.7,7.2,304.0,1.0,0.4,7.0,14.0,2023,0.17513134851138354,136.8,1.0195,3.67,Safe
1320,"RIVER CAUVERY AT ERODE NEAR VIRAPALAYAM,",TAMIL NADU,28.0,5.7,7.1,335.0,1.0,0.4,14.0,26.0,2023,0.17513134851138354,159.6,1.1099999999999999,4.1,Safe
3015,"RIVER CAUVERY AT PUGALUR, KARUR, TAMILNADU",TAMIL NADU,26.0,5.7,7.6,531.0,1.0,0.4,2.0,8.0,2023,0.17513134851138354,148.20000000000002,1.457,5.62,Safe
1324,"RIVER CAUVERY AT MOHANUR NEAR PATTAIPALAYAM,
TAMILNADU",TAMIL NADU,3.0,5.7,7.6,500.0,1.0,0.4,9.0,17.0,2023,0.17513134851138354,17.1,1.419,5.46,Safe
1451,"RIVER CAUVERY AT THIRUMUKKUDAL-CONFL. PT.OF R.
AMRAVATI, TAMILNADU",TAMIL NADU,26.0,5.7,7.5,373.0,1.0,0.4,2.0,5.0,2023,0.17513134851138354,148.20000000000002,1.1364999999999998,4.23,Safe
31,RIVER CAUVERY AT MUSIRI,TAMIL NADU,25.0,5.7,7.1,426.0,1.0,0.4,6.0,14.0,2023,0.17513134851138354,142.5,1.2619999999999998,4.79,Safe
3016,"RIVER CAUVERY AT PETTAIVAITHALAI, TRICHY,",TAMIL NADU,25.0,5.7,7.2,392.0,1.0,0.4,7.0,17.0,2023,0.17513134851138354,142.5,1.2000000000000002,4.52,Safe
1202,"RIVER CAUVERY AT TIRUCHIRAPPALLI U/S, TAMILNADU",TAMIL NADU,25.0,5.7,7.1,384.0,1.0,0.4,7.0,24.0,2023,0.17513134851138354,142.5,1.1945000000000001,4.49,Safe
1325,"RIVER CAUVERY AT TIRUCHIRAPPALLI D/S, TAMILNADU",TAMIL NADU,24.0,5.7,7.3,472.0,1.0,0.4,7.0,21.0,2023,0.17513134851138354,136.8,1.3659999999999999,5.24,Safe
1203,"RIVER CAUVERY AT TRICHY, GRAND ANAICUT,",TAMIL NADU,23.0,5.7,7.3,472.0,1.0,0.4,2.0,8.0,2023,0.17513134851138354,131.1,1.3389999999999997,5.13,Safe
1206,"RIVER CAUVERY AT KARUTHATTANUDI  THANJAVUR,",TAMIL NADU,24.0,5.7,7.3,395.0,1.0,0.4,2.0,4.0,2023,0.17513134851138354,136.8,1.1789999999999998,4.42,Safe
3018,"RIVER CAUVERY AT MAYILADUTHURAI, NAGAPATTINAM,",TAMIL NADU,23.0,5.7,7.8,583.0,1.0,0.4,14.0,26.0,2023,0.17513134851138354,131.1,1.606,6.2,Safe
3012,"RIVER CAUVERY AT KOMARAPALAYAM, NAMAKAL,",TAMIL NADU,25.0,5.7,7.4,368.0,1.0,0.4,11.0,17.0,2023,0.17513134851138354,142.5,1.1580000000000001,4.33,Safe
3013,"RIVER CAUVERY AT URRACHIKOTTAI, ERODE,",TAMIL NADU,29.0,5.7,7.7,322.0,1.0,0.4,8.0,17.0,2023,0.17513134851138354,165.3,1.0615,3.87,Safe
3014,"RIVER CAUVERY AT SEERAPALAYAM, NAMAKAL,",TAMIL NADU,25.0,5.7,7.5,350.0,1.0,0.4,7.0,14.0,2023,0.17513134851138354,142.5,1.1115,4.11,Safe
4827,RIVER CAUVERY LOCATIONS AT KUMARAPALAYAM,TAMIL NADU,24.0,5.7,7.4,325.0,1.0,0.4,11.0,22.0,2023,0.17513134851138354,136.8,1.0795,3.96,Safe
3017,"RIVER CAUVERY AT KUMBAKONAM, THANJAVUR,",TAMIL NADU,27.0,5.7,7.4,340.0,1.0,0.4,2.0,2.0,2023,0.17513134851138354,153.9,1.0659999999999998,3.89,Safe
1326,"RIVER CAUVERY AT COLEROON, TAMILNADU",TAMIL NADU,24.0,5.7,7.7,819.0,1.0,0.4,9.0,17.0,2023,0.17513134851138354,136.8,2.057,7.79,Safe
1327,"RIVER CAUVERY AT PITCHAVARAM, TAMILNADU",TAMIL NADU,22.0,5.7,7.7,777.0,1.0,0.4,9.0,17.0,2023,0.17513134851138354,125.4,1.9730000000000003,7.51,Safe
1322,"RIVER CAUVERY AT 1KM. D/S OF BHAVANI CONFL.,R.N. PUNDUR, TAMILNADU",TAMIL NADU,26.0,5.7,7.3,331.0,1.0,0.4,11.0,17.0,2023,0.17513134851138354,148.20000000000002,1.084,3.98,Safe
10064,RIVER CAUVERY AT BHAWANI D/S,TAMIL NADU,28.0,5.7,7.6,352.0,1.0,0.4,2.0,14.0,2023,0.17513134851138354,159.6,1.1079999999999999,4.09,Safe
10065,RIVER CAUVERY AT ERODE U/S,TAMIL NADU,28.9,5.7,7.7,366.0,1.0,0.4,11.0,21.0,2023,0.17513134851138354,164.73,1.1600000000000001,4.34,Safe
10067,RIVER CAUVERY AT KUMARAPALAYAM U/S,TAMIL NADU,24.0,5.7,7.3,335.0,1.0,0.4,11.0,17.0,2023,0.17513134851138354,136.8,1.092,4.02,Safe
10070,RIVER CAUVERY AT PALLIPALAYAM D/S,TAMIL NADU,23.0,5.7,7.3,317.0,1.0,0.4,9.0,21.0,2023,0.17513134851138354,131.1,1.0590000000000002,3.86,Safe
10073,RIVER CAUVERY AT KARUR U/S,TAMIL NADU,26.0,5.7,7.5,462.0,1.0,0.4,6.0,14.0,2023,0.17513134851138354,148.20000000000002,1.3339999999999999,5.11,Safe
10078,RIVER CAUVERY AT MAYILADUTHURAI D/S,TAMIL NADU,20.0,5.7,8.1,567.0,1.0,0.4,17.0,39.0,2023,0.17513134851138354,114.0,1.5980000000000003,6.17,Safe
3580,RIVER CAUVERY AT WATER SUPPLY INTAKE POINT AT SHIVANSAMUDRA,KARNATAKA,18.0,5.7,7.6,219.0,1.0,0.4,68.0,630.0,2023,0.17513134851138354,102.60000000000001,1.865,7.14,Safe
5587,"RIVER CAUVERY AT BALMAVATI BRIDGE TO THANDRA
HOLE TRIBUTARY",KARNATAKA,17.0,5.7,7.3,40.0,1.0,0.4,17.0,220.0,2023,0.17513134851138354,96.9,0.8155000000000001,2.61,Safe
5583,RIVER CAUVERY  D/S AT KONDANAGIRI BRIDGE,KARNATAKA,17.0,5.7,7.2,50.0,1.0,0.4,17.0,210.0,2023,0.17513134851138354,96.9,0.8205,2.64,Safe
5584,"RIVER CAUVERY  D/S OF AT BETHRI BRIDGE , MURNAD",KARNATAKA,16.0,5.7,7.5,50.0,1.0,0.4,24.0,220.0,2023,0.17513134851138354,91.2,0.8460000000000001,2.78,Safe
5585,"RIVER CAUVERY  D/S OF AT NELLU DIKERI BRIDGE, SIDDAPURA",KARNATAKA,18.0,5.7,6.8,58.0,1.0,0.4,22.0,210.0,2023,0.17513134851138354,102.60000000000001,0.8440000000000001,2.76,Safe
5586,"RIVER CAUVERY D/S OF AT DUBARE, HANGING BRIDGE (THEPPA DA KINDI)",KARNATAKA,17.0,5.7,7.3,50.0,1.0,0.4,27.0,240.0,2023,0.17513134851138354,96.9,0.8805,2.96,Safe
5590,"RIVER CAUVERY AT GANJAM WATER SUPPLY INTAKE POINT NEAR GOSAI GHAT, SRIRANGAPATNA",KARNATAKA,22.0,5.7,7.5,146.0,1.0,0.4,92.0,1100.0,2023,0.17513134851138354,125.4,2.46,9.02,Safe
5580,"RIVER CAUVERY  ATGANJAM WATER SUPPLY INTAKE POINT NEAR GOSAI GHAT, SRIRANGAPATNA,MAYDYA",KARNATAKA,22.0,5.7,7.8,147.0,1.0,0.4,92.0,940.0,2023,0.17513134851138354,125.4,2.222,8.31,Safe
5579,"RIVER CAUVERY  AT KARIGHATTA NIMISHAMBA TEMPLE ROAD BRIDGE SRIRANGAPATNA,MAYDYA",KARNATAKA,23.0,5.7,7.7,253.0,1.0,0.4,140.0,1300.0,2023,0.17513134851138354,131.1,3.0460000000000003,10.57,Safe
5581,"RIVER CAUVERY  AT MAHADEVPURA ROAD BRIDGE,MAYDYA",KARNATAKA,23.0,5.7,7.8,272.0,1.0,0.4,120.0,1500.0,2023,0.17513134851138354,131.1,3.354,11.3,Safe
1323,RIVER CAUVERY ATPARAMATHY  VELORE  TAMILNADU,TAMIL NADU,26.0,5.7,6.9,434.0,1.0,0.4,7.0,17.0,2023,0.17513134851138354,148.20000000000002,1.284,4.89,Safe
1205,"RIVER BHAVANI AT BHAVANI, TAMILNADU",TAMIL NADU,28.7,5.7,7.6,342.0,1.0,0.4,7.0,12.0,2023,0.17513134851138354,163.59,1.0925,4.02,Safe
1201,"RIVER BHAVANI AT BADTHARAKALIAMMAN KOIL, TAMILNADU",TAMIL NADU,19.0,5.7,6.9,93.0,1.0,0.4,7.0,14.0,2023,0.17513134851138354,108.3,0.5975,1.34,Safe
1204,"RIVER BHAVANI AT SIRUMUGAI, TAMILNADU",TAMIL NADU,20.0,5.7,7.0,128.0,1.0,0.4,8.0,14.0,2023,0.17513134851138354,114.0,0.669,1.77,Safe
1321,"RIVER BHAVANI AT BHAVANI SAGAR, TAMILNADU",TAMIL NADU,26.0,5.7,7.2,184.0,1.0,0.4,11.0,20.0,2023,0.17513134851138354,148.20000000000002,0.7945,2.49,Safe
3019,"RIVER BHAVANI AT D/S OF BHAVANISAGAR, SATHYAMANGALAM, ERODE, TAMILNADU",TAMIL NADU,27.0,5.7,7.3,159.0,1.0,0.4,9.0,14.0,2023,0.17513134851138354,153.9,0.7325,2.15,Safe
3020,"RIVER BHAVANI AT U/S OF KALINGARAYAN CANAL (B5), ERODE, TAMILNADU",TAMIL NADU,29.0,5.7,7.7,336.0,1.0,0.4,8.0,20.0,2023,0.17513134851138354,165.3,1.094,4.03,Safe
3021,"RIVER BHAVANI AT D/S OF KALINGARAYAN CANAL (B10), ERODE, TAMILNADU",TAMIL NADU,28.0,5.7,7.8,341.0,1.0,0.4,11.0,21.0,2023,0.17513134851138354,159.6,1.11,4.1,Safe
1893,"RIVER YAGACHI NEAR PUMPING STATION, HASSAN CITY",KARNATAKA,23.0,5.7,7.4,220.0,1.0,0.4,110.0,920.0,2023,0.17513134851138354,131.1,2.365,8.74,Safe
1199,RIVER HEMAVATHI AT D/S OF HOLENARASIPURA TOWN AT RAMADEV WEIR,KARNATAKA,22.0,5.7,7.4,120.0,1.0,0.4,70.0,540.0,2023,0.17513134851138354,125.4,1.5350000000000001,5.93,Safe
1166,"RIVER SHIMSHA AT D/S OF BRIDGE, HALAGUR",KARNATAKA,21.0,5.7,7.8,568.0,1.0,0.4,140.0,1500.0,2023,0.17513134851138354,119.7,3.976,12.63,Safe
1200,"RIVER SHIMSHA AT D/S OF HIGHWAY BRIDGE, YEDIYUR",KARNATAKA,23.0,5.7,6.7,194.0,1.0,0.4,40.0,350.0,2023,0.17513134851138354,131.1,1.3530000000000002,5.19,Safe
3567,RIVER SHIMSHA D/S NEAR MADDUAR TOWN,KARNATAKA,23.0,5.7,7.8,622.0,1.0,0.4,150.0,1500.0,2023,0.17513134851138354,131.1,4.099,12.87,Safe
3022,"RIVER THIRUMANIMUTHAR AT SALEM, D/S OF SAGO & TEXTILE DYING INDUSTRIES, TAMILNADU",TAMIL NADU,25.0,5.7,7.0,1075.0,1.0,0.4,7.0,14.0,2023,0.17513134851138354,142.5,2.5614999999999997,9.3,Safe
3023,"RIVER VASISTA AT THULUKANNUR AT SALEM, D/S OF SAGO INDUSRIES EFFLUENT, TAMILNADU",TAMIL NADU,26.0,5.7,6.9,878.0,1.0,0.4,9.0,20.0,2023,0.17513134851138354,148.20000000000002,2.1795,8.18,Safe
1319,RIVER AMRAVATI AT 1KM D/S FROM EFF.DIS. PT. AT MADHUTHUKKULAM,TAMIL NADU,22.0,5.7,7.0,84.0,1.0,0.4,2.0,11.0,2023,0.17513134851138354,125.4,0.5675,1.15,Safe
4812,"RIVER LOCATED ON THE SOUTHERN BANK OF
AMARAVATHI AND DOWNSTREAM SIDE OF KARUR DYEING CLUSTER",TAMIL NADU,3.0,5.7,7.3,2612.0,1.0,0.4,2.0,2.0,2023,0.17513134851138354,17.1,5.61,15.45,Safe
4813,"RIVER LOCATED ADJACENT TO KARU MSW DUMP SITE
AND ON THE NORTHERN BANK OF AMARAVATHI AND DOWNSTREAM SIDE OF KARU DYEING CLUSTER",TAMIL NADU,25.0,5.7,7.1,1769.0,1.0,0.4,4.0,17.0,2023,0.17513134851138354,142.5,3.9495,12.57,Safe
1165,RIVER ARKAVATHI AT D/S OF KANAKAPURA TOWN,KARNATAKA,25.0,5.7,6.7,499.0,1.0,0.4,40.0,540.0,2023,0.17513134851138354,142.5,2.248,8.39,Safe
2778,RIVER ARKAVATHI AT TIPPAGONDANAHALLI RESERVOIR,KARNATAKA,25.0,5.7,6.6,664.0,1.0,0.4,31.0,140.0,2023,0.17513134851138354,142.5,1.9645000000000001,7.48,Safe
2779,RIVER ARKAVATHI AT HESARAGHATTA RESERVOIR,KARNATAKA,24.0,5.7,6.0,280.0,1.0,0.4,14.0,170.0,2023,0.17513134851138354,136.8,1.216,4.59,Safe
4108,RIVER AKRAVATHI BEFORE CONFLUENCE AT SANGAM,KARNATAKA,25.0,5.7,6.7,396.0,1.0,0.4,21.0,110.0,2023,0.17513134851138354,142.5,1.3685000000000003,5.25,Safe
41,RIVER KABINI AT CAUSE WAY SATTUR,KARNATAKA,20.0,5.7,7.7,197.0,1.0,0.4,110.0,1100.0,2023,0.17513134851138354,114.0,2.589,9.38,Safe
1197,RIVER KABINI AT SARAGUR VILLAGE D/S,KARNATAKA,22.0,5.7,7.4,152.0,1.0,0.4,93.0,1100.0,2023,0.17513134851138354,125.4,2.4735,9.06,Safe
1207,"RIVER KABANI AT MUTHANKARA, WAYANAD",KERALA,24.0,5.7,6.5,65.0,1.0,0.4,8.0,22.0,2023,0.17513134851138354,136.8,0.555,1.07,Safe
1445,"RIVER KABINI AT WATER INTAKE OF KIADB AT
NANJANGUD",KARNATAKA,19.0,5.7,7.8,159.0,1.0,0.4,65.0,700.0,2023,0.17513134851138354,108.3,1.8455000000000001,7.07,Safe
2775,"RIVER KABINI AT BATHING GHAT, NANJANAGUD",KARNATAKA,19.0,5.7,7.6,259.0,1.0,0.4,150.0,1500.0,2023,0.17513134851138354,108.3,3.373,11.34,Safe
3575,RIVER KABINI U/S INTAKE POINT TO NANJANAGUD & GUNDLUPET AT DEBUR,KARNATAKA,19.0,5.7,7.7,174.0,1.0,0.4,93.0,1100.0,2023,0.17513134851138354,108.3,2.5175,9.18,Safe
3577,"RIVER KABINI AT WATER SUPPLY INTAKE POINT TO T.
NARASIPURA",KARNATAKA,21.0,5.7,7.9,258.0,1.0,0.4,130.0,1500.0,2023,0.17513134851138354,119.7,3.341,11.27,Safe
1196,RIVER LAKSHMANTIRTHA AT D/S OF HUNSUR TOWN,KARNATAKA,22.0,5.7,7.3,319.0,1.0,0.4,140.0,2100.0,2023,0.17513134851138354,125.4,4.378,13.4,Safe
2772,RIVER LAKSHMANTIRTHA AT D/S OF KATTEMALAVADI,KARNATAKA,22.0,5.7,7.2,318.0,1.0,0.4,140.0,2100.0,2023,0.17513134851138354,125.4,4.3759999999999994,13.39,Safe
3572,RIVER LAKSHMANTIRTHA AT WATER SUPPLY INTAKE POINT TO HUNSUR TOWN,KARNATAKA,22.0,5.7,7.6,290.0,1.0,0.4,120.0,2100.0,2023,0.17513134851138354,125.4,4.29,13.23,Safe
3024,"RIVER SARABANGA AT EDAPADI AT SALEM, D/S OF
TEXTILE DYEING INDUSTRIES EFFLUENT, TAMILNADU",TAMIL NADU,23.0,5.7,6.8,1413.0,1.0,0.4,14.0,26.0,2023,0.17513134851138354,131.1,3.2660000000000005,11.1,Safe
10034,RIVER ADYAR AT EKKATTUTHANGAL,TAMIL NADU,27.0,5.7,6.8,490.0,1.0,0.4,18.0,310.0,2023,0.17513134851138354,153.9,1.8519999999999999,7.1,Safe
10035,RIVER ADYAR AT JAFERKHANPET,TAMIL NADU,27.0,5.7,6.7,476.0,1.0,0.4,18.0,360.0,2023,0.17513134851138354,153.9,1.8989999999999998,7.26,Safe
10036,RIVER ADYAR AT MARAIMALAI BRIDGE,TAMIL NADU,27.0,5.7,6.9,398.0,1.0,0.4,40.0,200.0,2023,0.17513134851138354,153.9,1.5360000000000003,5.93,Safe
10038,RIVER ADYAR AT KOTTURPURAM BRIDGE,TAMIL NADU,28.0,5.7,6.6,378.0,1.0,0.4,2.0,330.0,2023,0.17513134851138354,159.6,1.634,6.31,Safe
10039,RIVER ADYAR NEAR BOAT CLUB,TAMIL NADU,28.0,5.7,6.5,426.0,1.0,0.4,40.0,460.0,2023,0.17513134851138354,159.6,1.982,7.54,Safe
10040,RIVER COOUM AT ANNA NAGAR,TAMIL NADU,28.0,5.7,6.5,647.0,1.0,0.4,68.0,680.0,2023,0.17513134851138354,159.6,2.7960000000000003,9.94,Safe
10041,RIVER COOUM AT ARUMBAKKAM,TAMIL NADU,28.0,5.7,6.6,638.0,1.0,0.4,61.0,630.0,2023,0.17513134851138354,159.6,2.6925,9.66,Safe
10042,RIVER COOUM AT AMANJIKARAI,TAMIL NADU,28.0,5.7,6.6,610.0,1.0,0.4,81.0,490.0,2023,0.17513134851138354,159.6,2.4565,9.01,Safe
10043,RIVER COOUM AT POONAMALLE,TAMIL NADU,27.0,5.7,6.7,1053.0,1.0,0.4,2.0,310.0,2023,0.17513134851138354,153.9,2.9539999999999997,10.34,Safe
10044,RIVER COOUM AT COLLAGE ROAD,TAMIL NADU,27.0,5.7,6.8,495.0,1.0,0.4,45.0,600.0,2023,0.17513134851138354,153.9,2.3375,8.66,Safe
10045,RIVER COOUM NEAR CENTRAL JAIL,TAMIL NADU,27.0,5.7,6.6,1217.0,1.0,0.4,45.0,460.0,2023,0.17513134851138354,153.9,3.5715,11.78,Safe
10046,RIVER COOUM AT NAPIER BRIDGE,TAMIL NADU,28.0,5.7,6.7,797.0,1.0,0.4,2.0,370.0,2023,0.17513134851138354,159.6,2.532,9.22,Safe
10059,RIVER VAIGAI AT MADURAI U/S,TAMIL NADU,26.0,5.7,7.3,305.0,1.0,0.4,2.0,11.0,2023,0.17513134851138354,148.20000000000002,1.0095,3.62,Safe
10060,RIVER VAIGAI AT MADURAI D/S,TAMIL NADU,25.0,5.7,7.2,438.0,1.0,0.4,17.0,26.0,2023,0.17513134851138354,142.5,1.3205,5.05,Safe
10057,RIVER VENNAR AT THANJAVUR U/S,TAMIL NADU,24.0,5.7,7.5,395.0,1.0,0.4,2.0,4.0,2023,0.17513134851138354,136.8,1.1789999999999998,4.42,Safe
10058,RIVER VENNAR AT THANJAVUR D/S,TAMIL NADU,23.0,5.7,7.3,404.0,1.0,0.4,2.0,2.0,2023,0.17513134851138354,131.1,1.194,4.49,Safe
5578,"RIVER SHIMSHA DOWNSTREAM OF MADDUR NEAR VYDYANATHESWARA TEMPLE ROAD BRIDGE,MAYDYA",KARNATAKA,24.0,5.7,7.8,637.0,1.0,0.4,340.0,2400.0,2023,0.17513134851138354,136.8,5.763999999999999,15.68,Safe
4501,"RIVER ARKAVATHI AT MANCHANBELE RESERVOIR, MANCHANABALE DAM",KARNATAKA,25.0,5.7,6.9,582.0,1.0,0.4,23.0,540.0,2023,0.17513134851138354,142.5,2.3885,8.81,Safe
1208,"RIVER BHAVANI AT ELACHIVAZHY, PALAKKAD",KERALA,23.0,5.7,7.6,80.0,1.0,0.4,2.0,100.0,2023,0.17513134851138354,131.1,0.6930000000000001,1.92,Safe
5228,"RIVER KABANI AT MUTHANGA,WAYANAD",KERALA,20.0,5.7,6.5,98.0,1.0,0.4,8.0,26.0,2023,0.17513134851138354,114.0,0.6270000000000001,1.52,Safe
5229,"RIVER KABANI AT BANASURA SAGAR DAM AT KALPETTA,WAYANAD",KERALA,23.0,5.7,6.5,23.0,1.0,0.4,2.0,4.0,2023,0.17513134851138354,131.1,0.435,0.27,Safe
5227,"RIVER KALINDI AT BAVALI, WAYANAD",KERALA,22.0,5.7,6.5,68.0,1.0,0.4,8.0,31.0,2023,0.17513134851138354,125.4,0.5745,1.2,Safe
5226,"RIVER PAPANASINI AT THIRUNELLY, WAYANAD",KERALA,22.0,5.7,6.5,41.0,1.0,0.4,4.0,12.0,2023,0.17513134851138354,125.4,0.48600000000000004,0.62,Safe
30053,RIVER THENPENNAIYAR AT CHOKKARASANAHALLI BRIDGE (BANGALORE),KARNATAKA,24.0,5.7,7.3,1192.0,1.0,0.4,130000.0,540000.0,2023,0.17513134851138354,136.8,1007.764,65.39,Risky
23,"RIVER SUBARNAREKHA AT RANCHI, (TATISILWAI)",JHARKHAND,10.0,5.7,6.5,232.0,1.0,0.4,11.0,90.0,2023,0.17513134851138354,57.0,0.9954999999999999,3.55,Safe
24,RIVER SUBARNAREKHA AT JAMSHEDPUR,JHARKHAND,15.0,5.7,6.9,189.0,1.0,0.4,11.0,90.0,2023,0.17513134851138354,85.5,0.9095,3.11,Safe
48,RIVER SUBARNAREKHA AT CHANDIL BRIDGE,JHARKHAND,18.5,5.7,7.1,212.0,1.0,0.4,11.0,90.0,2023,0.17513134851138354,105.45,0.9555,3.35,Safe
49,"RIVER SUBARNAREKHA AT D/S JAMSHEDPUR, (TATA
NAGAR)",JHARKHAND,16.5,5.7,6.3,193.0,1.0,0.4,11.0,90.0,2023,0.17513134851138354,94.05,0.9175,3.15,Safe
1641,RIVER SUBARNAREKHA AT RAJGHAT (THENGUDIA),ODISHA,22.0,5.7,6.8,180.0,1.0,0.4,130.0,700.0,2023,0.17513134851138354,125.4,1.985,7.55,Safe
2385,RIVER SUBARNAREKHA AT NAMKUM ROAD BRIDGE,JHARKHAND,11.0,5.7,6.5,232.0,1.0,0.4,11.0,90.0,2023,0.17513134851138354,62.7,0.9954999999999999,3.55,Safe
2386,RIVER SUBARNAREKHA AT MURI ROAD BRIDGE,JHARKHAND,15.0,5.7,6.5,232.0,1.0,0.4,11.0,90.0,2023,0.17513134851138354,85.5,0.9954999999999999,3.55,Safe
2387,RIVER SUBARNAREKHA AT GHATISLA ROAD BRIDGE,JHARKHAND,15.0,5.7,7.3,192.0,1.0,0.4,11.0,90.0,2023,0.17513134851138354,85.5,0.9155,3.14,Safe
2395,RIVER SUBARNAREKHA AT HATIA DAM,JHARKHAND,10.0,5.7,6.5,232.0,1.0,0.4,11.0,90.0,2023,0.17513134851138354,57.0,0.9954999999999999,3.55,Safe
2397,RIVER SUBARNAREKHA AT GATALSUD DAM,JHARKHAND,9.0,5.7,7.4,232.0,1.0,0.4,11.0,90.0,2023,0.17513134851138354,51.300000000000004,0.9954999999999999,3.55,Safe
2399,RIVER SUBARNAREKHA AT CHANDIL DAM,JHARKHAND,18.4,5.7,7.0,222.0,1.0,0.4,11.0,90.0,2023,0.17513134851138354,104.88,0.9755,3.45,Safe
4743,"RIVER SUBARNAREKHA U/S HCL GHATSHILA, E.S",JHARKHAND,15.5,5.7,7.0,198.0,1.0,0.4,11.0,90.0,2023,0.17513134851138354,88.35000000000001,0.9275,3.2,Safe
4744,"RIVER SUBARNAREKHA BEFORE MEETING KHARKAI
RIVER",JHARKHAND,15.1,5.7,7.0,228.0,1.0,0.4,11.0,90.0,2023,0.17513134851138354,86.07000000000001,0.9874999999999999,3.51,Safe
4746,RIVER SUBARNAREKHA AFTER CONFLUENCE OF KHARKAI RIVER,JHARKHAND,16.5,5.7,6.9,214.0,1.0,0.4,11.0,90.0,2023,0.17513134851138354,94.05,0.9595,3.37,Safe
4748,"RIVER SUBARNAREKHA AT BAHARAGORA ROAD
BRIDGE, P.O- BAHARAGORA, E.S",JHARKHAND,19.5,5.7,7.3,216.0,1.0,0.4,11.0,90.0,2023,0.17513134851138354,111.15,0.9635,3.39,Safe
4749,"RIVER SUBARNAREKHA, NEAR RING ROAD BRIDGE
SEMBO, NAGRI, RANCHI",JHARKHAND,10.0,5.7,6.5,232.0,1.0,0.4,11.0,90.0,2023,0.17513134851138354,57.0,0.9954999999999999,3.55,Safe
4084,"RIVER SURBARNREKHA AT HATIA ROAD BRIDGE,
RANCHI",JHARKHAND,10.0,5.7,6.5,232.0,1.0,0.4,11.0,90.0,2023,0.17513134851138354,57.0,0.9954999999999999,3.55,Safe
4750,RIVER SUBARNAREKHA NEAR INTAKE WELL HATIA RAILWAY,JHARKHAND,11.0,5.7,6.5,232.0,1.0,0.4,11.0,90.0,2023,0.17513134851138354,62.7,0.9954999999999999,3.55,Safe
4752,"RIVER SUBARNAREKHA NEAR OBERIA ROAD BRIDGE,
HATIA RANCH",JHARKHAND,11.0,5.7,3.1,232.0,1.0,0.4,11.0,90.0,2023,0.17513134851138354,62.7,0.9954999999999999,3.55,Safe
30067,RIVER SUBARNAREKHA AT BEHRAGORA ODISHA- JHARKHAND,JHARKHAND,28.0,5.7,7.0,157.0,1.0,0.4,170.0,1100.0,2023,0.17513134851138354,159.6,2.599,9.41,Safe
30068,RIVER SUBARNAREKHA AT GOPIBALLAVPUR (WEST BENGAL),WEST BENGAL,25.0,5.7,7.0,153.0,1.0,0.4,110.0,1400.0,2023,0.17513134851138354,142.5,2.951,10.33,Safe
30069,RIVER SUBARNAREKHA AT LAKHANNATH (ORISSA),ODISHA,24.0,5.7,7.0,152.0,1.0,0.4,170.0,1700.0,2023,0.17513134851138354,136.8,3.489,11.6,Safe
4086,"RIVER SUBARNAREKHA U/S HINDALCO IND LTD, MURLI
WORKS, CHHOTAMURI, RANCHI",JHARKHAND,15.0,5.7,6.7,232.0,1.0,0.4,11.0,90.0,2023,0.17513134851138354,85.5,0.9954999999999999,3.55,Safe
4756,"RIVER SUBARNAREKHA AT RUCCA DAM, RUCCA, RANCHI",JHARKHAND,8.6,5.7,7.2,232.0,1.0,0.4,11.0,90.0,2023,0.17513134851138354,49.019999999999996,0.9954999999999999,3.55,Safe
2423,RIVER BUDHABALANGA AT D/S OF BARIPADA TOWN,ODISHA,20.0,5.7,7.2,146.0,1.0,0.4,780.0,2800.0,2023,0.17513134851138354,114.0,6.042,16.08,Safe
3943,RIVER BUDHABALANGA AT BALASORE U/S,ODISHA,21.0,5.7,6.9,125.0,1.0,0.4,230.0,1300.0,2023,0.17513134851138354,119.7,2.925,10.27,Safe
3942,"RIVER SONO AT KANAKDURGA ROAD NEAR REMUNA, HATOGOND",ODISHA,20.0,5.7,6.9,120.0,1.0,0.4,78.0,490.0,2023,0.17513134851138354,114.0,1.472,5.68,Safe
2115,RIVER TAPTI AT NEPA NAGAR 100 METRE D/S AFTER MIXING PANDHAR NALLA,MADHYA PRADESH,20.0,5.7,7.7,202.0,1.0,0.4,2.0,37.0,2023,0.17513134851138354,114.0,0.8425,2.76,Safe
4753,"RIVER HARMU NEAR HARMU BRIDGE, HARMU, RANCHI",JHARKHAND,11.0,5.7,6.5,232.0,1.0,0.4,11.0,90.0,2023,0.17513134851138354,62.7,0.9954999999999999,3.55,Safe
4754,RIVER HARMU BEFORE METTING TO SWARNREKHA RIVER,JHARKHAND,11.4,5.7,6.5,232.0,1.0,0.4,11.0,90.0,2023,0.17513134851138354,64.98,0.9954999999999999,3.55,Safe
,,,21.0,5.7,7.2,232.0,1.0,0.4,11.0,90.0,2024,0.17513134851138354,119.7,0.9954999999999999,3.55,Safe
5259,MAGZINE ROAD DRAIN,DELHI,21.0,5.7,7.1,232.0,12.0,0.4,11.0,90.0,2024,2.1015761821366024,119.7,4.2955,13.24,Safe
5260,SWEEPER COLONY DRAIN,DELHI,21.0,5.7,6.9,232.0,40.0,0.4,11.0,90.0,2024,7.005253940455342,119.7,12.695500000000001,22.68,Safe
5261,KHYBER PASS DRAIN,DELHI,21.0,5.7,7.0,232.0,38.0,0.4,11.0,90.0,2024,6.654991243432574,119.7,12.095500000000001,22.24,Safe
5262,METCALF HOUSE DRAIN,DELHI,21.0,5.7,7.1,232.0,22.0,0.4,11.0,90.0,2024,3.852889667250438,119.7,7.2955,17.7,Safe
5263,ISBT + MORI GATE DRAIN,DELHI,21.0,5.7,6.8,232.0,39.0,0.4,11.0,90.0,2024,6.830122591943958,119.7,12.3955,22.46,Safe
5265,SHASTRI PARK DRAIN,DELHI,21.0,5.7,7.0,232.0,24.0,0.4,11.0,90.0,2024,4.203152364273205,119.7,7.895499999999999,18.4,Safe
5266,KAILASH NAGAR DRAIN,DELHI,21.0,5.7,7.1,232.0,35.0,0.4,11.0,90.0,2024,6.129597197898424,119.7,11.195500000000001,21.53,Safe
5268,ABU FAZAL DRAIN,DELHI,21.0,5.7,7.1,232.0,38.0,0.4,11.0,90.0,2024,6.654991243432574,119.7,12.095500000000001,22.24,Safe
5269,JAITPUR DRAIN,DELHI,21.0,5.7,7.0,232.0,37.0,0.4,11.0,90.0,2024,6.479859894921191,119.7,11.7955,22.01,Safe
5270,TUGHLAKABAD DRAIN,DELHI,21.0,5.7,7.0,232.0,36.0,0.4,11.0,90.0,2024,6.304728546409807,119.7,11.4955,21.77,Safe
5273,"OLD AGRA CANAL NEAR KALINDI
KUNJ -SARITA VIHAR PULL",DELHI,21.0,5.7,6.8,232.0,34.0,0.4,11.0,90.0,2024,5.954465849387041,119.7,10.8955,21.28,Safe
5275,MOLARBANDH DRAIN,DELHI,21.0,5.7,7.4,232.0,32.0,0.4,11.0,90.0,2024,5.604203152364273,119.7,10.2955,20.77,Safe
5276,SONIA VIHAR DRAIN,DELHI,21.0,5.7,6.8,232.0,33.0,0.4,11.0,90.0,2024,5.779334500875657,119.7,10.595500000000001,21.03,Safe
3041,"WATER WORKS- WAZIRABAD, DELHI",DELHI,21.0,5.7,7.4,232.0,1.0,0.3,11.0,90.0,2024,0.17513134851138354,119.7,0.9754999999999999,3.45,Safe
3042,"WATER WORKS- SONIA VIHAR, DELHI",DELHI,21.0,5.7,7.2,232.0,1.0,0.3,11.0,90.0,2024,0.17513134851138354,119.7,0.9754999999999999,3.45,Safe
3043,"WATER WORKS- CHANDRAVAL, DELHI",DELHI,21.0,5.7,7.4,232.0,1.0,0.3,11.0,90.0,2024,0.17513134851138354,119.7,0.9754999999999999,3.45,Safe
3044,"WATER WORKS- NANGLOI, DELHI",DELHI,21.0,5.7,7.3,232.0,1.0,0.3,11.0,90.0,2024,0.17513134851138354,119.7,0.9754999999999999,3.45,Safe
3045,"WATER WORKS- HAIDERPUR, DELHI",DELHI,21.0,5.7,7.3,232.0,1.0,0.3,11.0,90.0,2024,0.17513134851138354,119.7,0.9754999999999999,3.45,Safe
3046,"WATER WORKS- DWARKA, DELHI",DELHI,21.0,5.7,7.2,232.0,1.0,0.41,11.0,90.0,2024,0.17513134851138354,119.7,0.9974999999999999,3.56,Safe
STN Code,Monitoring Location,State Name,21.0,5.7,7.2,232.0,1.0,0.4,11.0,90.0,2024,0.17513134851138354,119.7,0.9954999999999999,3.55,Safe
20013,PANAJI STP AT TONCA,GOA,29.0,5.7,6.9,232.0,5.6,0.4,79.0,140.0,2024,0.9807355516637477,165.3,2.5525,9.28,Safe
20015,"AHMEDABAD-1 BENRAMPURAPIRANA ROAD,
AHMEDABAD",GUJARAT,26.0,5.7,6.8,232.0,7.0,0.4,170.0,350.0,2024,1.2259194395796849,148.20000000000002,3.424,11.46,Safe
20016,"AHMEDABAD-2 NAROL SARKHEJ HIGHWAYNR. 35 MLD STP, NAROL-SARKHEJ HIGHWAY, VASNA
AHMEDABAD",GUJARAT,26.0,5.7,6.7,232.0,12.0,0.4,110.0,350.0,2024,2.1015761821366024,148.20000000000002,4.8340000000000005,14.21,Safe
4860,"RANIA DRAIN MEETING DISCHARGE OF PHED STP, 6 MLD, RANIA, SIRSA",HARYANA,21.0,5.6,7.5,642.0,6.0,0.4,7200.0,15000.0,2024,1.0695187165775402,117.6,36.464,32.68,Moderate
3047,WATER WORKS- GURGAON,HARYANA,13.0,7.1,7.1,1250.0,1.0,0.3,190.0,4800.0,2024,0.1406469760900141,92.3,10.344999999999999,20.81,Safe
3048,WATER WORKS- FARIDABAD,HARYANA,19.0,5.7,7.4,1670.0,1.0,0.3,11.0,90.0,2024,0.17513134851138354,108.3,3.8514999999999997,12.37,Safe
4861,"NEAR HUDA/ HSVP WATER WORKS,
BASAI, GURUGRAM",HARYANA,13.0,7.5,7.3,990.0,1.0,0.3,86.0,2800.0,2024,0.13315579227696406,97.5,6.6690000000000005,16.92,Safe
1870,"SUKHANA NALLAH AT PARWANOO NEAR KALKA BARRIER, EXIT POINT OF
H. P.",HIMACHAL PRADESH,8.0,0.3,6.4,331.0,1.0,2.12,4.0,39.0,2024,3.2258064516129035,2.4,1.4505000000000001,5.59,Safe
3861,"SALANI NALLAH NEAR BRIDGE, NH-7,
MOGINAND KALA AMB",HIMACHAL PRADESH,21.0,6.3,7.8,348.0,1.5,0.66,49.0,280.0,2024,0.2377179080824089,132.29999999999998,1.7714999999999999,6.81,Safe
3863,"RAMPUR JATTAN MOGINAND NALA BEFORE CONFLUENCE TO RIVER MARKANDA NEAR RADHA SWAMI
SATSANG BHAWAN",HIMACHAL PRADESH,21.0,4.0,7.3,446.0,2.7,0.79,220.0,920.0,2024,0.6733167082294265,84.0,3.57,11.78,Safe
3865,"ROON NALLAH NEAR MEERPUR
KOTLA, GURUDWARA",HIMACHAL PRADESH,21.0,7.1,7.3,337.0,1.2,0.6,27.0,170.0,2024,0.1687763713080169,149.1,1.4495,5.59,Safe
3867,"SARVARI NALLAH BEFORE
CONFLUENCE TO RIVER BEAS",HIMACHAL PRADESH,2.0,7.6,7.1,148.0,1.0,0.32,32.0,220.0,2024,0.1314060446780552,15.2,1.038,3.76,Safe
3868,"BARAGRAM NALLAH BEFORE
CONFLUENCE TO RIVER BEAS",HIMACHAL PRADESH,3.0,7.7,7.0,56.0,1.0,0.32,31.0,140.0,2024,0.1297016861219196,23.1,0.7324999999999999,2.15,Safe
3875,"SURAJMUKHI NALLAH U/S WSS GALAYANA D/S OF  SHOOLINI
UNIVERSITY",HIMACHAL PRADESH,7.0,7.2,7.1,180.0,1.0,1.26,2.0,17.0,2024,0.13869625520110956,50.4,0.9405000000000001,3.27,Safe
3879,"BHATIAN NALLAH U/S BHATIAN VILLAGE, NEAR TVS INDUSTRY,
NALAGARH",HIMACHAL PRADESH,14.0,3.0,7.2,475.0,1.0,2.43,7.0,46.0,2024,0.33222591362126247,42.0,1.8155000000000001,6.97,Safe
3881,"BHATIAN NALLAH D/S SARA TEXTILE,
NALAGARH",HIMACHAL PRADESH,13.0,3.5,7.3,948.0,1.0,2.35,2.0,22.0,2024,0.2849002849002849,45.5,2.7020000000000004,9.69,Safe
4029,"TAALO NALA (FROM NAHAR TOWN)
AT KHADDAR KA BAGH B/C TO RIVER MARKANDA",HIMACHAL PRADESH,21.0,6.1,7.7,341.0,1.0,0.61,47.0,280.0,2024,0.16366612111292964,128.1,1.5945,6.16,Safe
4034,SAHU NALLAH U/S BHURI SINGH SHEP,HIMACHAL PRADESH,10.0,8.5,7.3,148.0,1.0,0.34,2.0,33.0,2024,0.11750881316098707,85.0,0.7164999999999999,2.05,Safe
4035,SAHU NALLAH D/S BHURI SINGH SHEP,HIMACHAL PRADESH,10.0,8.0,7.4,146.0,1.0,0.5,2.0,33.0,2024,0.12484394506866417,80.0,0.7444999999999999,2.21,Safe
4036,"KUNNI PUL, VILL SAMAHU, PO
KUNIHAR, TEHSIL ARKI",HIMACHAL PRADESH,9.0,7.3,6.0,350.0,1.0,1.25,2.0,22.0,2024,0.13679890560875513,65.7,1.2859999999999998,4.9,Safe
4425,"RAW WATER FOR LWSS OF CHURAT
NALLAH",HIMACHAL PRADESH,6.0,8.0,7.6,136.0,1.0,0.36,4.0,14.0,2024,0.12484394506866417,48.0,0.671,1.79,Safe
4426,"RAW WATER FOR LWSS  OF JAGROTI
NALLAH",HIMACHAL PRADESH,8.0,7.9,7.8,117.0,1.0,0.44,5.0,47.0,2024,0.1264222503160556,63.2,0.7,1.96,Safe
4430,"LIFT NALLAH BEFORE CONFLUENCE TO
ASHWANI KHAD NEAR DOGRHA BRIDGE",HIMACHAL PRADESH,10.0,5.1,7.0,202.0,2.4,1.21,14.0,350.0,2024,0.4696673189823875,51.0,1.912,7.3,Safe
4454,"JARANGLA NALLAH U/S WATER
SUPPLY SCHEME",HIMACHAL PRADESH,9.0,8.6,7.5,160.0,1.0,0.3,2.0,8.0,2024,0.11614401858304298,77.39999999999999,0.6950000000000001,1.93,Safe
4455,"KLUIN NALLAH U/S  WATER SUPPLY
SCHEME",HIMACHAL PRADESH,9.0,8.5,7.6,206.0,1.0,0.3,7.0,63.0,2024,0.11750881316098707,76.5,0.877,2.94,Safe
4462,"SAINJ NALLAH (U/S SAINJ WATER
SUPPLY SCHEME AT DARGI)",HIMACHAL PRADESH,10.0,7.4,7.5,305.0,1.0,0.32,5.0,70.0,2024,0.1349527665317139,74.0,1.0865,3.99,Safe
4463,"DHANESHAR NALLAH (U/S SAINJ WATER SUPPLY SCHEME) NEAR GYASI
MATA MANDIR",HIMACHAL PRADESH,10.0,7.0,7.5,308.0,1.0,0.32,2.0,14.0,2024,0.14265335235378032,70.0,1.004,3.59,Safe
4464,"ALHI KHAD NEAR INTAKE WSS AT
VILL. NOG",HIMACHAL PRADESH,11.0,8.1,7.9,286.0,1.0,0.32,26.0,150.0,2024,0.12330456226880396,89.1,1.2,4.52,Safe
4466,"JARANGLA NALLAH D/S WATER
SUPPLY SCHEME",HIMACHAL PRADESH,9.0,8.5,7.4,166.0,1.0,0.3,5.0,84.0,2024,0.11750881316098707,76.5,0.8254999999999999,2.66,Safe
4474,"HALOG NALLAH NEAR HALOG WATER
SUPPLY SCHEME",HIMACHAL PRADESH,7.0,9.0,7.9,72.0,1.0,0.32,7.0,170.0,2024,0.11098779134295228,63.0,0.7735,2.38,Safe
4475,"MACHADA NALLAH, MAJHOUTI WATER SUPPLY SCHEME  NEAR
NIRATH",HIMACHAL PRADESH,7.0,9.4,7.9,71.0,1.0,0.32,4.0,70.0,2024,0.10626992561105207,65.8,0.617,1.46,Safe
4476,MANALSU NALLAH NEAR WATER SUPPLY SCHEME FOR MANALI TOWN,HIMACHAL PRADESH,2.0,7.6,7.0,54.0,1.0,0.32,27.0,210.0,2024,0.1314060446780552,15.2,0.8274999999999999,2.68,Safe
4477,KHALADA NALLAH NEAR WATER SUPPLY SCHEME FOR KULLU TOWN,HIMACHAL PRADESH,3.0,6.5,7.0,167.0,1.0,0.34,34.0,210.0,2024,0.15360983102918588,19.5,1.068,3.9,Safe
4480,"SURAJMUKHI NALLAH D/S STP AT U/S
OF SHOOLINI UNIVERSITY  SAMTI SOLAN",HIMACHAL PRADESH,6.0,6.8,7.1,456.0,1.0,1.6,2.0,17.0,2024,0.14684287812041116,40.8,1.5605,6.03,Safe
4481,"HATHLI NALLAH LIFT WATER SUPPLY SCHEME FOR MUNICIPAL COUNCIL
HAMIRPUR",HIMACHAL PRADESH,10.0,6.8,7.3,231.0,1.0,0.32,4.0,27.0,2024,0.14684287812041116,68.0,0.8725,2.92,Safe
4482,"LIFT WATER SUPPLY SCHEME (PANJARAR) AND BHOTA ROPARI &
UJHAN",HIMACHAL PRADESH,10.0,6.0,7.4,218.0,1.0,0.32,4.0,32.0,2024,0.1663893510815308,60.0,0.8540000000000001,2.82,Safe
5253,"HURLA NALLA D/S HURLA BRIDGE, VPO HURLA, TEHSIL BHUNTER, DIS.
KULLU",HIMACHAL PRADESH,3.0,7.4,7.0,95.0,1.0,0.32,38.0,150.0,2024,0.1349527665317139,22.200000000000003,0.836,2.72,Safe
5257,"KALAM NALLA D/S OF MSW PROCESSING SITE AT CHOWRI, DIST.
CHAMBA",HIMACHAL PRADESH,11.0,0.3,7.1,114.0,1.0,0.3,5.0,23.0,2024,3.2258064516129035,3.3,0.6299999999999999,1.54,Safe
4082,"BAJU NALLAH AT KHOKHYAL NEAR BARAGE, CONFLUENCE POINT OF SAHAR-KHAD AND KATHUA CITY
NALLAHS",JAMMU & KASHMIR,14.0,4.9,7.3,193.0,1.1,0.04,11.0,90.0,2024,0.2240325865580448,68.60000000000001,0.8755,2.93,Safe
5172,"NELLIKUNNU BRIDGE AT
NELLIKUNNU, KASARAGOD",KERALA,21.0,3.0,6.6,232.0,2.2,0.4,2.0,2.0,2024,0.7308970099667775,63.0,1.2099999999999997,4.56,Safe
20017,"STP NEAR PAMBA AT
PATHANAMTHITTA KERALA",KERALA,21.0,5.7,6.7,232.0,22.0,0.4,11.0,90.0,2024,3.852889667250438,119.7,7.2955,17.7,Safe
2178,"CHIKHALI NALA MEETS GODAVARI RIVER, VILLAGE- CHIKHALI, TALUKA-NASHIK, DISTRICT- NASHIK.",MAHARASHTRA,19.0,0.3,7.1,485.0,4.2,0.3,4.0,39.0,2024,13.548387096774194,5.7,2.3545,8.71,Safe
2782,"RABODI NALA, VILLAGE-RABODI,TALUKA- THANE, DISTRICT-
THANE.",MAHARASHTRA,28.0,0.3,7.0,376.0,10.0,0.3,460.0,1700.0,2024,32.25806451612903,8.4,7.0520000000000005,17.41,Safe
2783,"COLOUR CHEM  NALA, VILLAGE-MAJIWADA,TALUKA- THANE,
DISTRICT- THANE.",MAHARASHTRA,27.0,0.3,7.0,404.0,10.0,0.3,340.0,1200.0,2024,32.25806451612903,8.1,6.178,16.27,Safe
2784,"SANDOZ NALA, VILLAGE-SANDOZBAUG,TALUKA- THANE,
DISTRICT- THANE.",MAHARASHTRA,28.0,0.3,7.2,519.0,6.0,0.3,700.0,2800.0,2024,19.35483870967742,8.4,8.148,18.68,Safe
2785,"BPT, NAVAPUR, VILLAGE- NAVAPUR, TALUKA- PALGHAR, DISTRICT-
PALGHAR.",MAHARASHTRA,26.0,0.3,7.1,4125.0,13.0,1.52,2.0,34.0,2024,41.935483870967744,7.8,12.508000000000001,22.55,Safe
2786,"TARAPUR MIDC NALA ( NEAR SUMP 1), VILLAGE- MIDC TARAPUR, TALUKA-PALGHAR, DISTRICT- PALGHAR.",MAHARASHTRA,26.0,0.3,6.9,1741.0,6.0,2.89,17.0,46.0,2024,19.35483870967742,7.8,5.9545,15.95,Safe
2787,"TARAPUR MIDC NALA ( NEAR SUMP  2), VILLAGE- MIDC  TARAPUR, TALUKA-PALGHAR, DISTRICT- PALGHAR.",MAHARASHTRA,26.0,0.3,6.9,1868.0,52.0,1.2,17.0,140.0,2024,167.74193548387098,7.8,19.811500000000002,26.84,Moderate
2788,"TARAPUR MIDC NALA ( NEAR SUMP  3), VILLAGE- MIDC  TARAPUR, TALUKA-PALGHAR, DISTRICT- PALGHAR.",MAHARASHTRA,26.0,0.3,6.9,1844.0,64.0,1.3,7.0,49.0,2024,206.45161290322582,7.8,23.232000000000003,28.35,Moderate
2789,"NALA AT D/S OF AKLAI MANDIR,
VILLAGE- AKLAI, TALUKA-MALSHIRAS, DISTRICT- SOLAPUR.",MAHARASHTRA,28.0,5.5,8.1,226.0,1.8,2.19,40.0,425.0,2024,0.3266787658802178,154.0,2.1275,8.01,Safe
2790,"PIMPAL-PANERI NALA AT RATNAGIRI NEAR FINOLEX INDUSTRIES, VILLAGE-YAHGANIGAON, TALUKA- RATNAGIRI, DISTRICT- RATNAGIRI.",MAHARASHTRA,23.0,5.2,4.1,310.0,2.8,0.3,6.0,24.0,2024,0.5374280230326295,119.60000000000001,1.565,6.04,Safe
3923,GURADIH NALLAH AT PANPOSH,ODISHA,22.0,2.8,6.6,310.0,5.0,0.61,3300.0,11000.0,2024,1.7793594306049825,61.599999999999994,23.692,28.54,Moderate
3934,GANDA NALLAH AT MARTHAPUR,ODISHA,20.0,5.2,7.3,168.0,1.3,0.43,130.0,460.0,2024,0.24952015355086374,104.0,1.697,6.54,Safe
3939,KUNDRA NALLAH AT JODA,ODISHA,19.0,6.0,7.1,146.0,1.1,0.41,170.0,460.0,2024,0.1830282861896839,114.0,1.649,6.36,Safe
20019,"STP, PURI AT MANGALAGHAT",ODISHA,21.0,5.7,7.1,232.0,5.4,0.4,2.0,2.0,2024,0.9457092819614712,119.7,2.1700000000000004,8.15,Safe
20020,WASTEWATER OF TALCHER,ODISHA,21.0,5.7,6.8,232.0,48.0,0.4,160000.0,160000.0,2024,8.40630472854641,119.7,494.94399999999996,58.34,Risky
2906,"DHANAULA DRAIN FALLING INTO LASSARA DRAIN NEAR VILL. DHUNAS,
PUNJAB",PUNJAB,10.0,0.3,7.2,2275.0,61.0,3.0,84000.0,210000.0,2024,196.7741935483871,3.0,464.45,57.71,Risky
2907,"HUDIARA DRAIN AT VILL. DHAHUKE
(WHERE IT ENTERS PAKISTAN), PUNJAB",PUNJAB,12.0,0.3,7.1,1156.0,48.0,1.2,63000.0,110000.0,2024,154.83870967741936,3.5999999999999996,276.452,52.57,Risky
2908,"OUTLET OF NADIALA DRAIN INTO
DHAKANSU NALLAH, PUNJAB",PUNJAB,9.0,0.3,7.0,975.0,21.0,2.7,2100.0,94000.0,2024,67.74193548387098,2.6999999999999997,152.94,46.72,Moderate
2909,TALLEWAL DRAIN AT BRIDGE JALWALAN - LOHGARH LINK ROAD,PUNJAB,10.0,0.3,7.1,1513.0,51.0,2.8,6300.0,170000.0,2024,164.51612903225808,3.0,283.336,52.81,Risky
2910,"BRIDGE ON TUNG DHAB DRAIN, FATENGARH CHURIAN ROAD,
AMRITSAR",PUNJAB,11.0,0.3,7.1,1488.0,72.0,1.4,120000.0,280000.0,2024,232.25806451612902,3.3,624.856,60.65,Risky
2914,"POINT SOURSE BUDHA NALLAH,
PUNJAB",PUNJAB,17.0,0.3,7.0,1254.0,61.0,2.8,700000.0,2200000.0,2024,196.7741935483871,5.1,4371.368,79.96,Hazardous
4158,"SAGARPARA DRAIN AT VILL SAGRA
DIST, PATIALA",PUNJAB,9.0,0.3,7.3,871.0,19.0,2.3,5800.0,28000.0,2024,61.29032258064516,2.6999999999999997,58.602000000000004,37.29,Moderate
20021,JALANDHAR,PUNJAB,21.0,5.7,7.1,232.0,14.0,0.4,400.0,90.0,2024,2.4518388791593697,119.7,5.478999999999999,15.25,Safe
20022,"LUDHIANA-1, BHATTIAN",PUNJAB,21.0,5.7,6.7,232.0,6.0,0.4,32.0,90.0,2024,1.0507880910683012,119.7,2.527,9.21,Safe
20023,"LUDHIANA-2, BALLOKE",PUNJAB,22.0,5.7,7.1,232.0,8.0,0.4,210.0,90.0,2024,1.4010507880910683,125.4,3.394,11.39,Safe
20024,"LUDHIANA-3, JAMALPUR",PUNJAB,21.0,5.7,6.5,232.0,1.0,0.4,2.0,2.0,2024,0.17513134851138354,119.7,0.85,2.8,Safe
20025,PHAGWARA,PUNJAB,21.0,5.7,7.2,232.0,12.0,0.4,330.0,90.0,2024,2.1015761821366024,119.7,4.774,14.1,Safe
20026,PHILLAUR,PUNJAB,21.0,5.7,7.3,232.0,6.0,0.4,2.0,90.0,2024,1.0507880910683012,119.7,2.482,9.08,Safe
20027,KAPURTHALA,PUNJAB,21.0,5.7,6.6,232.0,16.0,0.4,330.0,90.0,2024,2.8021015761821366,119.7,5.973999999999999,15.98,Safe
20028,SULTANPUR LODHI,PUNJAB,21.0,5.7,6.9,232.0,32.0,0.4,2200.0,90.0,2024,5.604203152364273,119.7,13.578999999999999,23.3,Safe
10047,"CHENNAI WATERWAYS AT OTTERI
NULLAH (ORIGIN)",TAMIL NADU,28.0,0.3,6.3,1191.0,16.0,0.3,330.0,1700.0,2024,51.612903225806456,8.4,10.286999999999999,20.76,Safe
10048,"CHENNAI WATERWAYS AT OTTERI
NULLAH (KILPAUK GARDEN)",TAMIL NADU,28.0,0.3,6.3,883.0,14.0,0.3,330.0,2000.0,2024,45.16129032258065,8.4,9.521,20.06,Safe
10051,"CHENNAI WATERWAYS AT BUCKINGHAM CANAL X OTTERI NULLAH CONFLUENCE (GMR VASAVI
INDUSTRIES)",TAMIL NADU,28.0,0.3,6.7,1013.0,7.0,0.32,290.0,1700.0,2024,22.580645161290324,8.4,7.175,17.56,Safe
10056,CHENNAI WATERWAYS AT MAMBALAM DRAIN (GOLF COURSE),TAMIL NADU,27.0,0.3,6.4,829.0,14.0,0.3,120.0,1200.0,2024,45.16129032258065,8.1,7.897999999999999,18.4,Safe
20033,CHENNAI-2 PERUNGADI(ZONE-V),TAMIL NADU,26.0,5.7,7.0,232.0,5.0,0.4,134.0,1414.0,2024,0.8756567425569177,148.20000000000002,4.366,13.38,Safe
20038,ERODE-2,TAMIL NADU,25.0,4.6,7.3,976.0,3.2,0.35,170.0,330.0,2024,0.6941431670281997,114.99999999999999,3.732,12.13,Safe
20041,KARUR,TAMIL NADU,26.0,0.3,7.3,1418.0,45.0,1.42,18.0,45.0,2024,145.16129032258064,7.8,16.7145,25.24,Moderate
20042,MAYILADUTHURAI,TAMIL NADU,28.0,3.9,6.5,736.0,14.0,0.62,921.0,23700.0,2024,3.5805626598465476,109.2,42.7275,34.22,Moderate
20044,THANJAVUR,TAMIL NADU,28.0,5.7,7.7,1339.0,44.0,9.0,1203.0,8100.0,2024,7.705779334500876,159.6,31.6325,31.31,Moderate
20045,TIRUNELVELI,TAMIL NADU,26.0,5.7,7.7,782.0,18.0,0.4,540.0,920.0,2024,3.1523642732049035,148.20000000000002,9.233999999999998,19.79,Safe
20046,MADURAI,TAMIL NADU,25.0,5.2,7.4,1386.0,6.0,0.33,17.0,45.0,2024,1.1516314779270633,130.0,4.731,14.03,Safe
3054,"RIVER GODAVARI - OUTLET OF ASH POND EFFLUENTS OF M/S.NTPC,
RAMAGUNDAM",TELANGANA,25.0,2.8,8.4,741.0,1.0,0.65,2.0,21.0,2024,0.3558718861209965,70.0,1.9465000000000001,7.42,Safe
4665,"RIVER MANERU (TRIBUTARY OF GODAVARI)  - OUTLET OF KTPP ASH POND JOINING TO MORANCHA VAGU, CHELPUR (V), GHANPUR (MULUGU) (M), , JAYASHANKAR BHUPALAPALLI DISTRICT",TELANGANA,26.0,4.0,7.7,443.0,1.0,0.3,2.0,24.0,2024,0.24937655860349128,104.0,1.285,4.89,Safe
3055,"AMBERPET STP (339 MLD) - OUTLET , AMBERPET (V&M), HYDERABAD",TELANGANA,27.0,0.9,7.0,1303.0,2.0,3.58,2.0,21.0,2024,2.1978021978021975,24.3,3.9564999999999997,12.59,Safe
3056,"LANGARHOUSE STP (1.25 MLD) - OUTLET, GOLCONDA (V&M)
,HYDERABAD",TELANGANA,25.0,3.2,6.2,950.0,7.0,0.4,2.0,21.0,2024,2.180685358255452,80.0,4.1145000000000005,12.9,Safe
3057,"NAGOLE STP (172 MLD)- OUTLET,
NAGOLE,RANGAREDDY",TELANGANA,26.0,3.2,7.2,1090.0,3.0,0.4,2.0,27.0,2024,0.9345794392523364,83.2,3.2035000000000005,10.95,Safe
3058,"KHAIRATABAD STP (20 MLD) - OUTLET, NEAR RAJ NAGAR,
KHARITABAD , HYDERABAD",TELANGANA,26.0,2.1,6.8,932.0,4.0,0.4,2.0,48.0,2024,1.8957345971563981,54.6,3.2190000000000003,10.99,Safe
3059,"SAFILGUDA STP (0.6 MLD) - OUTLET,
SAFILGUDA,MEDCHAL",TELANGANA,26.0,3.4,7.4,1372.0,2.0,0.4,2.0,33.0,2024,0.5865102639296188,88.39999999999999,3.4765000000000006,11.58,Safe
3060,"DURGAM STP (5 MLD) - OUTLET, RAIDURG (V), SERILINGAMPALLY (M),
RANGAREDDY (D)",TELANGANA,26.0,3.4,7.1,1030.0,11.0,0.4,2.0,120.0,2024,3.2258064516129035,88.39999999999999,5.622999999999999,15.47,Safe
3061,"NALLACHERUVU STP (30 MLD) -
OUTLET, UPPAL, RANGAREDDY",TELANGANA,27.0,3.4,7.1,1324.0,11.0,0.4,2.0,21.0,2024,3.2258064516129035,91.8,6.062500000000001,16.1,Safe
3062,"SAROORNAGAR STP (2.5 MLD)  - OUTLET, SAROORNAGAR (V & M),
RANGAREDDY DISTRICT",TELANGANA,25.0,1.3,6.9,1212.0,6.0,0.4,2.0,17.0,2024,4.580152671755725,32.5,4.3325000000000005,13.31,Safe
3050,WATER WORKS- GHAZIABAD,UTTAR PRADESH,18.0,8.5,7.2,168.0,1.0,0.3,2.0,2.0,2024,0.11750881316098707,153.0,0.702,1.97,Safe
,,,21.0,5.7,7.2,232.0,1.0,0.4,11.0,90.0,2024,0.17513134851138354,119.7,0.9954999999999999,3.55,Safe
Primary Water Quality Criteria for Class SW-II Waters,,,21.0,5.7,7.2,232.0,1.0,0.4,11.0,90.0,2024,0.17513134851138354,119.7,0.9954999999999999,3.55,Safe
5673,"Dondawaka, Payakaraopeta, Triupati",ANDHRA PRADESH,21.0,5.6,6.9,32700.0,1.9,0.4,3.0,64.0,2024,0.33868092691622104,117.6,66.15050000000001,38.48,Moderate
5674,"Rajanagaram Nakkapalli,Anakapalli",ANDHRA PRADESH,21.0,5.0,7.2,28200.0,2.0,0.4,2.0,43.0,2024,0.3992015968063872,105.0,57.14750000000001,37.05,Moderate
5675,"Pudimadaka, Atchutapuram,",ANDHRA PRADESH,21.0,5.0,7.3,28600.0,1.7,0.4,3.0,64.0,2024,0.33932135728542917,105.0,57.8905,37.17,Moderate
5676,"Tikkavani Palem, Parawada",ANDHRA PRADESH,21.0,5.0,7.1,33900.0,1.5,0.4,3.0,64.0,2024,0.29940119760479045,105.0,68.4305,38.81,Moderate
5677,"Annavaram, Bheemunipatnam",ANDHRA PRADESH,21.0,5.4,6.8,32900.0,2.0,0.4,2.0,43.0,2024,0.36968576709796674,113.4,66.5475,38.54,Moderate
5681,"Bay Of Bengal (Near Shivalayam) Addaripeta (V), Thondangi (M), Kakinada District",ANDHRA PRADESH,21.0,5.9,7.0,34600.0,1.8,0.4,3.0,64.0,2024,0.30456852791878175,123.9,69.9205,39.02,Moderate
5682,"Kakinada Fishing Harbour, Kakinada,
'Kakinada District",ANDHRA PRADESH,21.0,4.1,7.0,31100.0,1.9,0.4,3.0,75.0,2024,0.4622871046228711,86.1,62.967,37.99,Moderate
5683,"Confluence Point Of Gautami Godavari With Bay Of Bengal At Bhairavapalem Village, Thallrevu Mandal, Kakinada Dish Ic!",ANDHRA PRADESH,21.0,5.0,7.0,250.0,1.9,0.4,4.0,93.0,2024,0.37924151696606784,105.0,1.2954999999999999,4.94,Safe
5684,"Tulyabhaga-Sangarasangam River At Coring Wildlife Sanctuary, Koringa (V), Thallarevu
(M), Kakinada District",ANDHRA PRADESH,21.0,4.6,6.8,1110.0,1.6,0.4,3.0,64.0,2024,0.34707158351409984,96.6,2.8805000000000005,10.16,Safe
5685,"Bay Of Bengal Al Odalarevu (V), Allavaram (M), Or. B. R. Ambedkar Konaseema District",ANDHRA PRADESH,21.0,5.8,7.3,9600.0,2.0,0.4,3.0,64.0,2024,0.34423407917383825,121.8,19.980500000000003,26.92,Moderate
STN Code,Monitoring Location,State Name,21.0,5.7,7.2,232.0,1.0,0.4,11.0,90.0,2024,0.17513134851138354,119.7,0.9954999999999999,3.55,Safe
4013,TIRACOL BEACH,GOA,21.0,4.9,7.4,18310.0,1.0,0.4,23.0,33.0,2024,0.20366598778004072,102.9,37.084,32.84,Moderate
4014,MIRAMAR BEACH,GOA,21.0,5.1,7.8,16700.0,1.0,0.4,13.0,23.0,2024,0.19569471624266147,107.1,33.834,31.96,Moderate
4015,CALANGUTE BEACH,GOA,21.0,5.4,7.2,30930.0,1.0,0.4,23.0,33.0,2024,0.18484288354898337,113.4,62.32400000000001,37.89,Moderate
4016,MORJIM BEACH,GOA,21.0,5.6,7.0,22180.0,1.0,0.4,13.0,23.0,2024,0.17825311942959005,117.6,44.79400000000001,34.67,Moderate
4017,MOBOR BEACH,GOA,21.0,6.3,7.5,25190.0,1.0,0.4,17.0,33.0,2024,0.1584786053882726,132.29999999999998,50.83500000000001,35.91,Moderate
4018,BAINA BEACH,GOA,21.0,5.2,7.5,34350.0,1.0,0.4,79.0,140.0,2024,0.19193857965451055,109.2,69.40849999999999,38.95,Moderate
4019,GALGIBAG BEACH,GOA,21.0,4.5,7.1,32770.0,1.0,0.4,13.0,23.0,2024,0.22172949002217296,94.5,65.97399999999999,38.45,Moderate
4020,COLVA BEACH,GOA,21.0,4.2,7.1,22310.0,1.0,0.4,13.0,23.0,2024,0.23752969121140144,88.2,45.05400000000001,34.73,Moderate
4021,VAGATOR BEACH,GOA,21.0,5.7,7.6,33160.0,1.0,0.4,49.0,79.0,2024,0.17513134851138354,119.7,66.892,38.59,Moderate
4022,VELSAO BEACH,GOA,21.0,5.6,6.6,16100.0,1.0,0.4,13.0,23.0,2024,0.17825311942959005,117.6,32.63400000000001,31.61,Moderate
5644,Arambol Beach,GOA,21.0,5.1,7.3,20280.0,1.0,0.4,33.0,49.0,2024,0.19569471624266147,107.1,41.06300000000001,33.83,Moderate
5645,Baga Beach,GOA,21.0,5.5,7.7,30530.0,1.0,0.4,79.0,110.0,2024,0.18148820326678766,115.5,61.7235,37.8,Moderate
5646,Bambolim Beach,GOA,21.0,4.2,7.5,16420.0,1.0,0.4,46.0,70.0,2024,0.23752969121140144,88.2,33.394,31.83,Moderate
5647,Bogmalo Beach,GOA,21.0,5.4,6.6,32400.0,1.0,0.4,13.0,17.0,2024,0.18484288354898337,113.4,65.22499999999998,38.34,Moderate
5648,Betalbatim Beach,GOA,21.0,6.0,7.6,27520.0,1.0,0.4,13.0,23.0,2024,0.1663893510815308,126.0,55.474000000000004,36.76,Moderate
5649,Benaulim Beach,GOA,21.0,5.4,7.3,25550.0,1.0,0.4,13.0,23.0,2024,0.18484288354898337,113.4,51.534000000000006,36.04,Moderate
5650,Varca Beach,GOA,21.0,5.3,7.0,31250.0,1.0,0.4,14.0,32.0,2024,0.18832391713747648,111.3,62.949000000000005,37.99,Moderate
5651,Agonda Beach,GOA,21.0,6.0,7.0,18630.0,1.0,0.4,13.0,33.0,2024,0.1663893510815308,126.0,37.70900000000001,33.01,Moderate
5652,Palolem Beach,GOA,21.0,6.0,7.0,32260.0,1.0,0.4,33.0,49.0,2024,0.1663893510815308,126.0,65.023,38.31,Moderate
5653,Rajbhag Beach,GOA,21.0,5.7,7.1,20910.0,1.0,0.4,8.0,23.0,2024,0.17513134851138354,119.7,42.246500000000005,34.11,Moderate
2267,"CREEK AT DANDO MOLLO, VELSAO,
MARMUGAO",GOA,21.0,4.8,6.9,225.0,1.0,0.4,2300.0,3300.0,2024,0.2079002079002079,100.8,9.23,19.79,Safe
5277,"DOWNSTREAM COLVA CREEK, COLVA- GOA",GOA,21.0,1.7,6.5,261.0,1.0,0.4,2300.0,7000.0,2024,0.5847953216374269,35.699999999999996,14.852,24.14,Safe
5278,"UPSTREAM OF BETHORA NALLAH, BETHORA,
PONDA - GOA",GOA,21.0,1.0,5.7,303.0,1.0,0.4,200.0,450.0,2024,0.9900990099009901,21.0,1.9609999999999999,7.47,Safe
5279,"DOWNSTREAM OF BETHORA NALLAH,
BETHORA, PONDA -GOA",GOA,21.0,1.0,6.3,412.0,1.0,0.4,3500.0,9200.0,2024,0.9900990099009901,21.0,20.253999999999998,27.05,Moderate
2080,"MASMA KHADI- OLPAD- SARAS ROADORMA, OLPAD SARAS ROAD, FROM BRIDGE,SURAT",GUJARAT,21.0,5.4,7.0,474.0,1.4,0.4,10.0,36.0,2024,0.2587800369685767,113.4,1.517,5.86,Safe
2081,"AMLAKHADI CREEK AT PUNGAM.AT VILLAGE PUNGAM, TA: ANKLESHWAR, DIST BHARUCH",GUJARAT,21.0,0.3,7.0,593.0,1.0,0.4,140.0,460.0,2024,3.2258064516129035,6.3,2.4659999999999997,9.03,Safe
3196,"VANDKHADI AT VILLAGE UMARWADA, TA ANKLESHWAR, BHARUCHAT VILLAGE UMARVADA, TA: ANKLESHWAR, DIST
BHARUCH",GUJARAT,21.0,0.3,6.8,1223.0,1.5,0.4,45.0,140.0,2024,4.838709677419355,6.3,3.2535,11.07,Safe
5771,"Hejamdi End Point near Blue flog Beach Padubidri, kaup Tq, Udupi , District",KARNATAKA,21.0,5.0,7.8,232.0,2.0,0.4,2.0,2.0,2024,0.3992015968063872,105.0,1.1499999999999997,4.29,Safe
5772,"Gujjarbettu, Kemmanu Asare Beach, Udupi
Tq,",KARNATAKA,21.0,4.7,7.8,232.0,1.0,0.4,2.0,5.0,2024,0.21231422505307856,98.7,0.8544999999999999,2.82,Safe
5773,"Kota Padukere, Brahmavara Tq, Udupi Dist",KARNATAKA,21.0,4.7,7.9,232.0,1.0,0.4,2.0,7.0,2024,0.21231422505307856,98.7,0.8574999999999999,2.84,Safe
5774,"Gangoli Harbour Kundapura, Udupi Dist",KARNATAKA,21.0,4.7,7.8,232.0,2.0,0.4,2.0,9.0,2024,0.42462845010615713,98.7,1.1604999999999999,4.34,Safe
5775,"Someshwara Beach Byndoor Tq, Udupi",KARNATAKA,21.0,4.6,7.6,232.0,1.5,0.4,2.0,9.0,2024,0.3253796095444686,96.6,1.0105,3.62,Safe
5173,"RIVER PERUVAMBA AT ETTIKULAM,
KANNUR",KERALA,21.0,3.6,7.0,232.0,1.0,0.4,10.0,50.0,2024,0.2770083102493075,75.60000000000001,0.9339999999999999,3.24,Safe
5174,"R. ANCHARAKKANDY AT MOIDUPALAM,DHARMADAM, KANNUR",KERALA,21.0,4.4,7.0,5.0,1.0,0.4,40.0,110.0,2024,0.22675736961451246,92.4,0.615,1.45,Safe
5181,"BEACH AT VARKALA PAPANASAM,
THIRUVANANTHAPURAM",KERALA,21.0,4.4,6.4,232.0,2.3,0.4,1400.0,90.0,2024,0.5215419501133787,92.4,3.4690000000000003,11.56,Safe
5178,"KAVVAYI BACKWATERS AT KAVVAYI,
PAYYANUR",KERALA,21.0,5.3,6.5,232.0,1.0,0.4,40.0,90.0,2024,0.18832391713747648,111.3,1.039,3.76,Safe
5194,"KMML CHAVARA, KOLLAM",KERALA,21.0,3.1,8.0,232.0,1.0,0.4,10.0,90.0,2024,0.3215434083601286,65.10000000000001,0.994,3.54,Safe
1316,"BASSEIN CREEK AT VASAI FORT , VILLAGE-BASSEIN, TALUKA- VASAI, DISTRICT-
PALGHAR.",MAHARASHTRA,21.0,3.7,7.1,3007.0,8.0,0.4,40.0,240.0,2024,2.1563342318059298,77.7,8.914,19.47,Safe
1317,"THANE CREEK AT ELEPHANTA ISLAND, VILLAGE- ELEPHANTA ISLAND , TALUKA-
MUMBAI, DISTRICT- MUMBAI.",MAHARASHTRA,21.0,3.4,7.5,18530.0,10.0,0.4,27.0,210.0,2024,2.932551319648094,71.39999999999999,40.4955,33.7,Moderate
1318,"MAHIM CREEK AT MAHIM BAY, VILLAGE-MAHIM, TALUKA- MUMBAI, DISTRICT-
MUMBAI.",MAHARASHTRA,21.0,3.4,7.3,20660.0,11.0,0.4,33.0,240.0,2024,3.2258064516129035,71.39999999999999,45.109500000000004,34.74,Moderate
2184,"VASHI CREEK AT AIROLI BRIDGE, VILLAGE-AIROLI,TALUKA- THANE, DISTRICT- THANE.",MAHARASHTRA,21.0,3.9,7.2,938.0,7.0,0.4,33.0,210.0,2024,1.7902813299232738,81.89999999999999,4.420500000000001,13.48,Safe
2185,"VASHI CREEK AT VASHI BRIDGE, VILLAGE-VASHI,TALUKA- THANE,DISTRICT- THANE.",MAHARASHTRA,21.0,4.0,7.4,613.0,4.2,0.4,17.0,170.0,2024,1.0473815461346634,84.0,2.8465,10.07,Safe
2791,"ULHAS CREEK AT RETI BUNDER AT D/S OF KALYAN- BHIWANDI BRIDGE, VILLAGE-KALYAN, TALUKA- KALYAN, DISTRICT-
THANE.",MAHARASHTRA,21.0,2.4,7.1,132.0,3.0,0.4,17.0,220.0,2024,1.244813278008299,50.4,1.5995000000000001,6.18,Safe
2792,"ULHAS CREEK AT MUMBRA RETI BUNDER, VILLAGE- MUMBRA,TALUKA- THANE,
DISTRICT- THANE.",MAHARASHTRA,21.0,2.6,7.3,232.0,3.0,0.4,27.0,130.0,2024,1.149425287356322,54.6,1.6795,6.48,Safe
2793,"THANE CREEK AT KALWA ROAD BRIDGE, VILLAGE- KALWA,TALUKA- THANE, DISTRICT-
THANE.",MAHARASHTRA,21.0,2.8,7.1,267.0,3.2,0.4,21.0,210.0,2024,1.138790035587189,58.8,1.9205,7.33,Safe
2794,"ULHAS CREEK AT KOLSHET RETI BUNDER, VILLAGE- KOLSHET, TALUKA- THANE,
DISTRICT- THANE.",MAHARASHTRA,21.0,4.1,7.4,248.0,3.2,0.4,22.0,210.0,2024,0.7785888077858882,86.1,1.884,7.21,Safe
2795,"ULHAS CREEK AT GAIMUKH AT NAGLA BUNDER ON GHOD BUNDER ROAD, VILLAGE-NAGLA,TALUKA- THANE, DISTRICT- THANE.",MAHARASHTRA,21.0,4.0,7.4,202.0,3.2,0.4,17.0,140.0,2024,0.7980049875311721,84.0,1.6795,6.48,Safe
2796,"ULHAS CREEK AT VERSOVA BRIDGE, VILLAGE-VERSOVA, TALUKA- VASAI, DISTRICT-
PALGHAR.",MAHARASHTRA,21.0,3.9,7.2,198.0,3.0,0.4,23.0,220.0,2024,0.7672634271099745,81.89999999999999,1.7405,6.7,Safe
2797,"BHAYANDER CREEK AT D/S OF RAILWAY BRIDGE AT  JASAL PARK CHOUPATHY, VILLAGE- NAVGHAR, TALUKA- THANE,
DISTRICT- THANE.",MAHARASHTRA,21.0,3.6,7.3,909.0,6.0,0.4,23.0,210.0,2024,1.662049861495845,75.60000000000001,4.0475,12.77,Safe
2798,"KHAREKURAN MURBE CREEK , VILLAGE-
KHAREKURAN, TALUKA- PALGHAR, DISTRICT-PALGHAR.",MAHARASHTRA,21.0,3.4,7.5,4038.0,8.0,0.4,23.0,210.0,2024,2.346041055718475,71.39999999999999,10.9055,21.29,Safe
2799,"DANDI CREEK, VILLAGE- DANDI, TALUKA-PALGHAR, DISTRICT- PALGHAR.",MAHARASHTRA,21.0,3.0,7.1,8896.0,11.0,0.4,27.0,170.0,2024,3.6544850498338874,63.0,21.467499999999998,27.6,Moderate
2800,"SARWALI CREEK, VILLAGE- SARWALI, TALUKA- PALGHAR, DISTRICT- PALGHAR.",MAHARASHTRA,21.0,3.6,7.2,466.0,3.2,0.4,26.0,220.0,2024,0.886426592797784,75.60000000000001,2.341,8.67,Safe
2801,"SAVTA CREEK, VILLAGE- SAVTA, TALUKA-DAHANU, DISTRICT- PALGHAR.",MAHARASHTRA,21.0,4.0,7.7,274.0,3.0,0.4,17.0,170.0,2024,0.7481296758104738,84.0,1.8085,6.94,Safe
2802,"DAHANU CREEK AT DAHANU FORT, VILLAGE-DANUGAON, TALUKA- DAHANU, DISTRICT-
PALGHAR.",MAHARASHTRA,21.0,3.2,7.4,26110.0,9.0,0.4,23.0,150.0,2024,2.803738317757009,67.2,55.25950000000001,36.72,Moderate
2803,"PANVEL CREEK AT KOPRA BRIDGE, VILLAGE-KOPRA,TALUKA- PANVEL, DISTRICT- RAIGAD.",MAHARASHTRA,21.0,4.6,7.1,135.0,2.0,0.4,23.0,220.0,2024,0.4338394793926248,96.6,1.3145,5.02,Safe
2804,"KARAMBAVANE CREEK AT CHIPLUN, VILLAGE KARAMBAVANE, TALUKA- CHIPLUN,
DISTRICT- RATNAGIRI.",MAHARASHTRA,21.0,5.8,6.8,86.0,3.0,0.4,4.0,17.0,2024,0.5163511187607573,121.8,1.1835,4.44,Safe
5793,THANE CREEK FLAMINGO SANCTUARY,MAHARASHTRA,21.0,4.2,7.6,15050.0,11.0,0.4,27.0,220.0,2024,2.6128266033254155,88.2,33.850500000000004,31.96,Moderate
2165,"SEA WATER AT GATEWAY OF INDIA, VILLAGE-
COLABA, TALUKA- COLABA, DISTRICT-MUMBAI.",MAHARASHTRA,21.0,3.4,7.4,18820.0,11.0,0.4,23.0,240.0,2024,3.2258064516129035,71.39999999999999,41.414500000000004,33.91,Moderate
2166,"SEA WATER AT CHARNI ROAD CHOUPATHY, VILLAGE- GIRGAON, TALUKA- MUMBAI, DISTRICT- MUMBAI.",MAHARASHTRA,21.0,3.5,7.3,19120.0,11.0,0.4,46.0,430.0,2024,3.133903133903134,73.5,42.33400000000001,34.13,Moderate
2167,"SEA WATER AT WORLI SEAFACE, VILLAGE-WORLI, TALUKA- WORLI, DISTRICT-
MUMBAI.",MAHARASHTRA,21.0,3.6,7.1,29880.0,10.0,0.4,49.0,350.0,2024,2.770083102493075,75.60000000000001,63.438500000000005,38.07,Moderate
2169,"SEA WATER AT VERSOVA BEACH, VILLAGE-VERSOVA, TALUKA- ANDHERI, DISTRICT-
MUMBAI.",MAHARASHTRA,21.0,3.0,7.5,26640.0,10.0,0.4,70.0,240.0,2024,3.322259136212625,63.0,56.824999999999996,36.99,Moderate
2805,"ARNALA SEA, VILLAGE- ARNALA, TALUKA-
VASAI, DISTRICT- PALGHAR.",MAHARASHTRA,21.0,3.8,7.4,3983.0,10.0,0.4,23.0,220.0,2024,2.6246719160104988,79.8,11.410499999999999,21.7,Safe
2806,"UTTAN SEA AT BHAYANDER, VILLAGE-UTTAN, TALUKA- THANE, DISTRICT- THANE.",MAHARASHTRA,21.0,3.4,7.3,967.0,7.0,0.4,33.0,240.0,2024,2.052785923753666,71.39999999999999,4.523500000000001,13.66,Safe
2807,"NAVAPUR SEA, VILLAGE- NAVAPUR, TALUKA-PALGHAR, DISTRICT- PALGHAR.",MAHARASHTRA,21.0,2.7,7.5,21850.0,12.0,0.4,17.0,130.0,2024,4.428044280442805,56.7,47.600500000000004,35.27,Moderate
2808,"SEA WATER AT NARIMAN POINT, VILLAGE-COLABA, TALUKA- COLABA, DISTRICT-
MUMBAI.",MAHARASHTRA,21.0,3.3,7.2,29880.0,12.0,0.4,46.0,240.0,2024,3.625377643504532,69.3,63.86900000000001,38.13,Moderate
2809,"SEA WATER AT MALABAR HILL, VILLAGE-WALKESHWAR,TALUKA- MUMBAI,DISTRICT-
MUMBAI.",MAHARASHTRA,21.0,3.5,7.2,29830.0,11.0,0.4,94.0,430.0,2024,3.133903133903134,73.5,63.82600000000001,38.13,Moderate
2810,"SEA WATER AT HAJI ALI, VILLAGE- WORLI, TALUKA- WORLI, DISTRICT- MUMBAI.",MAHARASHTRA,21.0,3.6,7.4,18090.0,11.0,0.4,130.0,540.0,2024,3.0470914127423825,75.60000000000001,40.565000000000005,33.71,Moderate
2811,"SEA WATER AT SHIVAJI PARK ( DADAR
CHOUPATHY), VILLAGE- DADAR, TALUKA-DADAR,  DISTRICT- MUMBAI.",MAHARASHTRA,21.0,3.2,7.4,20280.0,12.0,0.4,70.0,350.0,2024,3.7383177570093458,67.2,44.87,34.69,Moderate
2812,"SEA WATER AT JUHU BEACH,  VILLAGE-JUHUGAON, TALUKA- SANTACRUZ,  DISTRICT-
MUMBAI.",MAHARASHTRA,21.0,3.2,7.6,26640.0,11.0,0.4,94.0,540.0,2024,3.426791277258567,67.2,57.611000000000004,37.13,Moderate
2813,"SEA WATER AT GANAPATHIPULE, VILLAGE-GANAPATIPULE, TALUKA- RATNAGIRI,
DISTRICT- RATNAGIRI.",MAHARASHTRA,21.0,4.7,8.0,30250.0,11.0,0.4,14.0,70.0,2024,2.335456475583864,98.7,64.006,38.15,Moderate
2814,"SEA WATER AT BHAGWATI BUNDER, RATNAGIRI NEAR ULTRA TECH CEMENT JETTY , VILLAGE- MIRKARWADA, TALUKA-RATNAGIRI, DISTRICT- RATNAGIRI.",MAHARASHTRA,21.0,5.1,7.9,30480.0,11.0,0.4,14.0,79.0,2024,2.152641878669276,107.1,64.4795,38.23,Moderate
2815,"MADVI SEA WATER AT RATNAGIRI NEAR JODHALE MARUTI TEMPLE,  VILLAGE-MADVIGAON, TALUKA- RATNAGIRI,
DISTRICT- RATNAGIRI.",MAHARASHTRA,21.0,5.1,7.2,3734.0,9.0,0.4,11.0,58.0,2024,1.7612524461839532,107.1,10.351500000000001,20.82,Safe
3961,ATHARABANKI CREEK,ODISHA,21.0,1.4,7.6,7400.0,2.4,0.4,130.0,460.0,2024,1.702127659574468,29.4,16.485000000000003,25.11,Moderate
2439,PURI,ODISHA,21.0,6.5,6.7,40350.0,1.5,0.4,2.0,2.0,2024,0.2304147465437788,136.5,81.236,40.49,Moderate
2440,PARADEEP,ODISHA,21.0,6.0,7.8,40420.0,1.2,0.4,2.0,2.0,2024,0.19966722129783693,126.0,81.286,40.5,Moderate
2441,GOPALPUR,ODISHA,21.0,6.2,7.4,42400.0,1.5,0.4,2.0,2.0,2024,0.24154589371980675,130.20000000000002,85.33600000000001,40.97,Moderate
4938,BAHUDA CONFLUENCE,ODISHA,21.0,5.7,7.5,232.0,1.0,0.4,2.0,90.0,2024,0.17513134851138354,119.7,0.982,3.48,Safe
4939,BAHUDA CONFLUENCE (SOUTH),ODISHA,21.0,6.1,7.0,232.0,1.0,0.4,2.0,90.0,2024,0.16366612111292964,128.1,0.982,3.48,Safe
4940,GHATIKIA RIVER CONFLUENCE (NORTH),ODISHA,21.0,5.5,7.6,232.0,1.0,0.4,33.0,90.0,2024,0.18148820326678766,115.5,1.0285,3.71,Safe
4941,GHATIKIA RIVER CONFLUENCE,ODISHA,21.0,6.4,7.2,232.0,1.0,0.4,21.0,90.0,2024,0.15600624024961,134.4,1.0105,3.62,Safe
4942,GHATIKIA RIVER CONFLUENCE (SOUTH),ODISHA,21.0,6.5,6.8,232.0,1.0,0.4,6.0,90.0,2024,0.15360983102918588,136.5,0.988,3.51,Safe
4943,MARKANDI BEACH CONFLUENCE (NORTH),ODISHA,21.0,7.5,7.1,232.0,1.0,0.4,2.0,90.0,2024,0.13315579227696406,157.5,0.982,3.48,Safe
4944,MARKANDI BEACH CONFLUENCE,ODISHA,21.0,6.6,7.6,232.0,1.0,0.4,2.0,90.0,2024,0.15128593040847202,138.6,0.982,3.48,Safe
4946,HARIPUR CREEK CONFLUENCE (SOUTH),ODISHA,21.0,7.2,7.8,232.0,1.0,0.4,2.0,90.0,2024,0.13869625520110956,151.20000000000002,0.982,3.48,Safe
4947,HARIPUR CREEK CONFLUENCE,ODISHA,21.0,5.8,7.8,232.0,1.0,0.4,2.0,90.0,2024,0.17211703958691912,121.8,0.982,3.48,Safe
4948,HARIPUR CREEK CONFLUENCE (NORTH),ODISHA,21.0,6.0,7.8,232.0,1.0,0.4,2.0,90.0,2024,0.1663893510815308,126.0,0.982,3.48,Safe
4949,"NEAR IRE, GOPALPUR",ODISHA,21.0,7.4,7.7,232.0,1.2,0.4,2.0,90.0,2024,0.16194331983805668,155.4,1.0419999999999998,3.78,Safe
4950,GOPLAPUR PORT,ODISHA,21.0,5.9,7.8,232.0,1.0,0.4,2.0,90.0,2024,0.1692047377326565,123.9,0.982,3.48,Safe
4951,ARYAPALLI,ODISHA,21.0,5.8,7.8,232.0,1.0,0.4,2.0,90.0,2024,0.17211703958691912,121.8,0.982,3.48,Safe
4952,RUSHIKULYA RIVER MOUTH (NORTH),ODISHA,21.0,6.6,7.8,232.0,1.0,0.4,26.0,90.0,2024,0.15128593040847202,138.6,1.018,3.66,Safe
4953,RUSHIKULYA RIVER MOUTH,ODISHA,21.0,6.2,7.8,232.0,1.0,0.4,2.0,90.0,2024,0.1610305958132045,130.20000000000002,0.982,3.48,Safe
4955,"CHILIKA MOUTH ON SEA AT
MANIKAPATANA",ODISHA,21.0,6.3,7.8,232.0,1.0,0.4,49.0,90.0,2024,0.1584786053882726,132.29999999999998,1.0525,3.83,Safe
4956,DHAUDIA RIVER MOUTH (NORTH),ODISHA,21.0,6.3,7.3,232.0,1.0,0.4,5.0,90.0,2024,0.1584786053882726,132.29999999999998,0.9864999999999999,3.5,Safe
4957,DHAUDIA RIVER MOUTH,ODISHA,21.0,6.0,7.5,232.0,1.0,0.4,5.0,90.0,2024,0.1663893510815308,126.0,0.9864999999999999,3.5,Safe
4958,DHAUDIA RIVER MOUTH (SOUTH),ODISHA,21.0,5.9,7.9,232.0,1.0,0.4,8.0,90.0,2024,0.1692047377326565,123.9,0.991,3.53,Safe
4959,MANGALA RIVER MOUTH (NORTH),ODISHA,21.0,4.8,7.7,232.0,1.6,0.4,350.0,90.0,2024,0.33264033264033266,100.8,1.684,6.49,Safe
4960,MANGALA RIVER MOUTH,ODISHA,21.0,1.7,7.2,232.0,1.0,0.4,27.0,90.0,2024,0.5847953216374269,35.699999999999996,1.0194999999999999,3.67,Safe
4961,MANGALA RIVER MOUTH (SOUTH),ODISHA,21.0,5.8,7.5,232.0,1.0,0.4,22.0,90.0,2024,0.17211703958691912,121.8,1.012,3.63,Safe
4962,NUA NAI RIVER MOUTH (NORTH),ODISHA,21.0,6.1,7.7,232.0,1.0,0.4,5.0,90.0,2024,0.16366612111292964,128.1,0.9864999999999999,3.5,Safe
4963,NUA NAI RIVER MOUTH,ODISHA,21.0,6.3,8.0,232.0,1.0,0.4,240.0,5.0,2024,0.1584786053882726,132.29999999999998,1.2115,4.57,Safe
4964,NUA NAI RIVER MOUTH (SOUTH),ODISHA,21.0,5.2,7.9,232.0,2.3,0.4,33.0,90.0,2024,0.44145873320537427,109.2,1.4185,5.46,Safe
4965,KUSHABHADRA RIVER MOUTH (NORTH),ODISHA,21.0,6.0,7.8,232.0,1.0,0.4,45.0,90.0,2024,0.1663893510815308,126.0,1.0465,3.8,Safe
4966,KUSHABHADRA RIVER MOUTH,ODISHA,21.0,6.0,7.6,232.0,1.8,0.4,2.0,90.0,2024,0.2995008319467554,126.0,1.222,4.62,Safe
4968,CHANDRABHAGA BEACH,ODISHA,21.0,5.8,7.5,232.0,1.0,0.4,2.0,90.0,2024,0.17211703958691912,121.8,0.982,3.48,Safe
4970,KADUA RIVER,ODISHA,21.0,6.1,7.9,232.0,2.3,0.4,2.0,90.0,2024,0.37643207855973815,128.1,1.3719999999999999,5.27,Safe
4971,KADUA RIVER (SOUTH),ODISHA,21.0,5.7,8.2,232.0,1.0,0.4,2.0,90.0,2024,0.17513134851138354,119.7,0.982,3.48,Safe
4973,DEVI RIVER MOUTH,ODISHA,21.0,6.0,8.1,232.0,4.2,0.4,2.0,90.0,2024,0.6988352745424293,126.0,1.942,7.41,Safe
4975,JATADHARI MUHANA (NORTH),ODISHA,21.0,6.3,7.6,232.0,1.0,0.4,8.0,90.0,2024,0.1584786053882726,132.29999999999998,0.991,3.53,Safe
4976,JATADHARI MUHANA,ODISHA,21.0,6.5,8.0,232.0,1.0,0.4,14.0,90.0,2024,0.15360983102918588,136.5,1.0,3.57,Safe
4977,JATADHARI MUHANA (SOUTH - 1),ODISHA,21.0,6.4,8.1,232.0,1.0,0.4,2.0,90.0,2024,0.15600624024961,134.4,0.982,3.48,Safe
4978,JATADHARI MUHANA (SOUTH - 2),ODISHA,21.0,6.1,8.0,232.0,1.0,0.4,2.0,90.0,2024,0.16366612111292964,128.1,0.982,3.48,Safe
4979,"JATADHARI MUHANA CS - 3 (2.5 KM FROM
SHORE)",ODISHA,21.0,6.6,8.2,232.0,2.0,0.4,4.0,90.0,2024,0.30257186081694404,138.6,1.285,4.89,Safe
4980,"JATADHARI MUHANA CS - 4 (SOUTH 5 KM
FROM SHORE)",ODISHA,21.0,6.6,8.3,232.0,1.0,0.4,2.0,90.0,2024,0.15128593040847202,138.6,0.982,3.48,Safe
4981,"JATADHARI MUHANA CS - 5 (NORTH 5 KM
SHORE)",ODISHA,21.0,6.2,8.3,232.0,1.0,0.4,13.0,90.0,2024,0.1610305958132045,130.20000000000002,0.9984999999999999,3.56,Safe
4982,PARADEEP PORT NORTH,ODISHA,21.0,6.0,7.9,232.0,1.0,0.4,2.0,90.0,2024,0.1663893510815308,126.0,0.982,3.48,Safe
4983,PARADEEP PORT,ODISHA,21.0,5.9,8.3,232.0,1.0,0.4,26.0,90.0,2024,0.1692047377326565,123.9,1.018,3.66,Safe
4984,PARADEEP PORT SOUTH,ODISHA,21.0,6.1,8.1,232.0,1.0,0.4,20.0,90.0,2024,0.16366612111292964,128.1,1.009,3.62,Safe
4985,"PARADEEP PORT NORTH (2.5 KM FROM
SHORE)",ODISHA,21.0,6.5,7.6,232.0,1.4,0.4,11.0,90.0,2024,0.21505376344086022,136.5,1.1155,4.13,Safe
4986,"PARADEEP PORT SOUTH (5 KM FROM PORT
ENTRANCE)",ODISHA,21.0,6.1,8.2,232.0,1.0,0.4,33.0,90.0,2024,0.16366612111292964,128.1,1.0285,3.71,Safe
4987,MAHANADI MUHANA C - 1,ODISHA,21.0,5.4,7.7,232.0,1.0,0.4,7.0,90.0,2024,0.18484288354898337,113.4,0.9894999999999999,3.52,Safe
4988,MAHANADI MUHANA NORTH,ODISHA,21.0,6.1,7.2,232.0,1.0,0.4,17.0,90.0,2024,0.16366612111292964,128.1,1.0045,3.59,Safe
4989,"MAHANADI MUHANA UP NORTH (2.5 KM
FROM SHORE)",ODISHA,21.0,6.1,8.1,232.0,1.0,0.4,8.0,90.0,2024,0.16366612111292964,128.1,0.991,3.53,Safe
4995,HANSUA RIVER MOUTH,ODISHA,21.0,5.8,6.7,232.0,1.0,0.4,46.0,90.0,2024,0.17211703958691912,121.8,1.048,3.81,Safe
4996,HANSUA RIVER MOUTH (NORTH),ODISHA,21.0,6.0,7.7,232.0,1.0,0.4,2.0,90.0,2024,0.1663893510815308,126.0,0.982,3.48,Safe
4997,GAHIRMATH 2,ODISHA,21.0,6.0,8.0,232.0,1.4,0.4,2.0,90.0,2024,0.23294509151414308,126.0,1.1019999999999999,4.07,Safe
4998,"GAHIRMATHA, SATABHAYA",ODISHA,21.0,5.1,8.1,232.0,1.0,0.4,2.0,90.0,2024,0.19569471624266147,107.1,0.982,3.48,Safe
4999,GAHIRMATHA 3,ODISHA,21.0,6.2,7.7,232.0,1.0,0.4,2.0,90.0,2024,0.1610305958132045,130.20000000000002,0.982,3.48,Safe
5000,HABADHIKUTA 2,ODISHA,21.0,6.1,7.9,232.0,1.0,0.4,2.0,90.0,2024,0.16366612111292964,128.1,0.982,3.48,Safe
5001,EKAKULA FOREST RH - 1,ODISHA,21.0,6.0,7.8,232.0,1.0,0.4,2.0,90.0,2024,0.1663893510815308,126.0,0.982,3.48,Safe
5002,JAMBU 2,ODISHA,21.0,5.9,7.7,232.0,1.0,0.4,9.0,90.0,2024,0.1692047377326565,123.9,0.9924999999999999,3.53,Safe
5003,HANSUA MOUTH NORTH 2,ODISHA,21.0,7.2,7.0,232.0,1.0,0.4,2.0,90.0,2024,0.13869625520110956,151.20000000000002,0.982,3.48,Safe
5004,HANSUA MOUTH NORTH 3,ODISHA,21.0,6.8,8.0,232.0,1.5,0.4,2.0,90.0,2024,0.22026431718061676,142.79999999999998,1.1320000000000001,4.21,Safe
5005,"GAHIRMATHA, SATABHAYA SOUTH",ODISHA,21.0,6.8,8.1,232.0,1.0,0.4,2.0,90.0,2024,0.14684287812041116,142.79999999999998,0.982,3.48,Safe
5006,GAHIRMATHA 4,ODISHA,21.0,6.4,8.0,232.0,1.0,0.4,2.0,90.0,2024,0.15600624024961,134.4,0.982,3.48,Safe
5007,HABADHIKUTA 3,ODISHA,21.0,6.9,7.6,232.0,1.0,0.4,2.0,90.0,2024,0.1447178002894356,144.9,0.982,3.48,Safe
5008,EKAKULA FOREST RH - 2,ODISHA,21.0,7.9,8.0,232.0,1.0,0.4,2.0,90.0,2024,0.1264222503160556,165.9,0.982,3.48,Safe
5009,DHAMRA MUHANA C - 1,ODISHA,21.0,6.5,7.2,232.0,1.0,0.4,2.0,90.0,2024,0.15360983102918588,136.5,0.982,3.48,Safe
5010,DHAMRA MUHANA C - 2,ODISHA,21.0,6.7,7.6,232.0,1.0,0.4,2.0,90.0,2024,0.14903129657228018,140.70000000000002,0.982,3.48,Safe
5011,DHAMRA MUHANA C - NORTH,ODISHA,21.0,6.4,7.1,232.0,1.0,0.4,2.0,90.0,2024,0.15600624024961,134.4,0.982,3.48,Safe
5012,KANAKPRASAD - 1,ODISHA,21.0,6.9,7.2,232.0,1.0,0.4,2.0,90.0,2024,0.1447178002894356,144.9,0.982,3.48,Safe
5013,KANAKPRASAD - 2,ODISHA,21.0,6.9,7.2,232.0,1.0,0.4,2.0,90.0,2024,0.1447178002894356,144.9,0.982,3.48,Safe
5014,DHAMRA PORT 2,ODISHA,21.0,6.4,7.7,232.0,1.0,0.4,2.0,90.0,2024,0.15600624024961,134.4,0.982,3.48,Safe
5015,"BASUDEVPUR, JAGESWARNATH TEMPLE",ODISHA,21.0,5.8,7.1,232.0,1.0,0.4,14.0,90.0,2024,0.17211703958691912,121.8,1.0,3.57,Safe
5016,"KANSA BANSA RIVER MOUTH (MAA
MATIAMANGALA TEMPLE)",ODISHA,21.0,5.2,7.6,232.0,1.0,0.4,8.0,90.0,2024,0.19193857965451055,109.2,0.991,3.53,Safe
5017,KHERENGA,ODISHA,21.0,5.4,7.8,232.0,1.0,0.4,2.0,90.0,2024,0.18484288354898337,113.4,0.982,3.48,Safe
5018,MAHARUDRAPUR,ODISHA,21.0,6.3,7.8,232.0,1.0,0.4,6.0,90.0,2024,0.1584786053882726,132.29999999999998,0.988,3.51,Safe
5019,HARICHANDRAPUR,ODISHA,21.0,6.1,7.7,232.0,1.0,0.4,5.0,90.0,2024,0.16366612111292964,128.1,0.9864999999999999,3.5,Safe
5020,"NUA NADI, INCHUDI",ODISHA,21.0,5.8,7.6,232.0,1.0,0.4,2.0,90.0,2024,0.17211703958691912,121.8,0.982,3.48,Safe
5021,DEULABAD,ODISHA,21.0,6.1,7.1,232.0,1.0,0.4,2.0,90.0,2024,0.16366612111292964,128.1,0.982,3.48,Safe
5022,JAYDEV KASAB,ODISHA,21.0,6.4,7.8,232.0,1.0,0.4,2.0,90.0,2024,0.15600624024961,134.4,0.982,3.48,Safe
5023,GUDUPAHI,ODISHA,21.0,6.5,7.4,232.0,1.0,0.4,22.0,90.0,2024,0.15360983102918588,136.5,1.012,3.63,Safe
5024,BUDHABALANGA RIVER CONFLUENCE,ODISHA,21.0,6.3,7.3,232.0,1.0,0.4,2.0,90.0,2024,0.1584786053882726,132.29999999999998,0.982,3.48,Safe
5025,PANCHUPADA RIVER CONFLUENCE,ODISHA,21.0,5.0,7.2,232.0,1.0,0.4,22.0,90.0,2024,0.1996007984031936,105.0,1.012,3.63,Safe
5027,SUBARNREKHA RIVER CONFLUENCE,ODISHA,21.0,5.7,7.3,232.0,1.0,0.4,4.0,90.0,2024,0.17513134851138354,119.7,0.985,3.5,Safe
5687,KALAPET KUPPAM BEACH,PUDUCHERRY,21.0,5.5,7.9,232.0,1.0,0.4,13.0,13.0,2024,0.18148820326678766,115.5,0.8829999999999999,2.97,Safe
5688,KURUCHIKUPPAM BEACH,PUDUCHERRY,21.0,6.0,7.9,232.0,1.0,0.4,50.0,50.0,2024,0.1663893510815308,126.0,0.9939999999999999,3.54,Safe
5689,THENGAITHITTU BEACH,PUDUCHERRY,21.0,5.2,7.8,232.0,1.0,0.4,8.0,8.0,2024,0.19193857965451055,109.2,0.868,2.89,Safe
5077,THARANGAMBADI BEACH,TAMIL NADU,21.0,5.2,7.2,232.0,1.0,0.4,11.0,90.0,2024,0.19193857965451055,109.2,0.9954999999999999,3.55,Safe
5079,VELLANKANNI,TAMIL NADU,21.0,4.3,7.2,232.0,1.0,0.4,11.0,90.0,2024,0.2320185614849188,90.3,0.9954999999999999,3.55,Safe
5064,ENNORE CREEK,TAMIL NADU,21.0,5.1,6.3,232.0,1.0,0.4,2.0,2.0,2024,0.19569471624266147,107.1,0.85,2.8,Safe
5065,TIRUVOTTIYUR,TAMIL NADU,21.0,5.1,7.2,232.0,2.0,0.4,2.0,2.0,2024,0.39138943248532293,107.1,1.1499999999999997,4.29,Safe
5066,CHENNAI PORT TRUST,TAMIL NADU,21.0,2.2,6.6,232.0,1.0,0.4,2.0,2.0,2024,0.45248868778280543,46.2,0.85,2.8,Safe
5067,SANTHOME BEACH,TAMIL NADU,21.0,4.7,7.3,232.0,1.0,0.4,2.0,2.0,2024,0.21231422505307856,98.7,0.85,2.8,Safe
5068,INJAMBAKKAM,TAMIL NADU,21.0,6.8,6.8,232.0,1.0,0.4,2.0,2.0,2024,0.14684287812041116,142.79999999999998,0.85,2.8,Safe
5069,MAMALLAPURAM,TAMIL NADU,21.0,6.4,7.1,232.0,1.0,0.4,2.0,2.0,2024,0.15600624024961,134.4,0.85,2.8,Safe
5070,KALPAKKAM,TAMIL NADU,21.0,6.0,7.4,232.0,1.0,0.4,2.0,2.0,2024,0.1663893510815308,126.0,0.85,2.8,Safe
5071,ALAMPARAIKUPPAM,TAMIL NADU,21.0,6.3,7.4,232.0,1.0,0.4,2.0,2.0,2024,0.1584786053882726,132.29999999999998,0.85,2.8,Safe
5072,THALNGADU,TAMIL NADU,21.0,5.2,7.8,52570.0,1.0,0.4,2.0,2.0,2024,0.19193857965451055,109.2,105.52600000000001,43.06,Moderate
5073,KOTTAKUPPAM,TAMIL NADU,21.0,5.2,7.5,232.0,1.0,0.4,2.0,2.0,2024,0.19193857965451055,109.2,0.85,2.8,Safe
5074,CUDDALORE,TAMIL NADU,21.0,5.5,7.8,232.0,1.0,0.4,2.0,2.0,2024,0.18148820326678766,115.5,0.85,2.8,Safe
5075,PICHAVARAM,TAMIL NADU,21.0,5.3,7.9,232.0,1.0,0.4,2.0,2.0,2024,0.18832391713747648,111.3,0.85,2.8,Safe
5076,KOLLIDAM,TAMIL NADU,21.0,5.2,7.9,232.0,1.0,0.4,2.0,2.0,2024,0.19193857965451055,109.2,0.85,2.8,Safe
5078,NAGAPATTINAM,TAMIL NADU,21.0,3.6,6.3,232.0,3.0,0.4,2.0,2.0,2024,0.8310249307479225,75.60000000000001,1.4499999999999997,5.59,Safe
5080,MUTHUPETTAI,TAMIL NADU,21.0,4.0,7.0,232.0,3.0,0.4,2.0,2.0,2024,0.7481296758104738,84.0,1.4499999999999997,5.59,Safe
5081,LAGOON NEARBY THE COAST LINE,TAMIL NADU,21.0,3.8,7.4,232.0,3.0,0.4,2.0,2.0,2024,0.7874015748031497,79.8,1.4499999999999997,5.59,Safe
5082,ADIRAMAPATTINAM,TAMIL NADU,21.0,6.9,8.0,232.0,2.1,0.4,2.0,2.0,2024,0.30390738060781475,144.9,1.1799999999999997,4.43,Safe
5083,KEZHATHOTTAM,TAMIL NADU,21.0,6.9,7.9,232.0,2.1,0.4,2.0,2.0,2024,0.30390738060781475,144.9,1.1799999999999997,4.43,Safe
5084,MALLIPATANAM,TAMIL NADU,21.0,6.8,7.9,232.0,2.1,0.4,2.0,2.0,2024,0.30837004405286345,142.79999999999998,1.1799999999999997,4.43,Safe
5085,KOTTAIPATTINAM,TAMIL NADU,21.0,6.8,7.8,232.0,2.1,0.4,2.0,2.0,2024,0.30837004405286345,142.79999999999998,1.1799999999999997,4.43,Safe
5086,RMESWARAM,TAMIL NADU,21.0,4.0,6.8,49200.0,2.0,0.4,2.0,2.0,2024,0.49875311720698257,84.0,99.08600000000001,42.44,Moderate
5087,ERWADI,TAMIL NADU,21.0,5.0,7.3,43100.0,2.0,0.4,2.0,2.0,2024,0.3992015968063872,105.0,86.88600000000001,41.15,Moderate
5088,TUTICORIN,TAMIL NADU,21.0,5.1,7.6,232.0,2.3,0.4,2.0,2.0,2024,0.45009784735812136,107.1,1.2399999999999998,4.7,Safe
5089,THIRUCHENDUR,TAMIL NADU,21.0,5.5,8.0,5.0,2.2,0.4,2.0,2.0,2024,0.3992740471869329,115.5,0.756,2.28,Safe
5090,PUNNAKAYAL,TAMIL NADU,21.0,5.4,7.8,232.0,2.4,0.4,2.0,2.0,2024,0.44362292051756,113.4,1.2699999999999998,4.83,Safe
5091,VEMBAR,TAMIL NADU,21.0,5.2,7.6,232.0,2.2,0.4,2.0,2.0,2024,0.4222648752399233,109.2,1.2099999999999997,4.56,Safe
5092,UVARI,TAMIL NADU,21.0,6.2,7.6,232.0,1.0,0.4,2.0,2.0,2024,0.1610305958132045,130.20000000000002,0.85,2.8,Safe
5093,KOODANKULAM,TAMIL NADU,21.0,5.8,7.8,232.0,1.0,0.4,2.0,2.0,2024,0.17211703958691912,121.8,0.85,2.8,Safe
5094,KANYAKUMARI,TAMIL NADU,21.0,6.1,7.3,232.0,2.0,0.4,2.0,2.0,2024,0.32733224222585927,128.1,1.1499999999999997,4.29,Safe
5095,KEEZHAMANAKUDY,TAMIL NADU,21.0,5.1,7.9,232.0,1.0,0.4,2.0,2.0,2024,0.19569471624266147,107.1,0.85,2.8,Safe
5096,COLACHEL,TAMIL NADU,21.0,5.5,7.8,232.0,1.0,0.4,2.0,2.0,2024,0.18148820326678766,115.5,0.85,2.8,Safe
5097,THANGAPATTINAM,TAMIL NADU,21.0,5.4,6.2,232.0,1.0,0.4,2.0,2.0,2024,0.18484288354898337,113.4,0.85,2.8,Safe
5028,"DIGHA, PURBA MEDINIPUR",WEST BENGAL,21.0,5.2,7.8,19560.0,1.3,0.4,1700.0,3300.0,2024,0.24952015355086374,109.2,47.09,35.16,Moderate
2074,"TAPI CANAL AT VILLAGE UMARWADA, NEAR GIDC ESTATE OF PANOLI.AT VILLAGE UMARVADA, TA: ANKLESHWAR,
DIST BHARUCH",GUJARAT,27.0,6.9,7.87,360.0,1.0,0.32,1.8,20.0,2024,0.1447178002894356,186.3,1.1167,4.13,Safe
4421,"FROM NARMADA MAIN CANAL AT INDORAHMEDABAD HIGHWAY BRIDGE NEAR VILLAGE MOTIKANTADI TAL, GODHRA, DIST PANCHMAHALNARMADA MAIN CANAL AT INDOR-AHMEDABAD HIGHWAY, VILLAGE MOTI KANTADI, TAL. GODHRA, DIST.",GUJARAT,24.0,7.2,7.79,231.0,1.0,0.32,2.0,9.0,2024,0.13869625520110956,172.8,0.8425,2.76,Safe
1109,"WESTERN YAMUNA CANAL WC-1(Y.NAGAR)100M D/S
AFTER RECEIVING IND.&SEW.EFFL",HARYANA,21.0,6.1,7.13,292.0,1.0,0.3,1.8,1.8,2024,0.16366612111292964,128.1,0.9494,3.32,Safe
1110,"WESTERN YAMUNA CANAL WC-2 (NEAR KARNA
LAKE)G.T.ROAD KARNAL",HARYANA,21.0,6.4,7.0,291.0,1.0,0.3,1.8,300.0,2024,0.15600624024961,134.4,1.3947,5.36,Safe
1111,"WESTERN YAMUNA CANAL C-3 DELHI BRANCH AT
R.D.245250",HARYANA,21.0,6.0,6.57,305.0,1.0,0.3,1.8,300.0,2024,0.1663893510815308,126.0,1.4226999999999999,5.48,Safe
1112,"WESTERN YAMUNA CANAL C-4 BEFORE ENTER INTO DELHI
BRANCH, R.D.282628",HARYANA,21.0,6.0,7.61,305.0,1.0,0.3,1.8,300.0,2024,0.1663893510815308,126.0,1.4226999999999999,5.48,Safe
1114,"WESTERN YAMUNA CANAL WC-6 SIRSA BRANCH AT
RD.BRIDGE JIND KAITHAL ROAD",HARYANA,21.0,4.6,7.7,430.0,7.0,0.4,56.0,390.0,2024,1.5184381778741867,96.6,3.709,12.08,Safe
1115,"WESTERN YAMUNA CANAL C-7 DELHI PARALLEL BRANCH
AT KHUBRU FALL RD-145250",HARYANA,21.0,6.2,7.7,317.0,1.6,0.3,1.8,200.0,2024,0.25764895330112725,130.20000000000002,1.4767,5.7,Safe
1116,"WESTERN YAMUNA CANAL WC-4 DELHI PARALLEL BRANCH
AT PANIPAT",HARYANA,21.0,6.8,6.89,213.0,1.0,0.3,100.0,400.0,2024,0.14684287812041116,142.79999999999998,1.536,5.93,Safe
1419,"GURGAON CANAL, GC-1, (NEAR BADARPUR BORDER)",HARYANA,20.0,4.8,7.04,1580.0,19.0,0.3,1100.0,13000.0,2024,3.9501039501039505,96.0,30.07,30.82,Moderate
1886,WESTERN YAMUNA CANAL AT TAJEWALA,HARYANA,21.0,6.0,7.3,286.0,1.2,0.3,1.8,300.0,2024,0.19966722129783693,126.0,1.4447,5.57,Safe
2056,"WESTERN YAMUNA CANAL AT DAMLA D/S OF YAMUNA
NAGAR",HARYANA,21.0,7.0,7.28,294.0,1.0,0.3,1.8,200.0,2024,0.14265335235378032,147.0,1.2507,4.74,Safe
3034,WESTERN YAMUNA CANAL-KHUBRU OUTFALL,HARYANA,21.0,7.0,7.2,291.0,1.0,0.3,1.8,400.0,2024,0.14265335235378032,147.0,1.5447000000000002,5.96,Safe
4858,AGRA CANAL AT VILLAGE MANDKOLA IN NUH DIST.,HARYANA,19.0,3.2,7.18,1720.0,24.0,0.3,930.0,15000.0,2024,7.4766355140186915,60.800000000000004,34.595,32.17,Moderate
4859,"CONFLUENCE OF SOUTHERN GHAGGAR CANAL, SHERANWALI PARALLEL GHAGGAR CANAL AND HISAR
GHAGGAR DRAIN",HARYANA,21.0,5.6,7.8,664.0,8.0,0.4,9200.0,15000.0,2024,1.4260249554367204,117.6,40.108,33.6,Moderate
3461,CANOLI CANAL AT ERANJIKKAL,KERALA,26.0,3.8,6.5,520.0,1.0,0.3,310.0,430.0,2024,0.2624671916010499,98.8,2.51,9.16,Safe
3467,"UNTHITHODU AT ELOOR, ERNAKULAM",KERALA,26.0,1.3,6.6,117.0,1.0,0.3,1600.0,2600.0,2024,0.7633587786259541,33.800000000000004,6.894,17.21,Safe
3469,"PALAKKATTUTHAZHAMTHODU AT PERUMBAVOOR,
ERNAKULAM",KERALA,27.0,1.9,6.6,43.0,1.0,0.3,3300.0,4300.0,2024,0.5235602094240838,51.3,11.846,22.05,Safe
2836,"MORAMBAMARINE CANAL NEAR PRESBYTERIAN CHURCH,
TOKPACHING",MANIPUR,18.0,7.1,7.1,140.0,3.1,0.4,25.0,50.0,2024,0.4360056258790436,127.8,1.4025,5.39,Safe
5499,NINGTHOUKHONG CANAL AT NINGTHOUKHONG,MANIPUR,21.0,7.1,7.1,170.0,3.3,0.4,35.0,75.0,2024,0.4641350210970464,149.1,1.575,6.08,Safe
2428,"TALADANDA CANAL AT JOBRA( ORIGIN OF TALADANDA
CANAL)",ODISHA,20.0,6.8,7.2,185.0,1.2,0.32,330.0,1700.0,2024,0.1762114537444934,136.0,3.8389999999999995,12.35,Safe
2429,"TALADANDA CANAL AT NAUBAZAR, CUTTACK CITY",ODISHA,22.0,6.9,7.6,225.0,2.0,0.35,790.0,2400.0,2024,0.2894356005788712,151.8,5.904999999999999,15.88,Safe
2430,"TALADANDA CANAL AT ATHARABANKI(WATER INTAKE
POINT OF PPL, IFFCO & PPT)",ODISHA,23.6,5.4,7.5,184.0,1.5,0.35,790.0,2400.0,2024,0.27726432532347506,127.44000000000001,5.673,15.54,Safe
3950,TALADANDA CANAL AT RANIHAT,ODISHA,20.0,6.8,7.5,194.0,2.2,0.32,1300.0,2400.0,2024,0.3230543318649046,136.0,6.662,16.91,Safe
3951,TALADANDA CANAL AT CHHATRABAZAR,ODISHA,20.0,6.8,7.2,210.0,2.5,0.4,1100.0,2800.0,2024,0.3671071953010279,136.0,7.1,17.47,Safe
3952,TALADANDA CANAL AT BIRIBATI,ODISHA,22.0,6.8,7.3,215.0,1.6,0.39,2300.0,4900.0,2024,0.23494860499265788,149.6,11.788,22.0,Safe
3958,PURI CANAL AT HANSAPAL,ODISHA,16.0,5.9,6.7,130.0,1.4,0.39,130.0,490.0,2024,0.2368866328257191,94.4,1.6880000000000002,6.51,Safe
3959,PURI CANAL AT JAGANNATHPUR,ODISHA,24.0,5.6,6.7,185.0,1.7,0.32,170.0,700.0,2024,0.30303030303030304,134.39999999999998,2.2490000000000006,8.39,Safe
3960,PURI CANAL AT CHANDANPUR,ODISHA,22.0,5.8,6.9,170.0,1.5,0.42,130.0,170.0,2024,0.25817555938037867,127.6,1.3239999999999998,5.06,Safe
2932,"NARMADA MAIN CANAL (BEFORE ENTERING IN
RAJASTHAN STATE), TEHSIL SANCHORE, JALORE, RAJASTHAN",RAJASTHAN,17.0,4.4,7.66,358.0,1.0,2.13,1.8,1.8,2024,0.22675736961451246,74.80000000000001,1.4474,5.58,Safe
2933,"GANG CANAL AT KHAKKA HEAR NEAR HINDUMAL KOT,
GANGANAGAR, RAJASTHAN",RAJASTHAN,18.5,5.3,7.21,210.0,1.0,0.33,6.0,94.0,2024,0.18832391713747648,98.05,0.936,3.25,Safe
2934,MASITAWALA HEAD HANUMANGARH,RAJASTHAN,14.2,5.1,7.31,212.0,1.0,0.32,11.0,70.0,2024,0.19569471624266147,72.41999999999999,0.9095,3.11,Safe
4773,"INDIRA GANDHI FEEDER AT RAJASTHAN BORDER, TEHSIL-
TIBI,",RAJASTHAN,16.0,5.2,7.45,211.0,1.0,0.39,9.0,84.0,2024,0.19193857965451055,83.2,0.9395,3.27,Safe
30022,"INDIRA GANDHI CANAL AT SIRSA HANUMANGARH
(RAJASTHAN)",RAJASTHAN,6.0,6.0,7.4,295.0,1.0,0.7,45.0,1100.0,2024,0.1663893510815308,36.0,2.7475,9.81,Safe
10049,"CHENNAI WATERWAYS AT CAPTAIN COTTON CANAL
(ERUKANJERI)",TAMIL NADU,28.0,0.3,6.58,802.0,10.0,0.3,330.0,1700.0,2024,32.25806451612903,8.4,7.709,18.19,Safe
10054,"CHENNAI WATERWAYS AT BUCKINGHAM CANAL (ICE
HOUSE)",TAMIL NADU,27.0,0.3,6.62,1481.0,16.0,0.32,470.0,2600.0,2024,51.612903225806456,8.1,12.431000000000001,22.49,Safe
1729,"KATAKHAL CANAL AT NEAR PRAGATI VIDYABHAWAN,
AGARTALA, TRIPURA",TRIPURA,26.0,0.3,5.22,395.0,35.0,17.7,780.0,3800.0,2024,112.90322580645162,7.8,21.7,27.7,Moderate
3387,"GILATALI CANAL, WEST TRIPURA",TRIPURA,23.0,5.4,6.74,120.0,1.2,0.8,41.0,150.0,2024,0.22181146025878,124.2,1.0465,3.8,Safe
3388,"PALATANA CANAL AT D/S OF POLLUTION OUTFALL, SOUTH
TRIPURA",TRIPURA,24.0,5.5,6.93,128.0,1.2,0.8,46.0,170.0,2024,0.2177858439201452,132.0,1.1,4.06,Safe
3389,"GHANDHA CHARRA CANAL AT DOMBURNAGAR, DHALAI",TRIPURA,23.0,5.6,6.95,117.0,1.1,0.6,39.0,110.0,2024,0.19607843137254904,128.79999999999998,0.9075,3.1,Safe
3390,"SAMANU CHARRA CANAL AT CHAWMANU, DHALAI",TRIPURA,23.0,5.5,6.89,115.0,1.1,0.6,38.0,110.0,2024,0.19963702359346644,126.5,0.9019999999999999,3.07,Safe
4198,CHANDRAPUR CANAL,TRIPURA,25.0,5.1,7.01,109.0,1.2,0.8,48.0,170.0,2024,0.23483365949119375,127.49999999999999,1.065,3.89,Safe
4199,KATAKHAL CANAL AT KALIKAPUR,TRIPURA,25.5,3.4,6.65,142.0,4.8,1.5,58.0,240.0,2024,1.4076246334310851,86.7,2.471,9.05,Safe
2726,"UPPER GANGA CANAL D/S HARIKIPAURI, RISHIKUL
BRIDGE,HARIDWAR",UTTARAKHAND,15.0,7.4,7.09,153.0,1.2,0.32,70.0,110.0,2024,0.16194331983805668,111.0,1.0,3.57,Safe
3998,"UPPER GANGA CANAL AT LALITA RAO BRIDGE, HARIDWAR",UTTARAKHAND,15.7,7.4,7.02,123.0,1.2,0.49,70.0,110.0,2024,0.16194331983805668,116.18,0.974,3.44,Safe
3999,"UPPER GANGA CANAL AT DAM KOTHI, HARIDWAR",UTTARAKHAND,16.1,7.4,7.05,138.0,1.2,0.44,63.0,84.0,2024,0.16194331983805668,119.14000000000001,0.9445,3.29,Safe
2512,"NOAI CANAL NORTH 24 PARGANAS, NEAR GANGA NAGAR
MOTIBRIDGE",WEST BENGAL,21.0,0.3,6.99,526.0,11.4,0.3,1300000.0,2400000.0,2024,36.774193548387096,6.3,5554.532,82.34,Hazardous
2513,"KHARDA CANAL NORTH 24 PARGANAS, NEAR JAYSHREE
CHEMICAL INDUSTRY",WEST BENGAL,21.5,0.3,6.96,624.0,37.0,0.3,7900000.0,14000000.0,2024,119.35483870967742,6.45,32862.407999999996,100.0,Hazardous
,,,21.0,5.7,7.2,232.0,1.0,0.4,11.0,90.0,2024,0.17513134851138354,119.7,0.9954999999999999,3.55,Safe
4353,"BORE WELL AT MANGARAJU HOUSE,
GAJAPATHINAGARAM VILLAGE, PAYAKARAOPETA (M)",ANDHRA PRADESH,25.0,5.7,7.64,3090.0,2.0,8.48,1.8,1.8,2024,0.3502626970227671,142.5,8.4814,19.03,Safe
4354,"BORE WELL, SRI NOOKATATA TEMPLE RAJAYYAPETA VILLAGE, NAKKAPALLI (M)",ANDHRA PRADESH,26.0,5.7,7.18,1444.0,1.6,1.87,1.8,3.0,2024,0.28021015761821366,148.20000000000002,3.7492,12.16,Safe
4355,"BORE WELL, CHIPPADA (V),
BHEEMUNIPATNAM (M)",ANDHRA PRADESH,26.0,5.7,6.69,790.0,2.0,6.97,1.8,3.0,2024,0.3502626970227671,148.20000000000002,3.5812000000000004,11.8,Safe
4360,"BORE WELL AT IDA, RAMANAYYAPETA, KAKINADA TOWN",ANDHRA PRADESH,27.0,5.7,7.76,960.0,1.1,5.58,1.8,3.0,2024,0.1926444833625219,153.9,3.3732,11.34,Safe
4364,"BORE WALL AT RAJIV GRUHAKALAPA, NEAR AP PAPER MILLS WORKERS COLONY, MALLAYYAPETA, KATHERU, RAJAMAHENDRAVARAM",ANDHRA PRADESH,27.0,5.7,7.31,1007.0,1.3,0.41,1.8,3.0,2024,0.22767075306479861,153.9,2.4932000000000003,9.11,Safe
4376,"BOREWELL WATER , APIIC OFFICE, IDA KONDAPALLI, KONDAPALLI (V),
IBRAHIMPATNAM (M)",ANDHRA PRADESH,22.0,5.7,7.29,7700.0,2.5,3.39,3.0,9.0,2024,0.43782837127845886,125.4,16.846,25.31,Moderate
4377,"BOREWELL AT IMITATION JEWELLARY PARK, MACHILIPTNAM TOWN",ANDHRA PRADESH,26.0,5.7,8.06,7320.0,2.4,3.3,3.0,9.0,2024,0.4203152364273205,148.20000000000002,16.038,24.85,Safe
4380,"BOREWELL WATER , SRI VENKATESWARA SWAMY TEMPLE, VENKATA PALEM (V),
TULLUR (M)",ANDHRA PRADESH,22.0,5.7,7.19,758.0,1.6,0.85,3.0,9.0,2024,0.28021015761821366,125.4,2.184,8.19,Safe
4382,"BOREWELL AT PEDAKAKANI POLICE STATION, AUTONAGAR, PEDAKAKANI (V
& M)",ANDHRA PRADESH,24.0,5.7,7.51,4210.0,2.2,5.1,3.0,14.0,2024,0.3852889667250438,136.8,10.1255,20.62,Safe
4384,"BOREWELL IN FRONT OF M/S BHAGEERADHA CHEMICALS & INDUSTRIES LTD, CHERUVUKOMMUPALEM (V),
ONGOLE (M)",ANDHRA PRADESH,23.0,5.7,7.7,8943.0,2.6,9.6,3.0,11.0,2024,0.45534150612959723,131.1,20.607000000000003,27.21,Moderate
4392,"BOREWELL NEAR SRI GOVINDARAJA
SWAMY TEMPLE, TIRUPATI TOWN",ANDHRA PRADESH,26.0,5.7,7.0,883.0,1.0,4.41,1.8,5.0,2024,0.17513134851138354,148.20000000000002,2.9582,10.35,Safe
4393,"CLOSED MSW DUMPSITE, UKKAYAPALLI
(V), KADAPA (M)",ANDHRA PRADESH,26.0,5.7,7.0,2082.0,1.0,6.69,1.8,4.0,2024,0.17513134851138354,148.20000000000002,5.810700000000001,15.74,Safe
4394,"BOREWELL AT APIIC OFFICE INDUSTRIAL ESTATE GROWTH CENTRE, THUMAKUNTA (V), HINDUPUR (M)",ANDHRA PRADESH,20.0,5.7,6.9,3964.0,1.0,1.7,1.8,6.0,2024,0.17513134851138354,114.0,8.579700000000003,19.13,Safe
4395,"BOREWELL AT APIIC OFFICE INDUSTRIAL ESTATE, ANANTAPUR(M)",ANDHRA PRADESH,20.0,5.7,7.1,2710.0,1.0,5.02,1.8,2.0,2024,0.17513134851138354,114.0,6.729700000000001,17.0,Safe
STN Code,Monitoring Location,State Name,21.0,5.7,7.2,232.0,1.0,0.4,11.0,90.0,2024,0.17513134851138354,119.7,0.9954999999999999,3.55,Safe
1533,"GROUND WATER AT DIGBOI, TINSUKIA
DISTT., ASSAM",ASSAM,18.0,5.7,7.0,232.0,2.0,0.8,1.8,1.8,2024,0.3502626970227671,102.60000000000001,1.2293999999999998,4.65,Safe
1534,"GROUND WATER AT KARBI ANGLONG
TOWN, ASSAM",ASSAM,25.0,5.7,7.0,242.0,1.9,0.8,1.8,1.8,2024,0.3327495621716287,142.5,1.2193999999999998,4.61,Safe
1535,"GROUND WATER AT SIVASAGAR GOVT ME SCHOOL WARD 6, RED CROSS ROAD ,
ASSAM",ASSAM,23.0,5.7,7.5,284.0,1.8,0.9,1.8,1.8,2024,0.3152364273204904,131.1,1.2933999999999999,4.93,Safe
1536,GROUND WATER FROM NEAR BPMS H.S. SCHOOL SONARI TOWN DIST CHARAIDEO,ASSAM,25.0,5.7,7.0,345.0,1.7,0.9,1.8,1.8,2024,0.29772329246935203,142.5,1.3854,5.32,Safe
1537,"GROUND WATER FROM JORHAT TOWN,
ASSAM",ASSAM,20.0,5.7,7.0,294.0,1.9,0.9,1.8,1.8,2024,0.3327495621716287,114.0,1.3434,5.15,Safe
1538,"GROUND WATER FROM SILCHAR TOWN ,
ASSAM",ASSAM,23.0,5.7,6.4,138.0,2.4,0.8,1.8,1.8,2024,0.4203152364273205,131.1,1.1613999999999998,4.34,Safe
1539,"GROUND WATER FROM BARPETA TOWN,
ASSAM",ASSAM,26.0,5.7,7.1,218.0,1.9,0.9,1.8,1.8,2024,0.3327495621716287,148.20000000000002,1.1913999999999998,4.48,Safe
1540,"GROUND WATER FROM BONAIGAON
TOWN, ASSAM",ASSAM,29.0,5.7,7.0,302.0,1.8,0.9,1.8,1.8,2024,0.3152364273204904,165.3,1.3294000000000001,5.09,Safe
1541,"GROUND WATER FROM NOONMATI
GUWAHATI, ASSAM",ASSAM,24.0,5.7,6.9,328.0,2.0,1.0,1.8,1.8,2024,0.3502626970227671,136.8,1.4613999999999998,5.63,Safe
1542,"GROUND WATER FROM SIJUBARI MAZAR, NATBOMA HATIGAON,
GUWAHATI",ASSAM,23.0,5.7,6.6,360.0,2.2,0.8,1.8,1.8,2024,0.3852889667250438,131.1,1.5453999999999999,5.97,Safe
2243,"GROUND WATER FROM LEDO,
MARGHERITA, ASSAM",ASSAM,18.0,5.7,7.6,240.0,2.2,1.0,1.8,1.8,2024,0.3852889667250438,102.60000000000001,1.3454,5.15,Safe
2244,"GROUND WATER FROM NAZIRA, ASSAM",ASSAM,25.0,5.7,7.1,330.0,1.8,0.9,1.8,1.8,2024,0.3152364273204904,142.5,1.3854,5.32,Safe
2245,"GROUND WATER FROM NUMALIGARH (NEAR NRL TE LABOR COLONY), ASSAM",ASSAM,22.0,5.7,6.9,186.0,2.0,0.8,1.8,1.8,2024,0.3502626970227671,125.4,1.1374,4.23,Safe
2246,"GROUND WATER FROM SEMENCHAPARI,
ASSAM",ASSAM,25.0,5.7,7.1,292.0,2.2,1.0,1.8,1.8,2024,0.3852889667250438,142.5,1.4493999999999998,5.59,Safe
2247,"GROUND WATER FROM SILAPATHAR,
ASSAM",ASSAM,26.0,5.7,7.0,262.0,2.0,1.0,1.8,1.8,2024,0.3502626970227671,148.20000000000002,1.3294,5.09,Safe
2248,"GROUND WATER FROM LAKHIMPUR
TOWN, ASSAM",ASSAM,25.0,5.7,7.2,240.0,2.0,0.8,1.8,1.8,2024,0.3502626970227671,142.5,1.2453999999999998,4.72,Safe
2249,"GROUND WATER FROM TEZPUR
(MISSION CHARIALI), ASSAM",ASSAM,26.0,5.7,6.8,254.0,2.1,0.9,1.8,1.8,2024,0.36777583187390545,148.20000000000002,1.3234,5.06,Safe
2250,"GROUND WATER FROM NAGAON
(PANIGAON), ASSAM",ASSAM,25.0,5.7,7.1,290.0,2.0,1.0,1.8,1.8,2024,0.3502626970227671,142.5,1.3853999999999997,5.32,Safe
2251,"GROUND WATER FROM JAGIROAD NEAR
HPC EFFLUENT DISCHARGE POINT, ASSAM",ASSAM,25.0,5.7,6.8,360.0,2.0,1.2,1.8,1.8,2024,0.3502626970227671,142.5,1.5654,6.04,Safe
2252,"GROUND WATER NEAR MSW DUMPING SITE AT GARCHUK-GUWAHATI, ASSAM",ASSAM,25.0,5.7,6.7,350.0,2.0,1.4,1.8,1.8,2024,0.3502626970227671,142.5,1.5854,6.12,Safe
2253,"GROUND WATER FROM NALBARI, ASSAM",ASSAM,24.0,5.7,7.0,208.0,2.0,0.8,1.8,1.8,2024,0.3502626970227671,136.8,1.1814,4.43,Safe
2254,"GROUND WATER FROM BARPETA
ROAD(RLY STATION), ASSAM",ASSAM,23.0,5.7,6.9,228.0,1.8,0.9,1.8,1.8,2024,0.3152364273204904,131.1,1.1814,4.43,Safe
2255,"GROUND WATER NEAR BPRL,
DHALIGAON, ASSAM",ASSAM,25.0,5.7,6.9,318.0,1.8,1.0,1.8,1.8,2024,0.3152364273204904,142.5,1.3814,5.31,Safe
2256,"GROUND WATER FROM KOKRAJHAR
DISTRICT (HS SCHOOL ), ASSAM",ASSAM,25.0,5.7,7.0,302.0,1.8,1.0,1.8,1.8,2024,0.3152364273204904,142.5,1.3494,5.17,Safe
2257,"GROUND WATER FROM DHUBRI DISTRICT
(COLLEGE NAGAR ), ASSAM",ASSAM,23.0,5.7,7.0,296.0,1.8,0.8,1.8,1.8,2024,0.3152364273204904,131.1,1.2973999999999999,4.95,Safe
2258,"GROUND WATER FROM GOALPARA DIST.
(GOALPARA COLLEGE ), ASSAM",ASSAM,25.0,5.7,6.9,334.0,1.8,0.8,1.8,1.8,2024,0.3152364273204904,142.5,1.3734,5.27,Safe
2259,"GROUND WATER FROM DIPHU (GOVT.
COLLEGE), ASSAM",ASSAM,26.0,5.7,7.0,240.0,2.0,1.0,1.8,1.8,2024,0.3502626970227671,148.20000000000002,1.2853999999999999,4.9,Safe
2260,"GROUND WATER FROM HAMREN,
ASSAM",ASSAM,22.0,5.7,7.0,240.0,2.2,0.9,1.8,1.8,2024,0.3852889667250438,125.4,1.3254,5.07,Safe
2261,"GROUND WATER FROM HAFLONG,
ASSAM",ASSAM,21.0,5.7,7.0,158.0,2.4,0.9,1.8,1.8,2024,0.4203152364273205,119.7,1.2214,4.61,Safe
2262,"GROUND WATER FROM KARIMGANJ
(COLLEGE), ASSAM",ASSAM,22.0,5.7,6.7,112.0,2.3,0.7,1.8,1.8,2024,0.4028021015761821,125.4,1.0594,3.86,Safe
2263,"GROUND WATER FROM HIALAKANDI
(NEAR ASTC BUS STAND ), ASSAM",ASSAM,22.0,5.7,6.4,176.0,2.1,0.7,1.8,1.8,2024,0.36777583187390545,125.4,1.1274,4.19,Safe
2264,"GROUND WATER IN PANCHGRAM MARKET NEAR CACHAR PAPER MILL,
ASSAM",ASSAM,22.0,5.7,6.5,156.0,2.8,0.7,1.8,1.8,2024,0.49036777583187385,125.4,1.2973999999999999,4.95,Safe
3761,"GROUND WATER FROM BISWANATH
CHARIALI TOWN",ASSAM,24.0,5.7,7.0,230.0,2.0,1.1,1.8,1.8,2024,0.3502626970227671,136.8,1.2853999999999999,4.9,Safe
3762,"GROUND WATER NEAR MUNICIPAL
WASTE PROCESSING FACILITY, MORABHARLI, TEZPUR",ASSAM,26.0,5.7,6.8,220.0,2.0,0.8,1.8,1.8,2024,0.3502626970227671,148.20000000000002,1.2054,4.54,Safe
3766,"GROUND WATER FROM MANGALDOI
TOWN",ASSAM,23.0,5.7,6.8,196.0,2.1,0.9,1.8,1.8,2024,0.36777583187390545,131.1,1.2073999999999998,4.55,Safe
3770,"GROUND WATER NEAR GARMUR
RECREATION GROUND, JORHAT",ASSAM,19.0,5.7,7.0,190.0,1.8,0.9,1.8,1.8,2024,0.3152364273204904,108.3,1.1054,4.08,Safe
3771,"GROUND WATER FROM TITABAR URBAN
WATER SUPPLY, TITABAR",ASSAM,19.0,5.7,7.2,228.0,1.8,1.0,1.8,1.8,2024,0.3152364273204904,108.3,1.2013999999999998,4.52,Safe
3779,"GROUND WATER FROM GARMUR,
MAJULI",ASSAM,20.0,5.7,7.3,230.0,2.0,1.0,1.8,1.8,2024,0.3502626970227671,114.0,1.2653999999999999,4.81,Safe
3782,"GROUND WATER FROM NIZ KODOMONI PWSS COMPLEX, DIBRUGARH",ASSAM,21.0,5.7,7.2,296.0,2.3,1.0,1.8,1.8,2024,0.4028021015761821,119.7,1.4873999999999996,5.74,Safe
3785,"GROUND WATER FROM BORBEEL NO. 1 ,
RAM NAGAR, DIGBOI, PUBLIC WATER SUPPLY, TINSUKIA",ASSAM,18.0,5.7,7.1,258.0,2.1,1.0,1.8,1.8,2024,0.36777583187390545,102.60000000000001,1.3514,5.18,Safe
3790,"GROUND WATER NEAR GOGAMUKH PUBLIC WATER SUPPLY SCHEME,
GOGAMUKH, DHEMAJI",ASSAM,26.0,5.7,7.0,210.0,1.9,1.0,1.8,1.8,2024,0.3327495621716287,148.20000000000002,1.1953999999999998,4.5,Safe
3793,"TUBE WELL AT R/O SRI TANKESWAR DAS, RUPJYOTI COLONY (NAGABALI) MUNICIPALITY DUMPING SITE,
GOLAGHAT",ASSAM,21.0,5.7,6.8,232.0,2.0,0.9,1.8,1.8,2024,0.3502626970227671,119.7,1.2493999999999998,4.74,Safe
3794,"TUBE WELL AT R/O SRI ANIL BAORA AT BOSAGAON NEAR BY THE ATHKHALIA, NAMGHAR, PO: PULIKAITONI",ASSAM,23.0,5.7,7.0,258.0,2.1,1.0,1.8,1.8,2024,0.36777583187390545,131.1,1.3514,5.18,Safe
3795,"TUBE WELL OF WOKHA GORONGA GIRLS
ME SCHOOL, GOROUNGA TINIALI, FURKATING",ASSAM,23.0,5.7,7.2,300.0,2.0,0.7,1.8,1.8,2024,0.3502626970227671,131.1,1.3454,5.15,Safe
3801,"GROUND WATER FROM MEHEPUR TRENCHING GROUND, MEHERPUR,
CACHAR",ASSAM,21.0,5.7,6.8,228.0,2.1,0.8,1.8,1.8,2024,0.36777583187390545,119.7,1.2513999999999998,4.75,Safe
3802,"GROUND WATER FROM MEHEPUR NEAR A CLUSTER OF NURSING HOME & DIAGNOSTIC CENTRE, MEHERPUR,
CACHAR",ASSAM,21.0,5.7,6.8,296.0,2.2,0.8,1.8,1.8,2024,0.3852889667250438,119.7,1.4173999999999998,5.45,Safe
3805,"GROUND WATER NEAR BADARPUR INDUSTRIAL AREA AT BADARPUR GHAT,
KARIMGANJ",ASSAM,22.0,5.7,6.4,150.0,2.4,1.0,1.8,1.8,2024,0.4203152364273205,125.4,1.2253999999999998,4.63,Safe
3813,"GROUND WATER FROM BONDA,
GUWAHATI",ASSAM,24.0,5.7,7.2,260.0,2.0,1.0,1.8,1.8,2024,0.3502626970227671,136.8,1.3254,5.07,Safe
3815,"GROUND WATER FROM KHANAPARA,
GUWAHATI",ASSAM,23.0,5.7,6.8,210.0,2.1,1.0,1.8,1.8,2024,0.36777583187390545,131.1,1.2553999999999998,4.77,Safe
3816,"GROUND WATER FROM BASISTHA,
GUWAHATI",ASSAM,24.0,5.7,7.2,192.0,2.1,1.0,1.8,1.8,2024,0.36777583187390545,136.8,1.2193999999999998,4.61,Safe
3817,"GROUND WATER FROM KAHILIPARA,
GUWAHATI",ASSAM,26.0,5.7,7.0,308.0,2.0,0.8,1.8,1.8,2024,0.3502626970227671,148.20000000000002,1.3814,5.31,Safe
3818,"GROUND WATER FROM MALIGAON,
GUWAHATI",ASSAM,24.0,5.7,6.5,190.0,2.2,0.9,1.8,1.8,2024,0.3852889667250438,136.8,1.2254,4.63,Safe
4001,GROUND WATER FROM PANJABARI,ASSAM,23.0,5.7,7.0,230.0,2.0,0.9,1.8,1.8,2024,0.3502626970227671,131.1,1.2453999999999998,4.72,Safe
4002,GROUND WATER FROM SANTIPUR,ASSAM,25.0,5.7,6.8,216.0,2.1,1.0,1.8,1.8,2024,0.36777583187390545,142.5,1.2673999999999999,4.82,Safe
4003,"GROUND WATER FROM TEZPUR
COLLEGIATE HIGH SCHOOL",ASSAM,26.0,5.7,7.0,180.0,2.2,1.0,1.8,1.8,2024,0.3852889667250438,148.20000000000002,1.2254,4.63,Safe
4007,GROUND WATER FROM LAKWAH,ASSAM,20.0,5.7,7.6,240.0,1.8,0.9,1.8,1.8,2024,0.3152364273204904,114.0,1.2054,4.54,Safe
4008,GROUND WATER FROM GELEKY,ASSAM,25.0,5.7,7.1,246.0,1.8,0.9,1.8,1.8,2024,0.3152364273204904,142.5,1.2174,4.6,Safe
4303,GROUND WATER FROM SATGAON,ASSAM,25.0,5.7,6.9,286.0,2.1,0.9,1.8,1.8,2024,0.36777583187390545,142.5,1.3874,5.33,Safe
4327,"GROUND WATER FROM RAILWAY
STATION ROAD, ROWTA",ASSAM,24.0,5.7,6.8,194.0,2.1,1.0,1.8,1.8,2024,0.36777583187390545,136.8,1.2233999999999998,4.62,Safe
4328,"GROUND WATER BESIDE MSW DUMPING
SITE, DHEKIAJULI",ASSAM,24.0,5.7,6.6,212.0,2.0,0.9,1.8,1.8,2024,0.3502626970227671,136.8,1.2094,4.56,Safe
4330,"GROUND WATER NEAR PANGRAM STONE
CRASHER CLUSTER",ASSAM,23.0,5.7,6.8,156.0,2.6,0.9,1.8,1.8,2024,0.45534150612959723,131.1,1.2774,4.86,Safe
4333,"GROUND WATER FROM DEMOW WATER
SUPPLY DEMOW TOWN",ASSAM,21.0,5.7,7.5,240.0,1.6,0.9,1.8,1.8,2024,0.28021015761821366,119.7,1.1454,4.27,Safe
4335,"GROUND WATER FROM AMGURI,
AMGURI TOWN",ASSAM,20.0,5.7,7.2,226.0,1.7,0.8,1.8,1.8,2024,0.29772329246935203,114.0,1.1273999999999997,4.19,Safe
4338,"GROUND WATER FORM TENGA PUKHURI KUKURACHOWA WATER SUPPLY TENGA
PUKHURI",ASSAM,20.0,5.7,7.0,272.0,1.8,0.9,1.8,1.8,2024,0.3152364273204904,114.0,1.2694,4.83,Safe
4339,"GROUND WATER NEAR NAGAON TOWN PIPE WATER SUPPLY SCHEME(Z-111),
NAGAON",ASSAM,25.0,5.7,7.0,204.0,2.0,0.8,1.8,1.8,2024,0.3502626970227671,142.5,1.1734,4.4,Safe
4340,"GROUND WATER FROM NAGAON
COLLEGE, NAGAON",ASSAM,23.0,5.7,6.8,210.0,2.0,1.0,1.8,1.8,2024,0.3502626970227671,131.1,1.2254,4.63,Safe
5143,"GROUND WATER FROM DHEKIAJULI
TOWN NIJARAPAR)P.O.DHEKIAJULI",ASSAM,24.0,5.7,6.6,210.0,2.1,1.2,1.8,1.8,2024,0.36777583187390545,136.8,1.2953999999999999,4.94,Safe
1826,"BORE WELL WATER AT BHOOTNATH
ROAD WATER TANK SEC-3, KANKARBAGH,PATNA",BIHAR,21.0,5.7,7.11,410.0,1.0,0.3,1.8,1.8,2024,0.17513134851138354,119.7,1.1853999999999998,4.45,Safe
1827,"TAP WATER COMING FROM OVER HEAD
TANK PMCH CAMPUS, PATNA",BIHAR,21.0,5.7,7.15,471.0,1.0,0.37,1.8,1.8,2024,0.17513134851138354,119.7,1.3214,5.05,Safe
1828,"BORE WELL WATER IN CAMPUS OF PATNA WATER BOARD HEAD OFFICE,
NEAR HIGH COURT, PATNA",BIHAR,24.0,5.7,7.64,513.0,1.0,0.61,1.8,1.8,2024,0.17513134851138354,136.8,1.4533999999999998,5.6,Safe
1829,"BORE WELL WATER FROM IGIMS
CAMPUS, PATNA",BIHAR,20.0,5.7,7.04,436.0,1.0,0.3,1.8,1.8,2024,0.17513134851138354,114.0,1.2374,4.69,Safe
1830,"BORE WELL WATER (PHED PUMP HOUSE) SADAR HOSPITAL CAMPUS,
MUZAFFARPUR",BIHAR,22.0,5.7,7.02,855.0,1.0,0.3,1.8,1.8,2024,0.17513134851138354,125.4,2.0754,7.85,Safe
1831,"BORE WELL WATER MMC PUMP HOUSE BRAHMPURA NAKA, MUZAFFARPUR",BIHAR,22.0,5.7,7.38,286.0,1.0,0.59,1.8,1.8,2024,0.17513134851138354,125.4,0.9954000000000001,3.55,Safe
1832,"TAP WATER IN CAMPUS OF KALI
ASTHAN, BISHANPUR, BEGUSARAI",BIHAR,20.0,5.7,6.91,524.0,1.0,0.3,1.8,1.8,2024,0.17513134851138354,114.0,1.4133999999999998,5.44,Safe
1833,"GROUND WATER NEAR TAP WATER IN CAMPUS OF S.P OFFICE, POKHARIA,
BEGUSARAI",BIHAR,20.0,5.7,7.02,567.0,1.0,0.3,1.8,1.8,2024,0.17513134851138354,114.0,1.4994,5.79,Safe
1834,"HAND PUMP WATER NEAR GOVT.
HOSPITAL, PURNEA",BIHAR,20.0,5.7,6.65,699.0,1.0,0.3,1.8,1.8,2024,0.17513134851138354,114.0,1.7633999999999999,6.78,Safe
1835,"HAND PUMP WATER NEAR  LOWER
COURT LOWER COURT, PURNEA",BIHAR,19.0,5.7,6.98,428.0,1.0,0.3,1.8,1.8,2024,0.17513134851138354,108.3,1.2214,4.61,Safe
1836,"HAND PUMP WATER NEAR BUS STAND TILKA MANJHI CHOWK, BHAGALPUR",BIHAR,20.0,5.7,7.15,620.0,1.0,0.33,1.8,1.8,2024,0.17513134851138354,114.0,1.6114000000000002,6.22,Safe
1837,"GROUND WATER FROM RAILWAY
STATION, BHAGALPUR",BIHAR,21.0,5.7,7.09,884.0,1.0,2.82,1.8,1.8,2024,0.17513134851138354,119.7,2.6373999999999995,9.51,Safe
1838,"GROUND WATER FROM TAP WATER NEAR VEER KUWAR SINGH CHOWK,
MUNGER",BIHAR,23.0,5.7,6.96,1070.0,1.0,1.69,1.8,1.8,2024,0.17513134851138354,131.1,2.7834,9.9,Safe
1839,"HAND PUMP WATER IN CAMPUS OF
KASTURBA WATER WORKS, MUNGER",BIHAR,22.0,5.7,7.05,305.0,1.0,0.3,1.8,1.8,2024,0.17513134851138354,125.4,0.9754,3.45,Safe
1840,"TAP WATER PHED PUMP HOUSE MAIN
ROAD, MOTIHARI",BIHAR,27.0,5.7,7.15,546.0,1.0,0.3,11.0,90.0,2024,0.17513134851138354,153.9,1.6035,6.19,Safe
1841,"GROUNDWATER WATER FROM T. MODAL INTER SCHOOL, G.B ROAD, GAYA",BIHAR,20.0,5.7,7.13,720.0,1.0,0.3,1.8,1.8,2024,0.17513134851138354,114.0,1.8054000000000001,6.93,Safe
1842,"BOREWELL WATER DANDIBAGH WATER
WORKS, PHED, GAYA",BIHAR,31.0,5.7,7.08,512.0,1.0,3.7,1.8,1.8,2024,0.17513134851138354,176.70000000000002,2.0694,7.83,Safe
1843,"SUPPLY WATER  NEAR BUS STAND,
RAJGIR",BIHAR,20.0,5.7,7.6,410.0,1.0,0.3,1.8,1.8,2024,0.17513134851138354,114.0,1.1853999999999998,4.45,Safe
1844,"BORE WELL WATER NEAR
COMMISSIONARY OFFICE, CHAPRA",BIHAR,26.0,5.7,7.08,832.0,1.0,2.3,1.8,1.8,2024,0.17513134851138354,148.20000000000002,2.4294000000000002,8.93,Safe
2576,"HAND PUMP WATER AT CIVIL COURT,
AURANGABAD",BIHAR,25.0,5.7,7.07,1377.0,1.1,4.02,1.8,1.8,2024,0.1926444833625219,142.5,3.8933999999999997,12.46,Safe
2577,"HAND PUMP WATER AT COURT
CAMPOUND, ARARIA",BIHAR,22.0,5.7,6.83,486.0,1.0,0.3,1.8,1.8,2024,0.17513134851138354,125.4,1.3374,5.12,Safe
2578,"HAND PUMP WATER AT SARDAR PATEL
BUS STAND, ARA, BHOJPUR",BIHAR,21.0,5.7,7.05,844.0,1.0,0.54,1.8,1.8,2024,0.17513134851138354,119.7,2.1014,7.93,Safe
2579,"TUBE WELL WATER AT COLLECTRIATE
CAMPUS, BUXAR",BIHAR,22.0,5.7,7.05,553.0,1.0,2.29,1.8,1.8,2024,0.17513134851138354,125.4,1.8694,7.16,Safe
2580,"HAND PUMP WATER FROM NAGAR
PARISHAD OFFICE, BHABHUA",BIHAR,27.0,5.7,6.69,611.0,1.0,0.3,1.8,1.8,2024,0.17513134851138354,153.9,1.5874000000000001,6.13,Safe
2581,"HAND PUMP WATER AT KILA GATE NEAR RAMBAGH MITHILA UNIVERSITY,
DARBHANGA",BIHAR,23.0,5.7,7.64,484.0,1.0,0.3,1.8,1.8,2024,0.17513134851138354,131.1,1.3333999999999997,5.1,Safe
2582,"HAND PUMP WATER AT DARBHANGA BUS STAND, DARBHANGA",BIHAR,26.0,5.7,7.62,402.0,1.0,0.32,1.8,1.8,2024,0.17513134851138354,148.20000000000002,1.1733999999999998,4.4,Safe
2583,"HAND PUMP WATER AT BUS STAND,
GOPALGANJ",BIHAR,26.0,5.7,7.01,768.0,1.0,0.45,1.8,1.8,2024,0.17513134851138354,148.20000000000002,1.9314,7.37,Safe
2584,"HAND PUMP WATER AT THAWAY
MANDIR CAMPUS, GOPALGANJ",BIHAR,27.0,5.7,7.13,820.0,1.0,0.71,1.8,1.8,2024,0.17513134851138354,153.9,2.0873999999999997,7.88,Safe
2585,"TAP WATER NEAR PANI TANKI AT
JEHANABAD COURT, JEHANABAD",BIHAR,20.0,5.7,7.05,702.0,1.0,0.5,1.8,1.8,2024,0.17513134851138354,114.0,1.8093999999999997,6.95,Safe
2586,"HAND PUMP WATER AT BUS STAND,
KATIHAR",BIHAR,19.0,5.7,6.57,443.0,1.0,0.3,1.8,1.8,2024,0.17513134851138354,108.3,1.2513999999999998,4.75,Safe
2587,"HAND PUMP WATER NEAR SADAR
HOSPITAL, KHAGARIA",BIHAR,21.0,5.7,6.88,898.0,1.0,0.4,1.8,1.8,2024,0.17513134851138354,119.7,2.1814,8.18,Safe
2588,"HAND PUMP WATER AT D.M OFFICE,
KISHANGANJ",BIHAR,22.0,5.7,6.77,415.0,1.0,0.64,1.8,1.8,2024,0.17513134851138354,125.4,1.2633999999999999,4.8,Safe
2589,"HAND PUMP WATER NEAR D.M OFFICE,
MADHEPURA",BIHAR,20.0,5.7,7.09,705.0,1.0,0.3,1.8,1.8,2024,0.17513134851138354,114.0,1.7753999999999999,6.83,Safe
2590,"HAND PUMP WATER AT COLLECTRIATE
OFFICE, MADHUBANI",BIHAR,24.0,5.7,7.52,535.0,1.0,0.3,1.8,1.8,2024,0.17513134851138354,136.8,1.4354,5.53,Safe
2591,"TAP WATER INSIDE THE CAMPUS OF GOVERNMENT TOURIST CAFETERIA,
NALANDA",BIHAR,21.0,5.7,7.05,507.0,1.0,1.39,1.8,23.0,2024,0.17513134851138354,119.7,1.6292,6.29,Safe
2592,"HAND WATER AT CIVIL COURT BIHAR
SHARIF, NALANDA",BIHAR,20.0,5.7,7.09,941.0,1.0,5.64,1.8,1.8,2024,0.17513134851138354,114.0,3.3154,11.21,Safe
2593,"HANDPUMP WATER AT COLLECTRIATE
CAMPUS,NAWADAH",BIHAR,19.0,5.7,7.02,571.0,1.0,0.5,1.8,1.8,2024,0.17513134851138354,108.3,1.5474,5.97,Safe
2594,"HAND PUMP WATER NEAR SADAR
HOSPITAL,SAHARSA",BIHAR,19.0,5.7,6.73,886.0,1.0,0.3,1.8,1.8,2024,0.17513134851138354,108.3,2.1374,8.04,Safe
2595,"GROUND WATER FROM  COLLECTRIATE CAMPUS ,SAMASTIPUR",BIHAR,29.0,5.7,7.38,821.0,1.0,0.3,1.8,1.8,2024,0.17513134851138354,165.3,2.0074,7.62,Safe
2596,"GROUND WATER FROM SRI RAM JANKI
MANDIR, SITAMARHI",BIHAR,22.0,5.7,7.16,398.0,1.0,0.3,1.8,1.8,2024,0.17513134851138354,125.4,1.1614,4.34,Safe
2597,"GROUND WATER AT COLLECTRIATE
CAMPUS, SIWAN",BIHAR,27.0,5.7,7.09,650.0,1.0,0.3,1.8,1.8,2024,0.17513134851138354,153.9,1.6654,6.42,Safe
2598,"BOREWELL WATER NEAR DHARMSHALA
SASARAM, ROHTAS",BIHAR,24.0,5.7,6.64,354.0,1.0,0.3,1.8,1.8,2024,0.17513134851138354,136.8,1.0734,3.93,Safe
2599,"GROUND WATER BUS STAND SASARAM,
ROHTAS",BIHAR,25.0,5.7,6.89,678.0,1.0,0.8,1.8,1.8,2024,0.17513134851138354,142.5,1.8214,6.99,Safe
2600,"GROUND WATER AT RAILWAY STATION CAMPUS,HAJIPUR AT VAISHALI",BIHAR,21.0,5.7,7.36,761.0,1.0,0.3,1.8,1.8,2024,0.17513134851138354,119.7,1.8874,7.22,Safe
3138,"GROUND WATER FROM ARA NEAR
RAILWAY STATION, ARA",BIHAR,21.0,5.7,7.08,537.0,1.0,0.3,1.8,1.8,2024,0.17513134851138354,119.7,1.4394,5.54,Safe
3139,"GROUND WATER NEAR BUS STAND
ARARIA",BIHAR,22.0,5.7,6.89,489.0,1.0,0.3,1.8,1.8,2024,0.17513134851138354,125.4,1.3434,5.15,Safe
3140,"GROUND WATER AT RAILWAY SATION,
BETTIAH",BIHAR,23.0,5.7,7.02,462.0,1.0,0.3,1.8,1.8,2024,0.17513134851138354,131.1,1.2893999999999999,4.91,Safe
3141,"GROUND WATER AT LORD BUDDHA
TEMPLE OUTSIDE MAIN TEMPLE,BODHGAYA",BIHAR,21.0,5.7,7.02,676.0,1.0,0.3,1.8,1.8,2024,0.17513134851138354,119.7,1.7174,6.62,Safe
3142,"GROUND WATER FROMN BUS STAND
CHOWK,BIKRAMGANJ",BIHAR,28.0,5.7,6.91,534.0,1.0,2.5,1.8,1.8,2024,0.17513134851138354,159.6,1.8734,7.17,Safe
3143,"GROUND WATER FROM BAGAHA BAZAR
BAGAHA",BIHAR,18.0,5.7,6.93,726.0,1.0,0.3,1.8,13.0,2024,0.17513134851138354,102.60000000000001,1.8341999999999998,7.03,Safe
3144,"GROUND WATER NEAR ANS
COLLEGE,BARH",BIHAR,21.0,5.7,7.01,688.0,1.0,0.3,1.8,1.8,2024,0.17513134851138354,119.7,1.7414,6.7,Safe
3145,"GROUND WATER NEAR MUFFASIL THANA
MORE,DEHRI ON SONE",BIHAR,27.0,5.7,6.52,598.0,1.0,6.3,1.8,1.8,2024,0.17513134851138354,153.9,2.7614,9.85,Safe
3146,"GROUND WATER FROM DUMRAON,PANI
TANKI (PHED)",BIHAR,22.0,5.7,7.13,640.0,1.0,0.3,1.8,1.8,2024,0.17513134851138354,125.4,1.6454,6.35,Safe
3147,"GROUND WATER FROM JAYNAGAR
RAILWAY STATION ,JAYNAGAR",BIHAR,23.0,5.7,7.58,555.0,1.0,0.3,1.8,1.8,2024,0.17513134851138354,131.1,1.4754,5.69,Safe
3148,"GROUND WATER FROM JAMALPUR
POLICE STATION, JAMALPUR",BIHAR,23.0,5.7,6.82,916.0,1.0,0.89,1.8,1.8,2024,0.17513134851138354,131.1,2.3154,8.59,Safe
3149,"GROUND WATER FROM KUDRA RAILWAY
STATION, KAIMUR",BIHAR,27.0,5.7,7.03,565.0,1.0,0.3,1.8,1.8,2024,0.17513134851138354,153.9,1.4954,5.77,Safe
3150,"GROUND WATER AT MAIN ROAD NEAR
KALI MANIR,MANER",BIHAR,20.0,5.7,7.02,811.0,1.0,0.86,1.8,1.8,2024,0.17513134851138354,114.0,2.0993999999999997,7.92,Safe
3151,"GROUND WATER FROM GOVT. GUEST
HOUSE MOHANIA",BIHAR,22.0,5.7,6.84,655.0,1.0,0.5,1.8,1.8,2024,0.17513134851138354,125.4,1.7153999999999998,6.61,Safe
3152,"GROUND WATER FROM OLD BUS
STAND,NARKATIAGANJ",BIHAR,18.0,5.7,7.05,267.0,1.0,0.3,22000.0,28000.0,2024,0.17513134851138354,102.60000000000001,75.894,39.82,Moderate
3153,"GROUND WATER NEAR CHURCH HIGH
SCHOOL,PIRO",BIHAR,28.0,5.7,6.86,745.0,1.0,0.3,1.8,1.8,2024,0.17513134851138354,159.6,1.8554,7.11,Safe
3154,GROUND WATER FROM RAMKUND GAYA,BIHAR,19.0,5.7,7.12,676.0,1.0,0.5,4.5,7.8,2024,0.17513134851138354,108.3,1.7704500000000003,6.81,Safe
3155,"GROUND WATER FROM SUPUAL BUS
STAND, SUPAUL",BIHAR,19.0,5.7,7.01,924.0,1.0,0.39,1.8,1.8,2024,0.17513134851138354,108.3,2.2314,8.34,Safe
3156,"GROUND WATER FROM SAMASTIPUR BUS STAND,SAMASTIPUR",BIHAR,29.0,5.7,7.46,1240.0,1.0,1.9,1.8,1.8,2024,0.17513134851138354,165.3,3.1654,10.86,Safe
3157,"GROUND WATER FROM  J.P. PARK
CHOWK ,SULTANGANJ",BIHAR,18.0,5.7,6.96,710.0,1.0,0.3,1.8,1.8,2024,0.17513134851138354,102.60000000000001,1.7853999999999997,6.86,Safe
3158,"GROUND WATER NEAR GOVT. HOSPITAL,
SHERGHATI",BIHAR,20.0,5.7,7.02,741.0,1.0,2.5,1.8,1.8,2024,0.17513134851138354,114.0,2.2874,8.51,Safe
3159,"GROUND WATER FROM RAJKIYA HIGH
SCHOOL ,SHAHPUR",BIHAR,20.0,5.7,7.15,845.0,1.0,1.68,1.8,1.8,2024,0.17513134851138354,114.0,2.3314,8.64,Safe
3160,"GROUND WATER FROM RAXAUL BUS
STAND RAXAUL",BIHAR,24.0,5.7,6.78,309.0,1.0,0.3,1.8,1.8,2024,0.17513134851138354,136.8,0.9834,3.49,Safe
3161,"GROUND WATER NEAR BUS STAND
KATIHAR",BIHAR,19.0,5.7,6.99,883.0,1.0,1.49,1.8,1.8,2024,0.17513134851138354,108.3,2.3693999999999997,8.75,Safe
3162,"GROUND WATER NEAR VAISHALI BLOCK OFFICE,AT HAJIPUR, VAISHALI",BIHAR,20.0,5.7,7.43,939.0,1.0,0.3,11.0,90.0,2024,0.17513134851138354,114.0,2.3895,8.81,Safe
2043,GROUND WATER PALSORA CHANDIGARH,CHANDIGARH,24.0,5.7,7.1,833.0,1.0,3.8,1.8,31.0,2024,0.17513134851138354,136.8,2.7752,9.88,Safe
2044,GROUND DHANAS CHANDIGARH,CHANDIGARH,24.0,5.7,7.4,388.0,1.0,2.2,1.8,1.8,2024,0.17513134851138354,136.8,1.5213999999999999,5.87,Safe
2045,"GROUND WATER  DADU MAJRA COLONY,
CHANDIGARH",CHANDIGARH,24.0,5.7,7.4,638.0,1.0,3.6,1.8,46.0,2024,0.17513134851138354,136.8,2.3677,8.75,Safe
5448,Ground Water at sector -20,CHANDIGARH,23.0,5.7,7.4,699.0,1.0,3.7,1.8,32.0,2024,0.17513134851138354,131.1,2.4887,9.1,Safe
5449,Ground Water at sector -35,CHANDIGARH,23.0,5.7,7.2,754.0,1.0,3.9,1.8,26.0,2024,0.17513134851138354,131.1,2.6297,9.49,Safe
5450,"Ground Water Near dumping ground (vill-
dadu majra)",CHANDIGARH,24.0,5.7,7.2,741.0,1.0,3.6,1.8,33.0,2024,0.17513134851138354,136.8,2.5542000000000002,9.28,Safe
1620,"GROUND WATER AT NEW HIG-11
TATIBANDH",CHHATTISGARH,24.0,5.7,7.02,183.0,1.0,0.0,11.0,90.0,2024,0.17513134851138354,136.8,0.8175,2.62,Safe
1621,"GROUND WATER AT AT M/S PRAKRITI
INDUSTRIES RAWABHATA",CHHATTISGARH,23.0,5.7,7.18,178.0,2.1,0.0,11.0,90.0,2024,0.36777583187390545,131.1,1.1375,4.23,Safe
1622,"BORE WELL WATER SAMPLE NEAR TIFRA
I.A. BILASPUR",CHHATTISGARH,25.5,5.7,7.1,448.0,1.0,3.02,1.8,1.8,2024,0.17513134851138354,145.35,1.8054000000000001,6.93,Safe
1623,"BORE WELL WATER SAMPLE FROM BEC FERTILIZER OUTSIDE OF FACTORY
PREMISES (NEAR BANAK CHOWK)",CHHATTISGARH,25.4,5.7,7.2,436.0,1.0,3.98,1.8,1.8,2024,0.17513134851138354,144.78,1.9734,7.51,Safe
3171,"HAND PUMP WATER 14/10 NEPALI
MOHLLA, SHANKAR",CHHATTISGARH,26.0,5.7,7.42,156.0,1.0,0.4,11.0,11.0,2024,0.17513134851138354,148.20000000000002,0.725,2.1,Safe
3172,"BOREWELL/ HANDPUMP IN ROGBAHRI
VILLAGE, KORBA",CHHATTISGARH,26.0,5.7,7.43,321.0,1.0,0.32,2.0,22.0,2024,0.17513134851138354,148.20000000000002,1.0419999999999998,3.78,Safe
3173,"BOREWELL/ HANDPUMP IN
PARSABHATA, BALCO, KORBA",CHHATTISGARH,26.3,5.7,7.4,418.0,1.0,0.88,2.0,20.0,2024,0.17513134851138354,149.91,1.3449999999999998,5.15,Safe
3174,"BOREWELL/ HANDPUMP IN DHANRAS,
NTPC, KORBA",CHHATTISGARH,26.3,5.7,7.32,232.0,1.0,0.54,2.0,14.0,2024,0.17513134851138354,149.91,0.896,3.04,Safe
1440,"WELL AT SOMNATH INDUSTRIAL ESTATE,
DAMAN","DAMAN AND DIU, DADRA AND
NAGAR HAVELI",28.0,5.7,7.08,335.0,1.0,0.82,2.0,24.0,2024,0.17513134851138354,159.6,1.1729999999999998,4.4,Safe
2448,"GROUND WATER FROM VILLAGE
BHIMPORE, DAMAN","DAMAN AND DIU, DADRA AND
NAGAR HAVELI",28.0,5.7,7.28,1033.0,1.0,0.32,1.8,1.8,2024,0.17513134851138354,159.6,2.4354,8.95,Safe
2449,"WELL AT VILLAGE RINGANWADA,
DAMAN","DAMAN AND DIU, DADRA AND
NAGAR HAVELI",28.0,5.7,7.19,940.0,1.0,1.82,2.0,4.0,2024,0.17513134851138354,159.6,2.553,9.28,Safe
2450,"WELL AT VILLAGE DUNETHA, DAMAN","DAMAN AND DIU, DADRA AND
NAGAR HAVELI",27.0,5.7,7.19,642.0,1.0,1.7,1.8,2.0,2024,0.17513134851138354,153.9,1.9296999999999997,7.36,Safe
2451,"WELL AT VILLAGE DABHEL, DAMAN","DAMAN AND DIU, DADRA AND
NAGAR HAVELI",27.0,5.7,7.06,575.0,1.0,2.72,1.8,1.8,2024,0.17513134851138354,153.9,1.9994,7.6,Safe
2452,"WELL AT VILLAGE KACHIGAM, DAMAN","DAMAN AND DIU, DADRA AND
NAGAR HAVELI",25.0,5.7,7.53,539.0,1.0,3.72,11.0,33.0,2024,0.17513134851138354,142.5,2.188,8.2,Safe
2453,"WELL AT VILLAGE KHANVEL, DNH","DAMAN AND DIU, DADRA AND
NAGAR HAVELI",28.0,5.7,7.16,402.0,1.0,0.32,1.8,1.8,2024,0.17513134851138354,159.6,1.1733999999999998,4.4,Safe
2454,"WELL AT VILLAGE ATHAL, DNH","DAMAN AND DIU, DADRA AND
NAGAR HAVELI",27.0,5.7,7.39,567.0,1.0,0.52,1.8,1.8,2024,0.17513134851138354,153.9,1.5434,5.96,Safe
2455,"WELL AT VILLAGE MASAT, DNH","DAMAN AND DIU, DADRA AND
NAGAR HAVELI",28.0,5.7,7.47,280.0,1.0,0.32,1.8,1.8,2024,0.17513134851138354,159.6,0.9294,3.21,Safe
2456,"WELL AT VILLAGE PIPERIA, DNH","DAMAN AND DIU, DADRA AND
NAGAR HAVELI",26.0,5.7,7.42,293.0,1.0,0.32,1.8,1.8,2024,0.17513134851138354,148.20000000000002,0.9554000000000001,3.35,Safe
2457,"WELL AT VILLAGE GALONDA, DNH","DAMAN AND DIU, DADRA AND
NAGAR HAVELI",28.0,5.7,7.25,454.0,1.0,0.32,1.8,1.8,2024,0.17513134851138354,159.6,1.2773999999999999,4.86,Safe
2458,WELL AT VILLAGE DADRA,"DAMAN AND DIU, DADRA AND
NAGAR HAVELI",27.0,5.7,7.63,276.0,1.0,0.32,2.0,6.0,2024,0.17513134851138354,153.9,0.9279999999999999,3.21,Safe
3477,"WELL AT ALIPUR, DELHI",DELHI,21.0,5.7,7.9,232.0,1.0,0.3,11.0,90.0,2024,0.17513134851138354,119.7,0.9754999999999999,3.45,Safe
3479,"WELL AT AURBINDO MARG, DELHI",DELHI,21.0,5.7,7.6,232.0,1.0,20.0,11.0,90.0,2024,0.17513134851138354,119.7,4.915499999999999,14.34,Safe
3480,"WELL AT BAWANA, DELHI",DELHI,21.0,5.7,8.3,232.0,1.0,0.3,11.0,90.0,2024,0.17513134851138354,119.7,0.9754999999999999,3.45,Safe
3483,"WELL AT BURARI, DELHI",DELHI,21.0,5.7,7.2,232.0,1.0,0.3,11.0,90.0,2024,0.17513134851138354,119.7,0.9754999999999999,3.45,Safe
3485,"WELL AT DEFENCE COLONY, DELHI",DELHI,21.0,5.7,7.7,232.0,1.0,34.0,11.0,90.0,2024,0.17513134851138354,119.7,7.7155,18.19,Safe
3488,"WELL AT DILSHAD GARDEN, DELHI",DELHI,21.0,5.7,7.2,232.0,1.0,0.3,11.0,90.0,2024,0.17513134851138354,119.7,0.9754999999999999,3.45,Safe
3489,"WELL AT DWARKA, DELHI",DELHI,21.0,5.7,7.5,232.0,1.0,0.3,11.0,90.0,2024,0.17513134851138354,119.7,0.9754999999999999,3.45,Safe
3490,"WELL AT FATEH PUR BERI, DELHI",DELHI,21.0,5.7,7.8,232.0,1.0,41.0,11.0,90.0,2024,0.17513134851138354,119.7,9.115500000000003,19.67,Safe
3492,"WELL AT GAJIPUR, DELHI",DELHI,21.0,5.7,8.0,232.0,1.0,0.3,11.0,90.0,2024,0.17513134851138354,119.7,0.9754999999999999,3.45,Safe
3493,"WELL AT GANDHI NAGAR, DELHI",DELHI,21.0,5.7,7.7,232.0,1.0,0.3,11.0,90.0,2024,0.17513134851138354,119.7,0.9754999999999999,3.45,Safe
3494,"WELL AT HAIDERPUR, DELHI",DELHI,21.0,5.7,7.9,232.0,1.0,0.3,11.0,90.0,2024,0.17513134851138354,119.7,0.9754999999999999,3.45,Safe
3496,"WELL AT ISBT, DELHI",DELHI,21.0,5.7,8.0,232.0,1.0,0.3,11.0,90.0,2024,0.17513134851138354,119.7,0.9754999999999999,3.45,Safe
3498,"WELL AT KALKA JI, DELHI",DELHI,21.0,5.7,7.9,232.0,1.0,9.0,11.0,90.0,2024,0.17513134851138354,119.7,2.7155000000000005,9.72,Safe
3500,"WELL AT KAMLA NAGAR, DELHI",DELHI,21.0,5.7,8.1,232.0,1.0,0.3,11.0,90.0,2024,0.17513134851138354,119.7,0.9754999999999999,3.45,Safe
3503,"WELL AT KAROL BAGH, DELHI",DELHI,21.0,5.7,7.5,232.0,1.0,7.0,11.0,90.0,2024,0.17513134851138354,119.7,2.3155,8.59,Safe
3514,"WELL AT MATIALA, DELHI",DELHI,21.0,5.7,7.4,232.0,1.0,17.0,11.0,90.0,2024,0.17513134851138354,119.7,4.315499999999999,13.28,Safe
3515,"WELL AT MAYA PURI, DELHI",DELHI,21.0,5.7,7.9,232.0,1.0,10.0,11.0,90.0,2024,0.17513134851138354,119.7,2.9154999999999998,10.25,Safe
3516,"WELL AT MAYUR VIHAR, DELHI",DELHI,21.0,5.7,7.6,232.0,1.0,2.0,11.0,90.0,2024,0.17513134851138354,119.7,1.3155,5.03,Safe
3517,"WELL AT NAJAFGARH, DELHI",DELHI,21.0,5.7,7.6,232.0,1.0,49.0,11.0,90.0,2024,0.17513134851138354,119.7,10.715500000000002,21.13,Safe
3518,"WELL AT NARAINA INDL AREA, DELHI",DELHI,21.0,5.7,7.6,232.0,1.0,4.0,11.0,90.0,2024,0.17513134851138354,119.7,1.7155,6.61,Safe
3520,"WELL AT OKHLA, DELHI",DELHI,21.0,5.7,7.9,232.0,1.0,10.0,11.0,90.0,2024,0.17513134851138354,119.7,2.9154999999999998,10.25,Safe
3524,"WELL AT PASCHIM VIHAR, DELHI",DELHI,21.0,5.7,8.0,232.0,1.0,0.3,11.0,90.0,2024,0.17513134851138354,119.7,0.9754999999999999,3.45,Safe
3525,"WELL AT PATEL NAGAR, DELHI",DELHI,21.0,5.7,7.9,232.0,1.0,4.0,11.0,90.0,2024,0.17513134851138354,119.7,1.7155,6.61,Safe
3526,"WELL AT PATPAR GANJ, DELHI",DELHI,21.0,5.7,8.1,232.0,1.0,0.3,11.0,90.0,2024,0.17513134851138354,119.7,0.9754999999999999,3.45,Safe
3527,"WELL AT PATPARGANJ INDL AREA, DELHI",DELHI,21.0,5.7,8.3,232.0,1.0,0.3,11.0,90.0,2024,0.17513134851138354,119.7,0.9754999999999999,3.45,Safe
3528,"WELL AT PEERAGARHI, DELHI",DELHI,21.0,5.7,7.5,232.0,1.0,22.0,11.0,90.0,2024,0.17513134851138354,119.7,5.315499999999999,14.99,Safe
3529,"WELL AT PILANJI, DELHI",DELHI,21.0,5.7,7.7,232.0,1.0,43.0,11.0,90.0,2024,0.17513134851138354,119.7,9.515500000000001,20.06,Safe
3530,"WELL AT PRIYA ENCLAVE, DELHI",DELHI,21.0,5.7,7.9,232.0,1.0,0.3,11.0,90.0,2024,0.17513134851138354,119.7,0.9754999999999999,3.45,Safe
3531,"WELL AT QUTAB GARH, DELHI",DELHI,21.0,5.7,8.2,232.0,1.0,7.0,11.0,90.0,2024,0.17513134851138354,119.7,2.3155,8.59,Safe
3532,"WELL AT RAJENDER NAGAR, DELHI",DELHI,21.0,5.7,8.1,232.0,1.0,0.3,11.0,90.0,2024,0.17513134851138354,119.7,0.9754999999999999,3.45,Safe
3533,"WELL AT RAJPURA ROAD, DELHI",DELHI,21.0,5.7,7.9,232.0,1.0,0.3,11.0,90.0,2024,0.17513134851138354,119.7,0.9754999999999999,3.45,Safe
3534,"WELL NEAR GURUDWARA SHRI
RAKABGANJ SAHIB, DELHI",DELHI,21.0,5.7,8.1,232.0,1.0,0.3,11.0,90.0,2024,0.17513134851138354,119.7,0.9754999999999999,3.45,Safe
3535,"WELL AT ROHINI, DELHI",DELHI,21.0,5.7,7.6,232.0,1.0,10.0,11.0,90.0,2024,0.17513134851138354,119.7,2.9154999999999998,10.25,Safe
3536,"WELL AT SAKET, DELHI",DELHI,21.0,5.7,7.6,232.0,1.0,20.0,11.0,90.0,2024,0.17513134851138354,119.7,4.915499999999999,14.34,Safe
3537,"WELL AT SHAHDARA, DELHI",DELHI,21.0,5.7,7.7,232.0,1.0,0.3,11.0,90.0,2024,0.17513134851138354,119.7,0.9754999999999999,3.45,Safe
3538,"WELL AT SINGHU BORDER, DELHI",DELHI,21.0,5.7,8.1,232.0,1.0,0.3,11.0,90.0,2024,0.17513134851138354,119.7,0.9754999999999999,3.45,Safe
3539,"WELL AT SINGOLA, DELHI",DELHI,21.0,5.7,8.1,232.0,1.0,0.3,11.0,90.0,2024,0.17513134851138354,119.7,0.9754999999999999,3.45,Safe
3540,"WELL AT SULTANPURI, DELHI",DELHI,21.0,5.7,7.6,232.0,1.0,34.0,11.0,90.0,2024,0.17513134851138354,119.7,7.7155,18.19,Safe
3541,"WELL AT TIKRI KALAN , DELHI",DELHI,21.0,5.7,8.1,232.0,1.0,3.0,11.0,90.0,2024,0.17513134851138354,119.7,1.5155,5.85,Safe
3542,"WELL AT TILAK NAGAR, DELHI",DELHI,21.0,5.7,7.6,232.0,1.0,6.0,11.0,90.0,2024,0.17513134851138354,119.7,2.1155,7.97,Safe
3543,"WELL AT TRILOKPURI, DELHI",DELHI,21.0,5.7,7.6,232.0,1.0,0.3,11.0,90.0,2024,0.17513134851138354,119.7,0.9754999999999999,3.45,Safe
3544,"WELL AT UJWAH, DELHI",DELHI,21.0,5.7,7.5,232.0,1.0,16.0,11.0,90.0,2024,0.17513134851138354,119.7,4.1155,12.9,Safe
3545,"WELL AT VASANT KUNJ, DELHI",DELHI,21.0,5.7,7.5,232.0,1.0,24.0,11.0,90.0,2024,0.17513134851138354,119.7,5.7155,15.6,Safe
3546,WELL AT VASANT VIHAR,DELHI,21.0,5.7,7.5,232.0,1.0,9.0,11.0,90.0,2024,0.17513134851138354,119.7,2.7155000000000005,9.72,Safe
2277,"WELL AT VERNA INDI.ESTATE.(M/S CIPLA
LIMITED)",GOA,28.0,5.7,6.44,385.0,1.5,0.32,1.8,7.8,2024,0.2626970227670753,159.6,1.2984,4.95,Safe
2278,WELL AT SANCOALE INDL.ESTATE,GOA,28.0,5.7,6.15,239.0,1.6,1.73,79.0,240.0,2024,0.28021015761821366,159.6,1.7825000000000002,6.85,Safe
2280,"WELL AT KUDAI INDL. ESTATE(M/S
CADILA HEALTHCARE LIMITED)",GOA,26.0,5.7,6.26,375.0,1.9,0.32,1.8,1.8,2024,0.3327495621716287,148.20000000000002,1.3893999999999997,5.34,Safe
2281,WELL AT CORLIM INDL. ESTATE,GOA,26.0,5.7,5.82,71.0,1.0,0.32,1.8,2.0,2024,0.17513134851138354,148.20000000000002,0.5117,0.79,Safe
2282,"WELL AT PILERNE INDUSTRIAL
ESTATE(M/S UNICHEM )",GOA,28.0,5.7,6.63,341.0,1.2,0.32,1.8,1.8,2024,0.21015761821366025,159.6,1.1114,4.11,Safe
3193,"BORE WELL AT CUNCOLIM INDUSTRIAL
ESTATE",GOA,30.0,5.7,7.32,66.0,1.0,0.32,33.0,49.0,2024,0.17513134851138354,171.0,0.619,1.47,Safe
3194,"BORE WELL AT BETHORA INDUSTRIAL
ESTATE",GOA,29.0,5.7,5.58,87.0,1.0,1.55,1.8,1.8,2024,0.17513134851138354,165.3,0.7894000000000002,2.47,Safe
3195,"BORE WELL AT MADKAIM INDUSTRIAL
ESTATE",GOA,29.0,5.7,5.91,97.0,1.0,1.29,1.8,1.8,2024,0.17513134851138354,165.3,0.7574000000000001,2.29,Safe
4409,SALMONA SPRING,GOA,26.0,5.7,5.52,49.0,1.0,0.32,130.0,230.0,2024,0.17513134851138354,148.20000000000002,1.002,3.58,Safe
3,WELL AT AHMEDABAD,GUJARAT,30.0,5.7,8.1,468.0,1.0,0.38,2.0,2.0,2024,0.17513134851138354,171.0,1.3179999999999996,5.04,Safe
6,WELL AT BARODA,GUJARAT,27.0,5.7,7.6,1032.0,1.0,0.32,1.8,1.8,2024,0.17513134851138354,153.9,2.4334,8.94,Safe
1950,GROUND WATER AT JUNAGADH,GUJARAT,28.0,5.7,7.41,921.0,1.0,1.33,1.8,1.8,2024,0.17513134851138354,159.6,2.4134,8.88,Safe
1951,"GROUND WATER AT RAJKOTGROUND WATER NR. DISTRICT CO-OPERATIVE BANK, NR. RAIYA CIRCLE, RAIYA ROAD
RAJKOT",GUJARAT,28.0,5.7,7.34,431.0,1.0,1.35,1.8,1.8,2024,0.17513134851138354,159.6,1.4373999999999998,5.54,Safe
1952,"GROUND WATER AT SURENDRANAGARAT. BHAVANI PLASTIC (STEELMAN OXYGEN, PLOT NO.C1/613, PHASE 3, OPP ONE WORLD SCHOOL), GIDC WADHWAN, WADHWAN, TAL. WADHWAN, DIST. SURENDRANAGAR",GUJARAT,28.0,5.7,7.24,2240.0,1.0,1.35,1.8,1.8,2024,0.17513134851138354,159.6,5.0554,14.58,Safe
1953,"GROUND WATER AT JAMNAGARBOREWELL OF RAMESHWAR TEMPLE, NEAR RAMESHWAR CHOWK,
JAMNAGAR",GUJARAT,27.0,5.7,7.12,780.0,1.0,0.32,1.8,1.8,2024,0.17513134851138354,153.9,1.9293999999999998,7.36,Safe
1954,"GROUND WATER AT BHUJODHAV PARK SOCIETY-2,PRAMUKH SWAMI NAGAR ROAD,BEHIND ASHAPURA SCHOOL,TA:BHUJ, DIST;KUTCH (WEST)",GUJARAT,30.0,5.7,7.66,3450.0,1.7,0.32,1.8,1.8,2024,0.29772329246935203,171.0,7.4794,17.92,Safe
1955,"GROUND WATER AT PALANPURBEHIND JILLA SEVA SADAN-2, NEAR JORAVAR PALACE, PALANPUR, DIST-BANASKANTHA",GUJARAT,26.0,5.7,7.37,1827.0,1.0,0.9,2.0,2.0,2024,0.17513134851138354,148.20000000000002,4.140000000000001,12.95,Safe
1956,"GROUND WATER AT MEHASANAMODHERA GIDC, TAL & DIST :
MEHSANA",GUJARAT,29.0,5.7,8.06,1225.0,1.0,1.2,1.8,1.8,2024,0.17513134851138354,165.3,2.9954,10.45,Safe
1957,"GROUND WATER AT SIDDHPUR (DIST.PATAN)AHMEDABAD- PALANUR HIGHWAY, TAVADIYA CROSSING, NEAR MADHIVAI, SIDDPUR, DIST-PATAN",GUJARAT,27.0,5.7,7.66,1590.0,1.0,0.6,2.0,2.0,2024,0.17513134851138354,153.9,3.6060000000000003,11.86,Safe
1958,"GROUND WATER AT HIMATNAGARBOREWELL OF HIMATNAGAR NAGARPALIKA, AT.
HIMATNAGAR, DIST. SABARKANTHA",GUJARAT,25.0,5.7,7.21,740.0,1.0,0.77,1.8,1.8,2024,0.17513134851138354,142.5,1.9394,7.4,Safe
1959,"GROUND WATER AT NADIADBOREWELL OF  SANTRAM MANDIR, NADIAD,DIST:
KHEDA",GUJARAT,24.0,5.7,7.68,1611.0,1.0,6.9,1.8,1.8,2024,0.17513134851138354,136.8,4.9074,14.33,Safe
1960,"GROUND WATER AT DAHODWELL AT
HINDU DHARAMASHALA, STATION ROAD, DAHOD",GUJARAT,26.0,5.7,7.74,800.0,1.1,0.96,1.8,1.8,2024,0.1926444833625219,148.20000000000002,2.1273999999999997,8.01,Safe
1961,"GROUND WATER AT GODHARAWELL AT OFFICE OF PANCHMAHAL INDUSTRIES FADERATION, NEAR CIRCUIT HOUSE,
GODHRA",GUJARAT,26.0,5.7,7.06,764.0,1.2,1.82,1.8,1.8,2024,0.21015761821366025,148.20000000000002,2.2573999999999996,8.42,Safe
1962,"VADODARA (INDUSTRIAL-
NANDESARI)GIDC-NANDESARI",GUJARAT,28.0,5.7,7.3,3240.0,1.6,3.46,1.8,1.8,2024,0.28021015761821366,159.6,7.657400000000001,18.13,Safe
1964,"PANDESARA (INDSTRIAL)
SURATPANDESARA GIDC, SURAT",GUJARAT,27.0,5.7,7.62,4166.0,2.4,0.32,1.8,1.8,2024,0.4203152364273205,153.9,9.121400000000001,19.68,Safe
1967,"ATUL, VILLAGE G.W, (VALSAD)B/W AT
ATUL VILLAGE G.W",GUJARAT,28.0,5.7,7.49,1603.0,1.0,0.33,1.8,1.8,2024,0.17513134851138354,159.6,3.5774000000000004,11.8,Safe
1968,"VAPI INDUSTRIAL AREA (RAJASHTHAN BHAVAN) U/S, VAPIB/W AT VAPI INDUSTRIAL AREA U/S IN RAJASTHAN BHAVAN
SILVASA RD, OPPOSITE GURUDWARA, GIDC, VAPI, GUJARAT 396195",GUJARAT,28.0,5.7,7.95,663.0,1.0,0.32,1.8,1.8,2024,0.17513134851138354,159.6,1.6953999999999998,6.54,Safe
1969,"B/W AT COSTAL HIGHWAY CHAR RASTA, FANSA, TA:UMBERGA N, DIST:VALSADB/W AT COSTAL HIGHWAY CHAR RASTA, FANSA, TA:UMBERGAON,
DIST:VALSAD",GUJARAT,28.0,5.7,7.86,906.0,1.0,0.32,1.8,1.8,2024,0.17513134851138354,159.6,2.1814,8.18,Safe
1970,"BOREWELL D/S TSDF SITE, GIDC INDUSTRIAL AREA, VAPIB/W AT D/S TSDF SITE
PLOT NO.4807, PHASE 4, GIDC, VAPI",GUJARAT,28.0,5.7,7.32,422.0,1.0,0.33,1.8,1.8,2024,0.17513134851138354,159.6,1.2153999999999998,4.59,Safe
2083,"BORE WELL OF CHHATRAL GIDC.BOREWELL OF GIDC CHHATRAL,
PHASE I",GUJARAT,30.0,5.7,7.35,2388.0,1.0,1.09,2.0,2.0,2024,0.17513134851138354,171.0,5.3,14.97,Safe
2084,"BORE WELL OF PALSANA
VILLAGE.PALASANA,SURAT.",GUJARAT,29.0,5.7,7.84,1185.0,2.0,0.32,1.8,1.8,2024,0.3502626970227671,165.3,3.0393999999999997,10.55,Safe
2085,"BORE WELL OF SANTEJ VILLAGE.BOREWELL OF SANTEJ  GRAM
PANCHAYAT",GUJARAT,38.0,5.7,6.82,2484.0,1.0,0.33,2.0,2.0,2024,0.17513134851138354,216.6,5.34,15.03,Safe
2088,"BORE WELL OF SACHIN GIDC.SACHIN
GIDC, SACHIN,SURAT",GUJARAT,30.0,5.7,7.09,2523.0,2.2,0.32,1.8,1.8,2024,0.3852889667250438,171.0,5.7754,15.69,Safe
2089,"B/W NEAR INDL. AREA BORASARA & NAVAPURA, DIST. SURAT.PLOT-202
,KIM,SURAT.",GUJARAT,30.0,5.7,7.28,3109.0,2.4,0.32,1.8,1.8,2024,0.4203152364273205,171.0,7.0074,17.35,Safe
2090,"WELL AT OLPAD.OLPAD ,SURAT",GUJARAT,27.0,5.7,7.07,4690.0,1.0,0.32,1.8,1.8,2024,0.17513134851138354,153.9,9.749400000000003,20.28,Safe
2091,"BORE WELL OF NAVSARI GIDC INDUSTRIES ASSOCIATION OFFICE.AT-GIDC -KABILPORE,TA & DI - NAVSARI,
GUJARAT",GUJARAT,28.0,5.7,7.13,1883.0,2.2,0.37,2.0,2.0,2024,0.3852889667250438,159.6,4.506,13.63,Safe
2093,"WELL OF BARDOLI AT REST
HOUSE.BARDOLI-VYARA ROAD",GUJARAT,29.0,5.7,6.96,2436.0,2.1,0.32,1.8,1.8,2024,0.36777583187390545,165.3,5.5714,15.39,Safe
2094,"WELL AT ANKLESHWAR INDUSTRIAL AREA (BORE WELL OF M/S INDUSTRIAL CARBON AT ANKLESHWAR- RAJPIPLA ROAD.ANKLESHWAR- RAJPIPLA ROAD, NR GIDC ANKLESHWAR, DIST BHARUCH",GUJARAT,28.0,5.7,7.41,5200.0,1.0,0.76,1.8,1.8,2024,0.17513134851138354,159.6,10.857400000000002,21.25,Safe
2095,"BORE WELL OF  NARSHIBHAI BECHARBHAI ZALAWADIA @ 200 METER AWAY FROM MADHAPAR STP TOWARD ISWARIA MAHADEV TEMPLE, MADHAPAR, DIST. RAJKOT.BORE WELL OF NARSHIBHAI BECHARBHAI ZALAVADIYA, NR. MADHAPAR STP
PLANT, RAJKOT",GUJARAT,29.0,5.7,7.24,1468.0,1.0,1.35,1.8,1.8,2024,0.17513134851138354,165.3,3.5114,11.65,Safe
2096,"BORE WELL, SNR. VINAYAK JAL SUDDHIKARAN SAHAKARI MANDALI LTD. (CETP ), VILL. BAVLA, DIST. AHMEDABAD.S. N. 644/1-4,  VILL. BAVLA,
DIST. AHMEDABAD.",GUJARAT,30.0,5.7,7.37,5544.0,1.0,0.69,2.0,2.0,2024,0.17513134851138354,171.0,11.532000000000002,21.8,Safe
2097,"BORE WELL OF SOMESHWAR RICE MILL, NR. BAVLA ECO PROJECT,(CETP), VILL. BAVLA, DIST. AHMEDABAD.DEDHAL ROAD,  NR. BAVLA ECO PROJECT, (CETP ), VILL. BAVLA, DIST. AHMEDABAD.",GUJARAT,26.0,5.7,6.77,6031.0,1.2,0.48,2.0,2.0,2024,0.21015761821366025,148.20000000000002,12.524000000000001,22.56,Safe
2098,"BORE WELL OF PIRANA TERMINAL PUMPING STATION, PIRANA, NR. V. N. BRIDGE, AHMEDABAD.NR. V.N BRIDGE,
PIRANA, AHMEDABAD",GUJARAT,30.0,5.7,7.44,3640.0,1.0,0.51,2.0,2.0,2024,0.17513134851138354,171.0,7.688000000000001,18.16,Safe
3207,"BOREWELL OF GIDC, JHAGADIAAT FINAL
PUMPING STATION, GIDC JHAGHADIA, DIST BHARUCH",GUJARAT,30.0,5.7,7.34,2944.0,1.0,0.97,1.8,1.8,2024,0.17513134851138354,171.0,6.3874,16.55,Safe
3208,"JILLA PANCHAYAT SCHOOL, NEAR GRAM PANCHAYAT KATA FALIA, VILLAGE NAMDHA, VALSADB/W AT JILLA PANCHAY SCHOOL
NEAR GRAM PANCHAYAT KATA FALIA,
VILLAGE NAMDHA, VALSAD",GUJARAT,28.0,5.7,7.58,664.0,1.0,0.32,1.8,1.8,2024,0.17513134851138354,159.6,1.6974,6.54,Safe
3209,"BOREWELL OF GAYATRI PRAGNA SCHOOL, BHADARWAD ROAD, BAZAR FALIA, SARIGAM, VALSADBOREWELL OF GAYATRI PRAGNA SCHOOL, BHADARWAD ROAD, BAZAR FALIA, SARIGAM, VALSAD",GUJARAT,27.0,5.7,7.72,1123.0,1.0,0.39,1.8,1.8,2024,0.17513134851138354,153.9,2.6294,9.49,Safe
3210,"BOREWELL AT PIRAMAL GLASS, VILLAGE TARSADI AT KOSAMBA INDUSTRIAL AREA, SURATKOSAMBA,SURAT",GUJARAT,30.0,5.7,7.06,3515.0,2.1,0.32,1.8,1.8,2024,0.36777583187390545,171.0,7.7294,18.21,Safe
3211,"BOREWELL AT PRIMARY HEALTH CENTER, KADODARA, SURATKADODARA,SURAT",GUJARAT,27.0,5.7,7.48,1843.0,2.1,0.32,1.8,1.8,2024,0.36777583187390545,153.9,4.3854,13.41,Safe
3212,"BOREWELL NEAR CENTER OF EXCELLENCE BUILDING, GIDC, VATVA, AHMEDABADCENTER OF EXCELLENCE BUILDING, PLOT NO 511 GIDC- PHASE IV, VATVA, AHMEDABAD",GUJARAT,28.0,5.7,7.52,2395.0,1.0,0.8,2.0,2.0,2024,0.17513134851138354,159.6,5.256,14.9,Safe
3214,"BOREWELL NEAR GIDC ODHAV INDUSTRIAL ASSOCIATION BUILDING, GIDC, ODHAV, AHMEDABADODHAV INDUSTRIAL ASSOCIATION BUILDING, PLOT NO H 35, GIDC, ODHAV, ODHAV ROAD AHMEDABAD",GUJARAT,28.0,5.7,7.97,2430.0,1.0,0.46,2.0,2.0,2024,0.17513134851138354,159.6,5.258000000000001,14.9,Safe
3216,"BOREWELL NEAR TSDF SITE OF GREEN ENVIRONMNET SERVICES CO. OP.LTD, VATVA, AHMEDABADTSDF SITE OF GREEN ENVIRONMNET SERVICES CO. OP.LTD, S. NO 89,90,91 VINZOL TAL DASKROI , AHMEDABAD",GUJARAT,28.0,5.7,7.72,2761.0,1.0,0.48,2.0,2.0,2024,0.17513134851138354,159.6,5.924,15.91,Safe
3218,"WELL OF MODASA, NAGAR PALIKA, VARIGRUH, MODASAWELL OF MODASA, NAGAR PALIKA, VARIGRUH, AT. MODASA. DIST. ARVALLI",GUJARAT,25.0,5.7,6.86,1062.0,1.0,0.62,1.8,1.8,2024,0.17513134851138354,142.5,2.5534,9.28,Safe
3219,"WELL OF IDAR, NAGAR PALIKA, SAKARIA, IDARBOREWELL OF IDAR NAGARPALIKA, AT. SAKARIA, TA. IDAR, DIST.
SABARKANTHA",GUJARAT,25.0,5.7,6.7,1461.0,1.0,0.61,1.8,1.8,2024,0.17513134851138354,142.5,3.3494,11.29,Safe
3220,"BOREWELL OF GIDC-NADIAD AT GIDC OFFICE, GIDC NADIAD, KHEDABOREWELL OF GIDC-NADIAD AT GIDC OFFICE, GIDC NADIAD, KHEDA",GUJARAT,32.0,5.7,8.1,2712.0,1.0,6.48,1.8,1.8,2024,0.17513134851138354,182.4,7.0254,17.37,Safe
3221,"BOREWELL OF TOWN RAJPIPLA, DIST.NARMADANAGARPALIKA OFFICE, AT RAJPIPLA, DIST NARMADA",GUJARAT,33.0,5.7,7.11,940.0,1.0,0.32,1.8,1.8,2024,0.17513134851138354,188.1,2.2494,8.39,Safe
3222,"BOREWELL OF GIDC, PANOLIAT WATER TREATMENT PLANT , GIDC PANOLI, DIST
BHARUCH",GUJARAT,35.0,5.7,8.37,400.0,1.0,0.65,1.8,1.8,2024,0.17513134851138354,199.5,1.2353999999999998,4.68,Safe
3223,"BOREWELL KADI INDUSTRIAL AREAKADI GIDC, TAL: KADI, DIST : MEHSANA",GUJARAT,32.0,5.7,7.67,1778.0,1.0,1.33,1.8,1.8,2024,0.17513134851138354,182.4,4.127400000000001,12.92,Safe
3224,"DEESA BOREWELLMAIN WATER TANK, BESIDE BHANASALI HOSPITAL, NEAR SARDAR GARDEN, DEESA, DIST-
BANASKANTHA",GUJARAT,26.0,5.7,7.5,1080.0,1.0,0.48,2.0,2.0,2024,0.17513134851138354,148.20000000000002,2.5620000000000003,9.31,Safe
3225,"VISNAGAR BOREWELLVISNAGAR GIDC, TAL : VISNAGAR, DIST: MEHSANA",GUJARAT,29.0,5.7,7.75,1917.0,1.0,0.7,11.0,90.0,2024,0.17513134851138354,165.3,4.4255,13.49,Safe
3226,"PATAN BOREWELLWATER PUMPING STATION, GANDHIBAG,  JANTA HOSPITAL ROAD, PATAN, DIST-PATAN",GUJARAT,27.0,5.7,7.7,2308.0,1.0,0.43,2.0,2.0,2024,0.17513134851138354,153.9,5.008,14.5,Safe
3227,"VIJAPUR (RANASAN) BOREWELLRANASAN GIDC, VILL: RANASAN, TAL : VIJAPUR, DIST:
MEHSANA",GUJARAT,30.0,5.7,7.54,3015.0,1.0,0.75,1.8,1.8,2024,0.17513134851138354,171.0,6.4854,16.68,Safe
3228,"GIDC, HALOL, PANCHMAHALBORE WELL OF M/S. SAFARI INDUSTRIES, GIDC,
HALOL, DIST. PNCHMAHAL",GUJARAT,26.0,5.7,7.31,2569.0,1.3,2.96,1.8,1.8,2024,0.22767075306479861,148.20000000000002,6.125400000000001,16.19,Safe
3229,"GIDC, DAHOD, DAHODHAND PUMP OPP. M/S STAR REDIATOR, CHAKALIYA ROAD, GIDC, DAHOD, DIST. DAHOD",GUJARAT,26.0,5.7,6.96,1284.0,1.2,3.12,1.8,1.8,2024,0.21015761821366025,148.20000000000002,3.5574,11.75,Safe
3230,"BOREWELL OF GIDC, JUNAGADHPLOT NO. 317, GIDC-II, DOLATPARA, AT:JUNAGADH, TAL:JUNAGADH, DIST:JUNAGADH",GUJARAT,28.0,5.7,7.33,1267.0,1.0,1.33,1.8,1.8,2024,0.17513134851138354,159.6,3.1054000000000004,10.72,Safe
3232,"BOREWELL OF GIDC, ANTALIA WATER SUPPLY, BILLIMORA, GANDEVIAT- GIDC - ANTALIA, TA- GANDEVI, DI - NAVSARI,
GUJARAT.",GUJARAT,30.0,5.7,7.25,2488.0,2.4,0.34,2.0,2.0,2024,0.4203152364273205,171.0,5.7700000000000005,15.68,Safe
3233,"BOREWELL OF KALIAWADI GRID ROAD, NAVSARIAT - KALIYAWADI, NAVSARI CITY,              TA & DI - NAVSARI, GUJARAT.",GUJARAT,28.0,5.7,7.48,2255.0,2.4,0.33,2.0,2.0,2024,0.4203152364273205,159.6,5.302000000000001,14.97,Safe
3234,"BOREWELL NERA TSDF OF NANDESARI ENVIRO CONTROL LIMITED, NADESARI, VADODARATSDF SITE OF NANDESARI",GUJARAT,28.0,5.7,6.96,6568.0,1.8,1.32,1.8,1.8,2024,0.3152364273204904,159.6,13.945400000000005,23.55,Safe
3235,"BOREWELL OF GIDC KALOL, B/H GIDC OFFICE, GIDC, KALOL, GANDHINAGARBOREWELL OF KALOL
GIDC",GUJARAT,29.0,5.7,7.3,2424.0,1.0,0.33,2.0,2.0,2024,0.17513134851138354,165.3,5.22,14.84,Safe
3236,"BOREWELL OF M/S ALFA ECA (I) LTD., UNIT-1, SR.NO. 249, UMA IND. ESTATE, VASNA , IYAVA, SANAND, AHMEDABADSR.NO. 249, UMA IND. ESTATE, VASNA , IYAVA, SANAND,
AHMEDABAD",GUJARAT,28.0,5.7,7.03,3807.0,1.0,0.53,2.0,2.0,2024,0.17513134851138354,159.6,8.026000000000002,18.54,Safe
3237,"BOREWELL OF L & T LTD., PLOT NO. 144/146, SARKHEJ-BAVLA ROAD, SANAND, AHMEDABAD PLOT NO. 144/146, SARKHEJ-BAVLA ROAD,
SANAND, AHMEDABAD",GUJARAT,29.0,5.7,7.42,2078.0,1.0,0.5,2.0,2.0,2024,0.17513134851138354,165.3,4.562000000000001,13.73,Safe
3238,"BOREWELL OF GIDC KANSARIBORE WELL OF GIDC KANSARI,
IN THE PREMISES OF GIDC WATER SUPPLY TANK, GIDC KANSARI, TA.
KHAMBHAT, DIST. ANAND",GUJARAT,29.0,5.7,7.84,4650.0,1.0,0.32,1.8,1.8,2024,0.17513134851138354,165.3,9.669400000000003,20.2,Safe
3239,"BOREWELL OF GIDC, SOJITRABOREWELL OF GIDC,
SOJITRA IN THE PREMISES OF GIDC WATER SUPPLY TANK, GIDC-SOJITRA, TA.
SOJITRA, DIST. ANAND.",GUJARAT,29.0,5.7,7.71,2996.0,1.0,0.32,1.8,1.8,2024,0.17513134851138354,165.3,6.361400000000001,16.52,Safe
3240,"BOREWELL OF AJI GIDC ASSOCIATION OFFICE, PLOT NO. C-1/2, ROAD NO -B NR. ASHISH METAL, RAJKOTBORE WELL OF AUSTIN AUTO ENG. AJI GIDC, RAJKOT",GUJARAT,29.0,5.7,7.19,1210.0,1.0,1.35,1.8,1.8,2024,0.17513134851138354,165.3,2.9954,10.45,Safe
3241,"BOREWELL NEAR MUNICIPAL SOLID
WASTE SITE, NAKARWADI, RAJKOT",GUJARAT,29.0,5.7,7.1,1496.0,1.0,1.35,1.8,1.8,2024,0.17513134851138354,165.3,3.5674,11.78,Safe
3244,"BOREWELL NEAR TSDF OF BHARUCH ENVIRO INFRASTRUCTURE LIMITED, ANKLESHWAR, BHARUCHAT BEIL TSDF SITE, GIDC ANKLESHWAR, DIST BHARUCH",GUJARAT,28.0,5.7,7.11,3666.0,1.0,0.32,1.8,1.8,2024,0.17513134851138354,159.6,7.7014,18.18,Safe
3245,"BOREWELL AT DHANGADHRA NEAR DHANGADHRA CHEMICALSBOREWELL AT DHRANGADHRA, NEAR DCW LIMITED, DHRANGADHRA, TAL. DHRANGADHRA, DIST. SURENDRANAGAR",GUJARAT,26.0,5.7,7.36,2160.0,1.0,1.35,1.8,1.8,2024,0.17513134851138354,148.20000000000002,4.8954,14.31,Safe
3246,"BOREWELL OF GIDC OFFICE, SHANKAR TEKRI, UDHYOGNAGAR, JAMNANGARBORWELL OF GIDC
ASSOCIATION OFFICE, JAMNAGAR",GUJARAT,27.0,5.7,7.05,2350.0,1.2,0.32,1.8,2.0,2024,0.21015761821366025,153.9,5.129700000000001,14.7,Safe
3247,"BOREWELL OF SHRI MAHAVIR METAL CRAFT PVT. LTD., PLOT NO. 3059, ROAD NO.6, NR. MAHAVIR CIRCLE, PHASE-III, GIDC, DARED, JAMNAGARPLOT NO. 3059, ROAD NO.6, NR. MAHAVIR CIRCLE, PHASE III, GIDC, DARED, JAMNAGAR",GUJARAT,27.0,5.7,7.05,2350.0,1.3,0.32,1.8,2.0,2024,0.22767075306479861,153.9,5.1597,14.75,Safe
4411,"BOREWELL OF MR. HITENDRABHAI LAKHMANBHAI KER SHIV SAI PARK, NEW SMASHAN ROAD, GANDHINAGARSHIV SAI PARK, NEW SMASHAN ROAD,
GANDHINAGAR",GUJARAT,27.0,5.7,7.82,1750.0,1.0,0.32,1.8,2.0,2024,0.17513134851138354,153.9,3.8697,12.41,Safe
4412,"BOREWELL OF SHRI KANKESHWAR MAHADEV MANDIR, OPP. MSW DUMPSITE, VIBHAPAROPP. MSW
DUMPSITE, VIBHAPAR",GUJARAT,27.0,5.7,6.55,3600.0,1.1,0.32,1.8,2.0,2024,0.1926444833625219,153.9,7.5997,18.06,Safe
4413,"B/W OF JASHWANTBHAI PARMAR, S. NO. 18 AT: VILLAGE KALAMSAR, TA KHAMBHATB/W OF JASHWANTBHAI PARMAR                                             S. NO.
18, NR.KHODIYAR PURA, VILL. KALAMSAR, TA. KHAMBHAT,DIST.
ANAND",GUJARAT,28.0,5.7,8.19,1186.0,1.0,0.32,1.8,1.8,2024,0.17513134851138354,159.6,2.7413999999999996,9.79,Safe
4416,"BORE WELL AT VORAGAMDINEAR MSW SITE OF VADODARA MUNICIPAL
CORPORATION",GUJARAT,28.0,5.7,7.94,1374.0,1.2,0.32,1.8,1.8,2024,0.21015761821366025,159.6,3.1774,10.89,Safe
4422,"BORE WELL OF ITI COLLAGE OPP, M/S PALIWAL MILK AT MOTA SONELA, MODASA ROAD, TAL, LUNAVADA, DIST. MAHISAGARBORE WELL OF ITI COLLAGE, MOTASONELA, TAL. LUNAWADA, DIST. MAHISAGAR",GUJARAT,26.0,5.7,7.49,705.0,1.0,0.32,1.8,1.8,2024,0.17513134851138354,148.20000000000002,1.7793999999999999,6.84,Safe
4836,"TUBEWELL NO. 1, NEAR UPSTREAM
GHAGGAR RIVER, VILLAGE CHIALI",HARYANA,21.0,5.7,7.8,232.0,1.0,0.4,11.0,1.8,2024,0.17513134851138354,119.7,0.8632,2.87,Safe
4837,"TUBEWELL NO. 2, NEAR GURUDWARA,
VILLAGE BHATIA",HARYANA,21.0,5.7,7.9,232.0,1.0,0.6,1.8,1.8,2024,0.17513134851138354,119.7,0.8894,3.01,Safe
4839,"TUBEWELL AT PRITHLA, PALWAL",HARYANA,39.0,5.7,8.06,4260.0,1.0,4.1,11.0,90.0,2024,0.17513134851138354,222.3,9.791500000000001,20.32,Safe
4840,"TUBEWELL AT HATHIN, PLAWAL",HARYANA,37.0,5.7,7.85,5310.0,4.0,3.7,11.0,90.0,2024,0.7005253940455342,210.9,12.711500000000001,22.7,Safe
4841,"TUBEWELL AT GARHI, HODAL , PALWAL",HARYANA,38.0,5.7,7.63,4370.0,1.0,4.7,11.0,90.0,2024,0.17513134851138354,216.6,10.1315,20.62,Safe
4843,"GEPIL, VILLAGE PALI, MOHABATABAD CRUSHER ZONE, FARIDABAD",HARYANA,15.0,5.7,7.0,1270.0,1.0,0.3,11.0,90.0,2024,0.17513134851138354,85.5,3.0515,10.58,Safe
4844,"BOREWELL NEAR POSCO COMPANY, SECTOR - 14, PHASE - II, VILLAGE
PATHUHERA, HSIIDC, IMT, BAWAL",HARYANA,27.1,5.7,7.8,1740.0,1.0,0.3,1.8,1.8,2024,0.17513134851138354,154.47,3.8453999999999997,12.36,Safe
4845,"BOREWELL OF HSIIDC PARK, SECTOR - 1,
IMT, MANESAR, GURUGRAM",HARYANA,26.8,5.7,7.2,1610.0,1.0,0.3,1.8,1.8,2024,0.17513134851138354,152.76000000000002,3.5854000000000004,11.81,Safe
4846,"TUBEWELL NO. 6 OF HSIIDC, NEAR PLOT
NO. 237, SECTOR - 8, IMT MANESAR, GURUGRAM",HARYANA,28.1,5.7,7.8,1620.0,1.0,0.3,1.8,1.8,2024,0.17513134851138354,160.17000000000002,3.6054,11.86,Safe
4847,"TUBEWELL NO. 4, HAILY MANDI, TEHSIL - PATAUDI (PWD), GURUGRAM",HARYANA,27.1,5.7,7.4,1780.0,1.0,0.3,1.8,1.8,2024,0.17513134851138354,154.47,3.9254000000000002,12.52,Safe
4848,"TUBEWELL HSSIDC, NEAR PLOT NO. 7,
SECTOR 37, GURUGRAM",HARYANA,27.4,5.7,7.4,1780.0,1.0,0.0,11.0,90.0,2024,0.17513134851138354,156.18,4.011500000000001,12.7,Safe
4849,"BOREWELL AT ENTRY GATE OF ANSAL PIONEER INDUSTRIAL PARK, PATHERI,
BILASPUR, GURUGRAM",HARYANA,27.6,5.7,7.3,1210.0,1.0,0.3,1.8,1.8,2024,0.17513134851138354,157.32000000000002,2.7853999999999997,9.91,Safe
4850,"BOREWELL OF WATER WORKS, SECTOR - 35, HSIIDC, NH - 8, GURUGRAM",HARYANA,26.8,5.7,8.0,1350.0,1.0,0.3,1.8,1.8,2024,0.17513134851138354,152.76000000000002,3.0654,10.62,Safe
4851,"BOREWELL OF PHED OFFICE, PATAUDI,
GURUGRAM",HARYANA,27.1,5.7,7.1,1410.0,1.0,0.3,1.8,1.8,2024,0.17513134851138354,154.47,3.1854,10.91,Safe
1555,"TUBEWELL NEAR JSV PUMP STATION RESIDENTIAL AREA KHERI, KALA AMB,",HIMACHAL PRADESH,21.0,5.7,7.31,518.0,1.0,0.47,1.8,1.8,2024,0.17513134851138354,119.7,1.4354,5.53,Safe
1556,"BOREWELL NEAR JSV TANK HEERPUR AT
PAONTA SAHIB",HIMACHAL PRADESH,21.0,5.7,7.62,670.0,1.0,0.67,1.8,1.8,2024,0.17513134851138354,119.7,1.7793999999999999,6.84,Safe
1562,BOREWELL NEAR  ISBT UNA,HIMACHAL PRADESH,21.0,5.7,7.47,361.0,1.0,0.32,1.8,1.8,2024,0.17513134851138354,119.7,1.0913999999999997,4.02,Safe
1874,"SPRING SOURCE (GROUND WATER)
BELOW SWM SITE AT SALOGRA, VILL. SALOGRA, DISTT. SOLAN",HIMACHAL PRADESH,10.0,5.7,7.02,382.0,1.0,0.58,2.0,17.0,2024,0.17513134851138354,57.0,1.2085,4.56,Safe
1877,"GROUND WATER  NEAR USV LIMITED
HPSIDC BADDI AT BADDI INDUSTRIAL AREA",HIMACHAL PRADESH,21.0,5.7,7.29,681.0,1.0,4.95,11.0,90.0,2024,0.17513134851138354,119.7,2.8035000000000005,9.96,Safe
1878,"GROUND WATER (NEAR ELECTRICITY OFFICE BAROTIWALA) BAROTIWALA
INDUSTRIAL AREA",HIMACHAL PRADESH,21.0,5.7,7.11,643.0,1.0,7.02,11.0,90.0,2024,0.17513134851138354,119.7,3.1415000000000006,10.8,Safe
1879,"GROUND WATER (NEAR ACME
FORMULATION NALAGARH) NALAGARH INDUSTRIAL AREA",HIMACHAL PRADESH,21.0,5.7,6.85,881.0,1.0,13.69,11.0,90.0,2024,0.17513134851138354,119.7,4.951499999999999,14.4,Safe
1880,"TUBEWELL  OPPOSITE IIIT COLLEGE OF ENGINEERING NEAR  INDUSTRIAL AREA
JOHRON KALA AMB",HIMACHAL PRADESH,21.0,5.7,7.8,569.0,1.0,0.42,1.8,1.8,2024,0.17513134851138354,119.7,1.5274,5.9,Safe
1881,"BOREWELL NEAR JSV TANK, SWCA OFFICE
AT GONDPUR, INDUSTRIAL AREA, PAONTA SAHIB",HIMACHAL PRADESH,21.0,5.7,7.5,770.0,1.0,0.69,1.8,1.8,2024,0.17513134851138354,119.7,1.9833999999999998,7.54,Safe
1882,BOREWELL NEAR OVERHEAD TANK OF IADA MEHATPUR INDUSTRIAL AREA,HIMACHAL PRADESH,22.0,5.7,7.68,382.0,1.0,0.32,2.0,7.8,2024,0.17513134851138354,125.4,1.1427,4.26,Safe
1883,"BOREWELL NEAR M/S BECTOR FOOD
INDUSTRIAL AREA  TAHLIWAL",HIMACHAL PRADESH,24.0,5.7,7.74,468.0,1.0,1.15,1.8,1.8,2024,0.17513134851138354,136.8,1.4713999999999998,5.67,Safe
2628,"HAND PUMP NEAR THE BUS STOP AT
WORKSHOP CHOWK",HIMACHAL PRADESH,18.0,5.7,7.52,518.0,1.0,0.32,1.8,1.8,2024,0.17513134851138354,102.60000000000001,1.4053999999999998,5.41,Safe
2630,"HANDPUMP NEAR EXIT GATE OF BUS
STAND HAMIRPUR",HIMACHAL PRADESH,12.0,5.7,7.52,340.0,1.0,0.32,1.8,17.0,2024,0.17513134851138354,68.4,1.0722,3.92,Safe
2631,"HAND PUMP INSIDE THE BUS STAND AT
NADAUN TOWN",HIMACHAL PRADESH,13.0,5.7,7.11,408.0,1.0,0.32,1.8,14.0,2024,0.17513134851138354,74.10000000000001,1.2037,4.54,Safe
2632,"HAND PUMP AT BILASPUR TOWN (NEAR
LAXMINARAYAN TEMPLE)",HIMACHAL PRADESH,23.0,5.7,7.76,510.0,1.0,0.32,1.8,1.8,2024,0.17513134851138354,131.1,1.3893999999999997,5.34,Safe
2633,HAND PUMP AT RECONGPEO,HIMACHAL PRADESH,21.0,5.7,7.66,151.0,1.0,4.7,1.8,1.8,2024,0.17513134851138354,119.7,1.5473999999999999,5.97,Safe
2634,"HAND PUMP NEAR VIJAYNAGAR TOTU
SHIMLA",HIMACHAL PRADESH,21.0,5.7,7.78,262.0,1.0,0.32,11.0,90.0,2024,0.17513134851138354,119.7,1.0394999999999999,3.77,Safe
2635,HAND PUMP NEAR NOGLI AT RAMPUR,HIMACHAL PRADESH,21.0,5.7,7.92,144.0,1.0,1.07,1.8,1.8,2024,0.17513134851138354,119.7,0.8074000000000001,2.57,Safe
2636,HAND PUMP NEAR KANGRA TEMPLE,HIMACHAL PRADESH,21.0,5.7,6.84,186.0,1.0,0.3,11.0,90.0,2024,0.17513134851138354,119.7,0.8835,2.98,Safe
2637,HAND PUMP AT JWALAJI TEMPLE,HIMACHAL PRADESH,21.0,5.7,6.98,499.0,1.0,0.6,11.0,90.0,2024,0.17513134851138354,119.7,1.5695000000000001,6.06,Safe
2638,"BOREWELL NEAR CHINTPURNI TEMPLE
AT UNA TOWN",HIMACHAL PRADESH,21.0,5.7,7.91,329.0,1.0,0.32,1.8,1.8,2024,0.17513134851138354,119.7,1.0273999999999999,3.71,Safe
2639,"HAND PUMP NEAR CHAMUNDA DEVI
TEMPLE",HIMACHAL PRADESH,21.0,5.7,7.3,140.0,1.0,0.74,11.0,90.0,2024,0.17513134851138354,119.7,0.8795,2.95,Safe
2640,"HAND PUMP NEAR SANSARPUR TERRACE
INDUSTRIAL AREA",HIMACHAL PRADESH,12.0,5.7,6.97,264.0,1.0,1.08,11.0,90.0,2024,0.17513134851138354,68.4,1.1955,4.5,Safe
2641,"HAND PUMP NEAR TEXI STAND  CHAMBA
TOWN",HIMACHAL PRADESH,13.0,5.7,7.34,821.0,1.0,0.73,11.0,90.0,2024,0.17513134851138354,74.10000000000001,2.2395000000000005,8.36,Safe
2642,"HAND PUMP NEAR HOTEL PINE WOOD
AT DALHOUSIE ROAD",HIMACHAL PRADESH,10.0,5.7,6.84,105.0,1.0,0.4,11.0,90.0,2024,0.17513134851138354,57.0,0.7415,2.2,Safe
2645,"HAND PUMP AT NAHAN NEAR POLICE
POST GUNNUGHAT",HIMACHAL PRADESH,21.0,5.7,7.43,576.0,1.0,0.63,1.8,1.8,2024,0.17513134851138354,119.7,1.5833999999999997,6.11,Safe
2646,"HAND PUMP NEAR MOGINANAD AT
KALA AMB",HIMACHAL PRADESH,21.0,5.7,7.44,516.0,1.0,0.38,1.8,1.8,2024,0.17513134851138354,119.7,1.4133999999999998,5.44,Safe
2648,HAND PUMP AT KEYLONG,HIMACHAL PRADESH,11.0,5.7,6.74,138.0,1.0,0.32,1.8,1.8,2024,0.17513134851138354,62.7,0.6454,1.63,Safe
4434,BOREWELL NEAR UNA-HAROLI BRIDGE INDUSTRIAL AREA JEETPUR BEHRI,HIMACHAL PRADESH,21.0,5.7,7.98,375.0,1.0,0.32,1.8,21.0,2024,0.17513134851138354,119.7,1.1481999999999999,4.28,Safe
4456,"HANDPUMP NEAR SATSANG BHAWAN
VILLAGE MUGLA",HIMACHAL PRADESH,11.0,5.7,7.02,289.0,1.0,0.63,11.0,90.0,2024,0.17513134851138354,62.7,1.1555,4.32,Safe
4465,"GROUND WATER INTAKE POINT OF BBMB
AT VILL. HARABAGH",HIMACHAL PRADESH,14.0,5.7,6.75,163.0,1.0,0.32,26.0,140.0,2024,0.17513134851138354,79.8,0.939,3.26,Safe
4467,"GROUND WATER NEAR LIFT WATER SUPPLY SCHEME AT DARI DHARAMSHALA AT HOTEL DHAULADHAR HEIGHTS DARI, DHARAMSHALA",HIMACHAL PRADESH,14.0,5.7,6.92,112.0,1.0,0.3,1.8,2.0,2024,0.17513134851138354,79.8,0.5897000000000001,1.29,Safe
4468,"GROUND WATER SUPPLY SCHEME NEAR MELA GROUND DARI, DHARAMSHALA",HIMACHAL PRADESH,14.0,5.7,6.58,99.0,1.0,0.48,1.8,2.0,2024,0.17513134851138354,79.8,0.5997000000000001,1.35,Safe
4472,"GROUND WATER NEAR SUPPLY SCHEME
AT NAGROTA BHAGWAN",HIMACHAL PRADESH,14.0,5.7,7.21,143.0,1.0,0.5,2.0,2.0,2024,0.17513134851138354,79.8,0.692,1.91,Safe
4478,"LIFTING WATER SUPPLY SCHEME SHAMSHI, NEAR SABJI MANDI BHUNTER,
TEHSIL KULLU",HIMACHAL PRADESH,15.0,5.7,7.17,101.0,1.0,0.32,23.0,210.0,2024,0.17513134851138354,85.5,0.9155,3.14,Safe
4483,"GROUND WATER SUPPLY SCHEME (MC
UNA)",HIMACHAL PRADESH,21.0,5.7,7.81,402.0,1.0,0.32,1.8,1.8,2024,0.17513134851138354,119.7,1.1733999999999998,4.4,Safe
5249,GROUND WATER NEAR PULGHRAT BRIDGE ALONG NATIONAL HIGHWAY,HIMACHAL PRADESH,20.0,5.7,7.7,268.0,1.0,0.57,1.8,1.8,2024,0.17513134851138354,114.0,0.9554,3.35,Safe
5250,"BOREWELL IN THE PREMISES OF M/S BHAGWATI AUTOMOBILE, PLOT NO. 13, INDL AREA SAULI KHAD, DIST. MANDI",HIMACHAL PRADESH,22.0,5.7,6.52,256.0,1.0,2.47,1.8,1.8,2024,0.17513134851138354,125.4,1.3114,5.01,Safe
5258,"GROUUND WATER AT VPO SANOLI, SUB-TEHSIL MEHTAPUR (DRINKING WATER
SUPPLY SCHEME)",HIMACHAL PRADESH,20.0,5.7,7.19,633.0,1.0,0.32,8.2,54.0,2024,0.17513134851138354,114.0,1.7232999999999998,6.64,Safe
2759,DUGWELL AT GAGHWAL(KATHUA DISTT),JAMMU & KASHMIR,19.0,5.7,7.36,410.0,1.0,0.0,11.0,90.0,2024,0.17513134851138354,108.3,1.2714999999999999,4.84,Safe
2760,"MALADHAR TALAB(POND)HATLI
(KATHUA)",JAMMU & KASHMIR,18.0,5.7,7.42,412.0,2.0,0.0,11.0,90.0,2024,0.3502626970227671,102.60000000000001,1.5755,6.08,Safe
2761,"TUBE WELL KATHUA SICOP INDUSTRIAL
AREA KATHUA",JAMMU & KASHMIR,18.0,5.7,7.64,436.0,1.0,0.0,11.0,90.0,2024,0.17513134851138354,102.60000000000001,1.3235000000000001,5.06,Safe
2762,"R.S. PURA TEHSIL, JAMMU",JAMMU & KASHMIR,20.0,5.7,6.5,800.0,2.0,0.0,11.0,90.0,2024,0.3502626970227671,114.0,2.3515000000000006,8.7,Safe
4064,"BOREWELL NEAR INDUSTRIAL AREA
GANGYAL",JAMMU & KASHMIR,16.0,5.7,7.66,525.0,1.0,0.0,11.0,90.0,2024,0.17513134851138354,91.2,1.5015,5.79,Safe
4065,"BOREWELL NEAR INDUSTRIAL AREA BARI-
BRAHMNA",JAMMU & KASHMIR,17.0,5.7,7.56,266.0,1.0,0.0,11.0,90.0,2024,0.17513134851138354,96.9,0.9835,3.49,Safe
4066,"BOREWELL NEAR INDUSTRIAL AREA
SAMBA",JAMMU & KASHMIR,18.0,5.7,7.84,324.0,1.0,0.0,11.0,90.0,2024,0.17513134851138354,102.60000000000001,1.0995000000000001,4.05,Safe
4067,"BOREWELL NEAR INDUSTRIAL AREA
UDHAMPUR",JAMMU & KASHMIR,17.0,5.7,7.58,468.0,1.0,0.0,11.0,90.0,2024,0.17513134851138354,96.9,1.3875,5.33,Safe
4068,"BABA TALAB (ANCIENT POND) AT
MISHRIWALA (WETLAND)",JAMMU & KASHMIR,18.0,5.7,7.56,300.0,1.0,0.0,11.0,90.0,2024,0.17513134851138354,102.60000000000001,1.0515,3.82,Safe
4069,"ANCIENT BOWLIES IN UDHAMPUR AT
GANGERA BOWLI",JAMMU & KASHMIR,17.0,5.7,7.26,464.0,1.0,0.0,11.0,90.0,2024,0.17513134851138354,96.9,1.3795,5.3,Safe
4070,"ANCIENT BOWLIES IN UDHAMPUR AT
REHMATI MOHALLA BOWLI",JAMMU & KASHMIR,17.0,5.7,7.2,424.0,1.0,0.0,11.0,90.0,2024,0.17513134851138354,96.9,1.2995,4.96,Safe
4072,"BOREWELL IN SMAILPUR NEAR
CHRISTIAN HOSPITAL",JAMMU & KASHMIR,17.0,5.7,7.46,312.0,1.0,0.0,11.0,90.0,2024,0.17513134851138354,96.9,1.0755000000000001,3.94,Safe
4073,"BOREWELL NEAR MAIN CHOWK,
SMAILPUR",JAMMU & KASHMIR,18.0,5.7,7.72,342.0,1.0,0.0,11.0,90.0,2024,0.17513134851138354,102.60000000000001,1.1355,4.22,Safe
4074,"MANWAR TAWI BELOW SALAINI BRIDGE-
RAJOURI",JAMMU & KASHMIR,14.0,5.7,7.8,189.0,1.0,0.0,11.0,90.0,2024,0.17513134851138354,79.8,0.8294999999999999,2.69,Safe
4492,"HAND PUMP NEAR GARBAGE DUMP,
RAKSHIBANDH DUMKA",JHARKHAND,18.0,5.7,7.5,210.0,1.4,0.0,11.0,90.0,2024,0.24518388791593693,102.60000000000001,0.9915,3.53,Safe
4493,HOLY POND AT VILLAGE SIKATIA,JHARKHAND,19.0,5.7,7.6,190.0,1.1,0.0,11.0,90.0,2024,0.1926444833625219,108.3,0.8614999999999999,2.86,Safe
3564,"BOREWELL WATER NEAR
MANGALIJYOTHI SCHOOL MSW SITE VAMMANJOOR",KARNATAKA,28.0,5.7,7.5,124.0,2.4,0.3,1.8,23.0,2024,0.4203152364273205,159.6,1.0652,3.89,Safe
19,"WELL AT ELOOR,ERNAKULAM",KERALA,27.0,5.7,6.4,120.0,1.0,0.72,540.0,3100.0,2024,0.17513134851138354,153.9,6.143999999999999,16.22,Safe
22,"WELL AT CHUNGAPALLY, KERALA",KERALA,27.0,5.7,5.4,123.0,1.0,1.9,380.0,460.0,2024,0.17513134851138354,153.9,2.186,8.2,Safe
35,"WELL AT PUNALUR, KERALA",KERALA,25.0,5.7,7.0,152.0,1.1,0.3,20.0,110.0,2024,0.1926444833625219,142.5,0.8890000000000001,3.0,Safe
1581,"WELL AT PAPPANAMKODE,
THIRUVANANTHAPURAM, KERALA",KERALA,28.0,5.7,6.0,136.0,1.0,0.3,400.0,600.0,2024,0.17513134851138354,159.6,2.1319999999999997,8.03,Safe
1582,"WELL AT NEDUMANGAD,
THIRUVANANTHAPURAM, KERALA",KERALA,28.0,5.7,6.0,552.0,1.0,0.3,1.8,400.0,2024,0.17513134851138354,159.6,2.0667,7.82,Safe
1583,"WELL AT KUNDARA, KOLLAM DISTT. ,
KERALA",KERALA,24.0,5.7,6.5,128.0,1.0,0.3,2.0,40.0,2024,0.17513134851138354,136.8,0.679,1.83,Safe
1586,"WELL AT EDAYAR ERNAKULAM DISTT.,
KERALA",KERALA,27.2,5.7,6.31,310.0,1.0,2.09,1200.0,1500.0,2024,0.17513134851138354,155.04,5.388,15.11,Safe
1587,"WELL AT KALAMASSERY ERNAKULAM
DISTT. ,KERALA",KERALA,27.0,5.7,5.9,291.0,2.3,6.22,1.8,10.0,2024,0.4028021015761821,153.9,2.5337,9.23,Safe
1588,"WELL AT PUNKUNNAM TRISSUR DISTT. ,
KERALA",KERALA,26.0,5.7,5.7,150.0,1.4,0.3,1.8,240.0,2024,0.24518388791593693,148.20000000000002,1.1427,4.26,Safe
1589,"WELL AT MALAPURAM , KERALA",KERALA,25.0,5.7,3.0,146.0,1.0,0.3,170.0,630.0,2024,0.17513134851138354,142.5,1.8519999999999999,7.1,Safe
1590,"WELL AT MAVOOR, KOZHIKKODE DISTT. ,
KERALA",KERALA,27.0,5.7,6.5,103.0,1.0,1.89,520.0,800.0,2024,0.17513134851138354,153.9,2.864,10.11,Safe
1591,"WELL AT KANNUR MUNICIPALITY
KANNUR",KERALA,26.0,5.7,5.1,100.0,1.0,0.3,230.0,350.0,2024,0.17513134851138354,148.20000000000002,1.4300000000000002,5.51,Safe
1592,"WELL AT PAYYANNUR, KANNUR DISTT. ,
KERALA",KERALA,26.0,5.7,5.8,219.0,2.1,0.3,1.8,350.0,2024,0.36777583187390545,148.20000000000002,1.6557,6.39,Safe
2308,"WELL AT FATHIMAPURAM
(CHANGANASSERY)",KERALA,27.0,5.7,6.5,111.0,1.0,0.72,48.0,210.0,2024,0.17513134851138354,153.9,1.053,3.83,Safe
2309,WELL AT KAROOR (PALA),KERALA,27.0,5.7,5.1,76.0,1.0,0.3,49.0,150.0,2024,0.17513134851138354,153.9,0.8105,2.58,Safe
2310,WELL AT VAIKOM,KERALA,27.0,5.7,6.2,180.0,1.0,0.3,150.0,350.0,2024,0.17513134851138354,153.9,1.47,5.67,Safe
2311,WELL AT VADAVATHOOR (KOTTAYAM),KERALA,27.0,5.7,6.4,142.0,1.0,0.3,150.0,750.0,2024,0.17513134851138354,153.9,1.9939999999999998,7.58,Safe
2313,"WELL AT SARVODAPURAM, ALAPPUZHA",KERALA,29.0,5.7,8.3,346.0,3.2,0.3,500.0,700.0,2024,0.5604203152364273,165.3,3.5120000000000005,11.65,Safe
2314,WELL AT KUREEPUZHA (KOLLAM),KERALA,24.0,5.7,7.5,142.0,1.0,0.3,10.0,94.0,2024,0.17513134851138354,136.8,0.7999999999999999,2.52,Safe
2315,WELL AT K.M.M.L. (KOLLAM),KERALA,23.0,5.7,7.2,176.0,1.0,0.3,20.0,70.0,2024,0.17513134851138354,131.1,0.847,2.78,Safe
2316,"WELL AT CHELLORA TRENCHING GROUND
(KANNUR)",KERALA,27.0,5.7,4.8,48.0,1.2,0.3,1.8,1.8,2024,0.21015761821366025,153.9,0.5214000000000001,0.85,Safe
2317,WELL AT PUNNALPETTIPPALAM,KERALA,26.0,5.7,6.4,244.0,1.0,0.3,10.0,40.0,2024,0.17513134851138354,148.20000000000002,0.923,3.18,Safe
2320,WELL AT MANJERI,KERALA,24.0,5.7,6.3,160.0,1.1,0.3,1.8,110.0,2024,0.1926444833625219,136.8,0.8777000000000001,2.94,Safe
2321,WELL AT LALOOR (THRISSUR),KERALA,27.0,5.7,4.4,233.0,3.0,0.3,1.8,140.0,2024,0.5253940455341506,153.9,1.6386999999999998,6.32,Safe
2322,WELL AT OLLUR (THRISSUR),KERALA,28.0,5.7,5.4,206.0,1.0,0.3,1.8,120.0,2024,0.17513134851138354,159.6,0.9547000000000001,3.34,Safe
2323,"WELL AT BRAHMAPURAM M.S.W.
DUMPARK",KERALA,26.0,5.7,6.4,205.0,1.0,0.3,310.0,1400.0,2024,0.17513134851138354,148.20000000000002,3.335,11.26,Safe
2324,"WELL AT HAZARDOUS WASTE DUMP
(AMBALAMUGAL BOREWELL)",KERALA,26.0,5.7,5.5,145.0,1.0,5.57,10.0,79.0,2024,0.17513134851138354,148.20000000000002,1.8375000000000001,7.05,Safe
2327,WELL AT KARUKAMANI,KERALA,29.0,5.7,8.2,705.0,1.0,0.3,1.8,300.0,2024,0.17513134851138354,165.3,2.2226999999999997,8.31,Safe
3463,"WELL AT VELLIPARAMBA, KOZHEKODE",KERALA,28.0,5.7,5.3,91.0,1.0,2.74,480.0,820.0,2024,0.17513134851138354,159.6,2.9799999999999995,10.41,Safe
3472,"WELL OF TEMPLE PARASSINIKADAVU,
KANNUR",KERALA,27.0,5.7,7.5,411.0,2.2,0.3,17.0,24.0,2024,0.3852889667250438,153.9,1.6035000000000001,6.19,Safe
3474,"WELL AT PAYANOOR, KANNUR",KERALA,27.0,5.7,6.9,125.0,1.5,0.3,350.0,400.0,2024,0.2626970227670753,153.9,1.8850000000000002,7.21,Safe
3475,"WELL AT KARIMBAM, KANNUR",KERALA,26.0,5.7,5.0,56.0,1.0,0.3,58.0,79.0,2024,0.17513134851138354,148.20000000000002,0.6775,1.82,Safe
5219,"WELL AT SRI KIRATHAMOORTHY SIVA TEMPLE, KANJIKKODE, PALAKKAD",KERALA,28.0,5.7,6.5,122.0,1.8,0.94,1.8,500.0,2024,0.3152364273204904,159.6,1.7247,6.64,Safe
1402,WELL C/O KULAKKINAPURA,LAKSHADWEEP,27.6,5.7,7.6,575.0,1.0,0.0,1600.0,1600.0,2024,0.17513134851138354,157.32000000000002,6.25,16.37,Safe
1593,WELL NEAR JB SCHOOL (E),LAKSHADWEEP,27.6,5.7,7.8,703.0,1.0,0.0,30.0,40.0,2024,0.17513134851138354,157.32000000000002,1.8110000000000002,6.95,Safe
1594,WELL NEAR OTTAVATHIL PALLI,LAKSHADWEEP,28.2,5.7,7.5,743.0,1.0,0.0,26.0,1600.0,2024,0.17513134851138354,160.74,4.225,13.11,Safe
1595,WELL C/O CHEKKILLAM HOUSE,LAKSHADWEEP,27.5,5.7,7.8,406.0,1.0,0.0,900.0,900.0,2024,0.17513134851138354,156.75,3.8119999999999994,12.29,Safe
1596,WELL C/O KADATH PALLI,LAKSHADWEEP,27.4,5.7,7.7,603.0,1.0,0.0,23.0,23.0,2024,0.17513134851138354,156.18,1.5750000000000002,6.08,Safe
1597,WELL C/O BADAR PALLI,LAKSHADWEEP,28.0,5.7,8.0,536.0,1.0,0.0,17.0,30.0,2024,0.17513134851138354,159.6,1.4425000000000001,5.56,Safe
1598,WELL C/O PUTHIYA PALLI,LAKSHADWEEP,27.5,5.7,7.8,542.0,1.0,0.0,22.0,130.0,2024,0.17513134851138354,156.75,1.612,6.22,Safe
1599,WELL C/O PURATHA PALLI,LAKSHADWEEP,27.2,5.7,7.7,493.0,2.0,0.0,6.0,17.0,2024,0.3502626970227671,155.04,1.6204999999999998,6.26,Safe
1600,WELL C/O ANDAM PALLI,LAKSHADWEEP,28.8,5.7,7.4,790.0,1.0,0.0,17.0,70.0,2024,0.17513134851138354,164.16,2.0105000000000004,7.63,Safe
1601,WELL C/O CIRCUIT HOUSE,LAKSHADWEEP,25.9,5.7,7.6,729.0,1.0,0.0,26.0,900.0,2024,0.17513134851138354,147.63,3.1470000000000002,10.82,Safe
1602,WELL C/O GOVT. PRESS,LAKSHADWEEP,25.4,5.7,7.7,705.0,1.0,0.0,17.0,1600.0,2024,0.17513134851138354,144.78,4.1355,12.94,Safe
1603,WELL C/O POLICE QUARTERS,LAKSHADWEEP,25.7,5.7,7.2,1541.0,1.0,0.0,26.0,900.0,2024,0.17513134851138354,146.49,4.771,14.1,Safe
1604,WELL BACK SIDE OF TEMPLE,LAKSHADWEEP,27.3,5.7,7.6,1840.0,1.0,0.0,6.0,900.0,2024,0.17513134851138354,155.61,5.3389999999999995,15.03,Safe
1605,WELL AT CHICKEN NECK,LAKSHADWEEP,27.6,5.7,7.8,12160.0,1.0,0.0,4.0,1600.0,2024,0.17513134851138354,157.32000000000002,27.026,29.8,Moderate
1606,WELL NEAR POWER HOUSE QUARTERS,LAKSHADWEEP,26.9,5.7,7.6,802.0,1.0,0.0,30.0,170.0,2024,0.17513134851138354,153.32999999999998,2.204,8.25,Safe
4548,WELL C/O POULTRY FARM,LAKSHADWEEP,25.8,5.7,7.6,475.0,1.0,0.0,30.0,90.0,2024,0.17513134851138354,147.06,1.43,5.51,Safe
4549,WELL NEAR NARANGA PURA,LAKSHADWEEP,28.3,5.7,7.5,1644.0,1.0,0.0,4.0,23.0,2024,0.17513134851138354,161.31,3.6285,11.91,Safe
4550,WELL NEAR SLAUTER HOUSE,LAKSHADWEEP,27.5,5.7,7.7,606.0,1.0,0.0,17.0,80.0,2024,0.17513134851138354,156.75,1.6575000000000002,6.4,Safe
4551,WELL NEAR LTTD PLANT,LAKSHADWEEP,28.2,5.7,7.8,580.0,1.0,0.0,9.0,12.0,2024,0.17513134851138354,160.74,1.4915,5.75,Safe
4552,WELL C/O HIGH SCHOOL,LAKSHADWEEP,25.7,5.7,7.6,870.0,1.0,0.0,17.0,140.0,2024,0.17513134851138354,146.49,2.2755,8.47,Safe
4553,WELL NEAR JBS (N),LAKSHADWEEP,28.5,5.7,7.6,1036.0,1.0,0.0,26.0,34.0,2024,0.17513134851138354,162.45000000000002,2.462,9.02,Safe
4554,WELL C/O IG HOSPITAL,LAKSHADWEEP,27.0,5.7,7.6,939.0,1.0,0.0,13.0,23.0,2024,0.17513134851138354,153.9,2.2319999999999998,8.34,Safe
4555,WELL NEAR WASTE DUMPING SITE,LAKSHADWEEP,26.9,5.7,7.6,978.0,2.0,0.0,8.0,33.0,2024,0.3502626970227671,153.32999999999998,2.6175,9.46,Safe
4556,WELL C/O SOLAR POWER PLANT,LAKSHADWEEP,27.6,5.7,7.8,679.0,1.0,0.0,2.0,8.0,2024,0.17513134851138354,157.32000000000002,1.673,6.45,Safe
4558,WELL C/O BARALI SURAMBI,LAKSHADWEEP,32.8,5.7,7.3,905.0,1.0,0.0,11.0,90.0,2024,0.17513134851138354,186.95999999999998,2.2615000000000007,8.43,Safe
4559,WELL C/O THAJ MANZIL,LAKSHADWEEP,32.3,5.7,7.5,1475.0,1.0,0.0,11.0,90.0,2024,0.17513134851138354,184.10999999999999,3.4015000000000004,11.41,Safe
4560,WELL C/O POOVALAP,LAKSHADWEEP,31.8,5.7,7.3,1145.0,1.0,0.0,11.0,90.0,2024,0.17513134851138354,181.26000000000002,2.7415000000000003,9.79,Safe
4561,WELL C/O PUTHIYA PAKKIMADA,LAKSHADWEEP,31.6,5.7,7.4,838.0,1.0,0.0,11.0,90.0,2024,0.17513134851138354,180.12,2.1275000000000004,8.01,Safe
4562,WELL C/O BELIYACHADA,LAKSHADWEEP,32.8,5.7,7.6,1850.0,1.0,0.0,11.0,90.0,2024,0.17513134851138354,186.95999999999998,4.1514999999999995,12.97,Safe
4563,WELL C/O KANCHARAKAKADA,LAKSHADWEEP,31.6,5.7,7.2,1535.0,1.0,0.0,11.0,90.0,2024,0.17513134851138354,180.12,3.5215000000000005,11.67,Safe
4564,WELL C/O KUNJACHA,LAKSHADWEEP,32.7,5.7,7.5,978.0,1.0,0.0,11.0,90.0,2024,0.17513134851138354,186.39000000000001,2.4074999999999998,8.86,Safe
4565,WELL C/O LAGOONS BATH,LAKSHADWEEP,33.4,5.7,7.5,1057.0,1.0,0.0,11.0,90.0,2024,0.17513134851138354,190.38,2.5655,9.31,Safe
4566,WELL NEAR S&T,LAKSHADWEEP,30.8,5.7,7.3,1067.0,1.0,0.0,11.0,90.0,2024,0.17513134851138354,175.56,2.5854999999999997,9.37,Safe
4567,WELL C/O UJRA PALLI,LAKSHADWEEP,29.9,5.7,7.5,682.0,1.0,0.0,11.0,90.0,2024,0.17513134851138354,170.43,1.8155000000000001,6.97,Safe
4569,WELL C/O DARUL NOOR,LAKSHADWEEP,32.3,5.7,7.6,887.0,1.0,0.0,11.0,90.0,2024,0.17513134851138354,184.10999999999999,2.2255000000000003,8.32,Safe
4570,WELL C/O CHC SUB CENTRE NORTH,LAKSHADWEEP,33.8,5.7,7.5,1715.0,1.0,0.0,11.0,90.0,2024,0.17513134851138354,192.66,3.8815,12.44,Safe
4571,WELL C/O MAMPURAM,LAKSHADWEEP,32.0,5.7,7.4,1431.0,1.0,0.0,11.0,90.0,2024,0.17513134851138354,182.4,3.3135000000000003,11.21,Safe
4572,WELL C/O OBSERVATORY,LAKSHADWEEP,32.6,5.7,7.8,547.0,1.0,0.0,11.0,90.0,2024,0.17513134851138354,185.82000000000002,1.5455,5.97,Safe
4573,WELL C/O BALIYOMME CHETTA,LAKSHADWEEP,33.2,5.7,7.4,1527.0,1.0,0.0,11.0,90.0,2024,0.17513134851138354,189.24,3.5055000000000005,11.64,Safe
4574,WELL C/O MOULA PALLI,LAKSHADWEEP,30.7,5.7,7.3,654.0,1.0,0.0,11.0,90.0,2024,0.17513134851138354,174.99,1.7595,6.77,Safe
4575,WELL C/O BEEREDAM,LAKSHADWEEP,31.4,5.7,7.5,1097.0,1.0,0.0,11.0,90.0,2024,0.17513134851138354,178.98,2.6455,9.54,Safe
4576,WELL C/O HUSSAIN MANZIL,LAKSHADWEEP,32.4,5.7,7.5,536.0,1.0,0.0,11.0,90.0,2024,0.17513134851138354,184.68,1.5235,5.88,Safe
52,"WELL, SHRI RAO PRAJAPATI WELL , M. P. (T/W OF HANIF KHAN S/O JABBAR KHAN, AMRAWATI ROAD, BURHANPUR )",MADHYA PRADESH,20.0,5.7,7.3,1244.0,1.0,3.21,1.8,3.7,2024,0.17513134851138354,114.0,3.4382499999999996,11.49,Safe
1616,"TUBE WELL WATER - INDUSTRIAL AREA,
GOVINDPURA, BHOPAL, (M.P)",MADHYA PRADESH,26.0,5.7,7.38,1473.0,1.2,42.7,1.8,43.0,2024,0.21015761821366025,148.20000000000002,11.913200000000002,22.1,Safe
1618,"HAND PUMP, MALANPUR HARI RAM KA
PURA (EAST)",MADHYA PRADESH,22.0,5.7,7.2,340.0,1.0,0.8,11.0,90.0,2024,0.17513134851138354,125.4,1.2915,4.92,Safe
1619,"HAND PUMP, JHIRONGI, MALANPUR
BHIND (WEST)",MADHYA PRADESH,21.0,5.7,7.2,350.0,1.0,0.7,11.0,90.0,2024,0.17513134851138354,119.7,1.2915,4.92,Safe
1897,"TUBE WELL AT JAINABAD, NEAR TAPTI RIVER BRIDGE, PUMPING
STN. BURHANPUR, M.P.",MADHYA PRADESH,20.0,5.7,7.36,1002.0,1.0,2.62,1.8,3.1,2024,0.17513134851138354,114.0,2.83535,10.04,Safe
2143,"HAND PUMP WATER AT KATHONDA,
JABALPUR",MADHYA PRADESH,22.3,5.7,7.06,532.0,1.0,3.32,1.8,2.0,2024,0.17513134851138354,127.11000000000001,2.0337,7.71,Safe
2144,"HAND PUMP WATER AT MADAI GRAM,
JABALPUR",MADHYA PRADESH,23.8,5.7,7.18,272.0,1.0,0.3,1.8,2.0,2024,0.17513134851138354,135.66,0.9097000000000001,3.11,Safe
2145,"WELL AT MEHATWAS, NAGDA",MADHYA PRADESH,27.0,5.7,7.32,1078.0,1.0,7.66,1.8,10.0,2024,0.17513134851138354,153.9,4.0057,12.69,Safe
2146,"WELL AT BHAGATPURI VILLAGE, NAGDA",MADHYA PRADESH,27.0,5.7,7.13,1894.0,1.2,4.18,1.8,12.0,2024,0.21015761821366025,153.9,5.0047,14.49,Safe
2147,"WELL AT PRATAL NAGAR, DEWAS",MADHYA PRADESH,21.0,5.7,6.84,1714.0,1.4,0.61,11.0,90.0,2024,0.24518388791593693,119.7,4.121500000000001,12.91,Safe
2148,"WELL AT DOSIGAON, RATLAM",MADHYA PRADESH,26.0,5.7,7.1,1910.0,1.2,5.66,1.8,11.0,2024,0.21015761821366025,148.20000000000002,5.3312,15.02,Safe
2149,"WELL AT CULVERT ON A.B. ROAD, MAKSI",MADHYA PRADESH,22.0,5.7,7.4,1460.0,1.4,2.16,11.0,90.0,2024,0.24518388791593693,125.4,3.9235000000000007,12.52,Safe
2150,"WELL AT TRENCHING GROUND, NEAR GARDEN, DEV GURADIYA ROAD, INDORE",MADHYA PRADESH,21.0,5.7,7.43,1632.0,1.0,2.04,1.8,10.0,2024,0.17513134851138354,119.7,3.9897000000000005,12.65,Safe
2151,"WELL AT TRENCHING GROUND IN THE PREMISES OF M/S RISHABH MASALA
UDYOG, INDORE",MADHYA PRADESH,20.5,5.7,7.3,2730.0,1.9,3.02,1.8,11.0,2024,0.3327495621716287,116.85000000000001,6.6532,16.9,Safe
2152,"WELL AT TRENCHING GROUND IN THE PREMISES OF M/S LAKHANI FOOT WEAR,
INDORE",MADHYA PRADESH,20.5,5.7,7.32,2085.0,1.0,3.11,1.8,6.8,2024,0.17513134851138354,116.85000000000001,5.104900000000001,14.66,Safe
2153,"TUBWELL WATER AT IBRAHIMGANJ NEAR
BUS STAND, BHOPAL (M.P.)",MADHYA PRADESH,25.0,5.7,7.1,786.0,1.0,8.85,1.8,48.0,2024,0.17513134851138354,142.5,3.7167,12.09,Safe
2154,"WELL AT NEAR PRIMARY SCHOOL,
PILUKHEDI, RAJGARH.",MADHYA PRADESH,19.0,5.7,7.03,2414.0,1.6,7.69,1.8,1.8,2024,0.28021015761821366,108.3,6.8514,17.16,Safe
3332,"TUBE WELL/ HAND PUMP AT INDUSTRIAL
AREA, DEWAS",MADHYA PRADESH,22.0,5.7,7.4,1210.0,1.2,1.91,11.0,90.0,2024,0.21015761821366025,125.4,3.3135000000000003,11.21,Safe
3333,"HAND PUMP WATER AT BANSKHEDI,
BHOPAL(M.P.)",MADHYA PRADESH,22.0,5.7,7.12,785.0,1.0,2.3,1.8,1.8,2024,0.17513134851138354,125.4,2.3354,8.65,Safe
3334,"HAND PUMP WATER SAMPLE BUS
STAND, BETUL",MADHYA PRADESH,20.0,5.7,7.71,523.0,1.0,2.6,15.0,90.0,2024,0.17513134851138354,114.0,2.0235000000000003,7.68,Safe
3335,"TUBE WELL/ HAND PUMP AT INDUSTRIAL AREA RECHHAI,
JABALPUR",MADHYA PRADESH,23.9,5.7,7.12,278.0,1.0,1.12,1.8,1.8,2024,0.17513134851138354,136.23,1.0854,3.99,Safe
3336,"TUBE WELL/ HAND PUMP GROUND WATER SAMPLE INDUSTRIAL AREA
IMLIKHEDA, CHHINDWARA",MADHYA PRADESH,24.0,5.7,7.74,619.0,1.0,2.86,3.0,15.0,2024,0.17513134851138354,136.8,2.1370000000000005,8.04,Safe
3337,"TUBE WELL/ HAND PUMP AT INDL AREA
SEONI NEAR BARAPATTHAR",MADHYA PRADESH,23.0,5.7,7.14,272.0,1.0,0.32,1.8,2.0,2024,0.17513134851138354,131.1,0.9137000000000001,3.13,Safe
3338,"HAND PUMP NEAR PANCHAYAT BHAWAN, VILLAGE TINAWALI
RAIRU",MADHYA PRADESH,21.0,5.7,7.43,700.0,1.0,0.74,11.0,90.0,2024,0.17513134851138354,119.7,1.9995,7.6,Safe
3339,"TUBE WELL/ HAND PUMP NEAR MANGLIA INDUSTRIAL AREA ,
INDORE",MADHYA PRADESH,20.0,5.7,7.41,710.0,1.0,1.08,1.8,3.7,2024,0.17513134851138354,114.0,1.9442499999999998,7.41,Safe
3340,"TUBE WELL AT NEAR TRENCHING
GROUND, INDORE",MADHYA PRADESH,20.5,5.7,7.3,1995.0,1.0,2.1,1.8,3.7,2024,0.17513134851138354,116.85000000000001,4.71825,14.01,Safe
3341,"TUBE WELL AT SECTOR-III, PITHAMPUR
INDUSTRIAL AREA",MADHYA PRADESH,20.4,5.7,7.44,690.0,1.0,1.01,1.8,3.7,2024,0.17513134851138354,116.28,1.89025,7.23,Safe
3342,"BOREWELL WATER AT VILLAGE TARPUR, SECTOR-II, PITHAMPUR,INDUSTRIAL
AREA",MADHYA PRADESH,21.0,5.7,7.36,405.0,1.0,1.92,1.8,3.6,2024,0.17513134851138354,119.7,1.5021,5.8,Safe
3343,"TUBE WELL NEAR INDUSTRIAL AREA UDYOG VIHAR , CHURAT,
REWA",MADHYA PRADESH,24.2,5.7,7.35,1179.0,1.0,4.47,1.8,8.2,2024,0.17513134851138354,137.94,3.567,11.77,Safe
3344,"TUBEWELL AT INDL AREA, SHAHDOLU/G WATER SAMPLE FROM INDUSTRIAL AREA,NARSARHA,DISTT. SHAHDOL(M.P.)",MADHYA PRADESH,29.1,5.7,6.89,602.0,1.0,2.65,1.8,1.8,2024,0.17513134851138354,165.87,2.0393999999999997,7.73,Safe
3345,"TUBEWELL AT INDL AREA, ANUPPUR",MADHYA PRADESH,28.9,5.7,7.04,612.0,1.0,2.14,1.8,1.8,2024,0.17513134851138354,164.73,1.9574,7.46,Safe
3822,"GROUND WATER NEAR BUS STAND, DIST
NARSINGPUR",MADHYA PRADESH,23.0,5.7,7.32,348.0,1.0,0.32,1.8,2.0,2024,0.17513134851138354,131.1,1.0656999999999999,3.89,Safe
3823,"GROUND WATER NEAR BUS STAND, DIST
BALAGHAT",MADHYA PRADESH,23.1,5.7,7.32,358.0,1.0,0.52,1.8,2.0,2024,0.17513134851138354,131.67000000000002,1.1257,4.18,Safe
3824,"GROUND WATER VILL BHEEMJORI,
MALAJKH, DIST BALAGHAT",MADHYA PRADESH,24.1,5.7,7.11,292.0,1.0,0.36,1.8,1.8,2024,0.17513134851138354,137.37,0.9614,3.38,Safe
3825,"GROUND WATER NEAR BUS STAND, DIST
MANDLA",MADHYA PRADESH,24.0,5.7,7.21,304.0,1.0,0.32,1.8,1.8,2024,0.17513134851138354,136.8,0.9774000000000002,3.46,Safe
3826,"GROUND WATER NEAR BUS STAND, DIST
SEONI",MADHYA PRADESH,23.0,5.7,7.2,304.0,1.0,0.32,1.8,2.0,2024,0.17513134851138354,131.1,0.9777000000000001,3.46,Safe
3827,"GROUND WATER VILL IMALIA, DIST
JABALPUR",MADHYA PRADESH,24.0,5.7,7.19,712.0,1.0,3.82,1.8,1.8,2024,0.17513134851138354,136.8,2.4934000000000003,9.11,Safe
3854,"TUBE WELL WATER SAMPLE OF SIDHI
CITY",MADHYA PRADESH,24.8,5.7,7.08,1126.0,1.0,4.38,1.8,6.8,2024,0.17513134851138354,141.36,3.4409,11.5,Safe
4618,"GROUND WATER AT INDUSTRIAL AREA,
MANERI DISTT MANDLA",MADHYA PRADESH,24.4,5.7,7.1,266.0,1.0,0.52,1.8,1.8,2024,0.17513134851138354,139.07999999999998,0.9414000000000001,3.28,Safe
4625,"HAND PUMP WATER AT DISTRICT
HOSPITAL, BHOPAL (M.P.)",MADHYA PRADESH,21.0,5.7,7.18,694.0,1.0,2.21,1.8,1.8,2024,0.17513134851138354,119.7,2.1353999999999997,8.04,Safe
4626,"HAND PUMP  WATER AT DISTRICT
HOSPITAL ,SEHORE ( M.P.)",MADHYA PRADESH,24.0,5.7,7.14,1150.0,1.2,23.93,1.8,33.0,2024,0.21015761821366025,136.8,7.4982000000000015,17.94,Safe
4628,"HAND PUMP WATER AT DISTRICT
HOSPITAL ,VIDISHA( M.P.)",MADHYA PRADESH,25.0,5.7,6.88,703.0,1.2,3.2,1.8,84.0,2024,0.21015761821366025,142.5,2.5347,9.23,Safe
4630,HAND PUMP DISTRICT HOSPITAL BETUL,MADHYA PRADESH,20.0,5.7,7.73,516.0,1.0,2.64,3.0,15.0,2024,0.17513134851138354,114.0,1.887,7.22,Safe
1985,"DUG WELL AT 5 -STAR INDUSTRIAL ESTATE, VILLAGE-KASHIMIRA , TALUKA-
THANE, DISTRICT-THANE.",MAHARASHTRA,26.0,5.7,7.2,2265.0,18.0,1.2,7.8,39.0,2024,3.1523642732049035,148.20000000000002,10.2402,20.72,Safe
1987,"BORE WELL AT VASAI,  VILLAGE-GOKHIWARE, TALUKA- VASAI, DISTRICT-
PALGHAR.",MAHARASHTRA,26.0,5.7,7.2,836.0,2.0,0.39,4.5,33.0,2024,0.3502626970227671,148.20000000000002,2.4062499999999996,8.86,Safe
1989,"BORE WELL AT MWML SITE AT TALOJA, VILLAGE-KARAWLA- TALOJA,TALUKA-PANVEL, DISTRICT- RAIGAD.",MAHARASHTRA,27.0,5.7,7.3,2515.0,3.0,0.79,1.8,70.0,2024,0.5253940455341506,153.9,6.1957,16.29,Safe
1990,"BORE WELL AT BMW SITE, VILLAGE-BURUDGAON ,TALUKA-AHMEDNAGAR,DISTRICT-AHMEDNAGAR.",MAHARASHTRA,25.0,5.7,7.8,2689.0,3.2,3.48,4.0,40.0,2024,0.5604203152364273,142.5,7.1000000000000005,17.47,Safe
1991,"BORE WELL AT MSW SITE,VILLAGE-PATHARDI ,TALUKA- NASHIK,DISTRICT-
NASHIK.",MAHARASHTRA,20.0,5.7,7.5,1410.0,5.5,5.75,12.0,140.0,2024,0.9632224168126094,114.0,5.848,15.8,Safe
1992,"DUG WELL AT MSW SITE, OWNED BY SHRI. DATTU KONDIBA BORATE AT BORATE VASTHI, VILLAGE- MOSHI, PIMPRI CHINCHWAD, TALUKA- HAWELI,
DISTRICT- PUNE.",MAHARASHTRA,27.0,5.7,7.5,615.0,2.0,0.39,21.0,275.0,2024,0.3502626970227671,153.9,2.3520000000000003,8.7,Safe
1993,"DUG WELL AT PANDHARPUR, VILLAGE-PANDHARPUR, TALUKA-GANGAPUR, DISTRICT - AURANGABAD.",MAHARASHTRA,28.0,5.7,7.6,1745.0,3.2,4.24,1.8,17.0,2024,0.5604203152364273,159.6,5.3262,15.01,Safe
1994,"DUG WELL AT TPS-DURGAPUR, NEAR NASEEB KIRANA AND GENERAL STORES, VILLAGE-DURGAPUR, TALUKA-CHANDRAPUR, DISTRICT- CHANDRAPUR.",MAHARASHTRA,20.0,5.7,7.3,692.0,3.2,0.73,34.0,280.0,2024,0.5604203152364273,114.0,2.9610000000000003,10.36,Safe
1995,"GRAM PANCHAYATH DUG WELL , NEAR BALAJI GAJBHIYE HOUSE,VILLAGE-KHAPERKHEDA ( WARD NO.4) , TALUKA-SAONER, DISTRICT- NAGPUR.",MAHARASHTRA,19.0,5.7,7.6,610.0,3.0,4.79,21.0,110.0,2024,0.5253940455341506,108.3,3.2745,11.12,Safe
1996,"GRAM PANCHAYATH DUG WELL , NEAR JAGADAMBA G. M. S. MANDIR SAHAKARI SANSTHA, VILLAGE-KORADI,TALUKA-KAMPTEE, DISTRICT- NAGPUR.",MAHARASHTRA,26.0,5.7,8.0,1170.0,3.4,0.62,23.0,150.0,2024,0.5954465849387041,148.20000000000002,3.7435,12.15,Safe
1997,"BORE WELL NEAR PRIMARY HEALTH
CENTRE, VILLAGE-RAIPUR,TALUKA-HINGNA, DISTRICT- NAGPUR.",MAHARASHTRA,19.0,5.7,7.6,546.0,3.0,1.13,26.0,120.0,2024,0.5253940455341506,108.3,2.4370000000000003,8.95,Safe
1999,"BORE WELL NEAR GRAM PANCHAYAT OFFICE, VILLAGE-CHANGERA,TALUKA-GONDIA, DISTRICT- GONDIA.",MAHARASHTRA,16.0,5.7,7.3,779.0,4.0,0.3,22.0,110.0,2024,0.7005253940455342,91.2,3.016,10.5,Safe
2000,"DUG WELL NEAR SARODE KIRANA STORE, VILLAGE-BHANDEWADI,TALUKA-NAGPUR, DISTRICT- NAGPUR.",MAHARASHTRA,26.0,5.7,7.9,1259.0,3.4,0.46,32.0,220.0,2024,0.5954465849387041,148.20000000000002,4.008,12.69,Safe
2002,"BORE WELL OPP.GAJANAN MAHARAJ TEMPLE AT ANJANGAON ROAD, VILLAGE-ANJANGAON,TALUKA- AKOT, DISTRICT-AKOLA.",MAHARASHTRA,26.0,5.7,8.0,872.0,3.0,0.92,21.0,220.0,2024,0.5253940455341506,148.20000000000002,3.1895000000000002,10.92,Safe
2003,"DUG WELL AT PLOT NO- 4, STREET NO.49-C, AT NEHRU BAL UDYAN AZAD MAIDAN, OWNED BY YAVATMAL M.C. TALUKA-YAVATMAL, DISTRICT-YAVATMAL.",MAHARASHTRA,22.0,5.7,7.4,772.0,3.2,0.4,21.0,110.0,2024,0.5604203152364273,125.4,2.7805,9.9,Safe
2004,"BORE WELL AT PARVATI INDUSTRIAL ESTATE, VILLAGE-YADRAV, TALUKA-
SHIROL, DISTRICT- KOLHAPUR.",MAHARASHTRA,28.0,5.7,7.6,1127.0,2.8,0.3,5.5,20.0,2024,0.49036777583187385,159.6,3.1922499999999996,10.92,Safe
2005,"BORE WELL AT KHANJIRENAGAR, VILLAGE KHANJIRENAGAR,TALUKA-HATKANANGALE, DISTRICT- KOLHAPUR.",MAHARASHTRA,28.0,5.7,7.7,1268.0,3.0,0.3,5.5,21.0,2024,0.5253940455341506,159.6,3.5357499999999997,11.71,Safe
2006,"BORE WELL AT SHINOLI NEAR M/S AQUA ALLOY STEEL ,MIDC, VILLAGE-SHINOLI, TALUKA-CHANDGAD, DISTRICT-
KOLHAPUR.",MAHARASHTRA,27.0,5.7,7.6,567.0,3.0,0.3,6.0,24.0,2024,0.5253940455341506,153.9,2.1390000000000002,8.05,Safe
2007,"BORE WELL AT SAVALI, NEAR GRAM PANCHAYAT OFFICE, VILLAGE-SAVALI, TALUKA- MIRAJ, DISTRICT- SANGLI.",MAHARASHTRA,27.0,5.7,7.2,2593.0,3.0,0.98,5.6,21.0,2024,0.5253940455341506,153.9,6.3219,16.46,Safe
2008,"DUG WELL AT SAMBARWADI OWNED BY SHRI. KISHAN HALI RAJPUT. VILLAGE-SAMBARWADI, TALUKA- MIRAJ, DISTRICT-
SANGLI.",MAHARASHTRA,26.0,5.7,7.3,1728.0,3.2,1.0,6.0,24.0,2024,0.5604203152364273,148.20000000000002,4.6610000000000005,13.91,Safe
2200,"BORE WELL AT KATPUR, NEAR Z.P. SCHOOL, VILLAGE-KATPUR,TALUKA-
PAITHAN,DISTRICT-AURANGABAD.",MAHARASHTRA,28.0,5.7,8.2,2772.0,2.8,3.11,1.8,2.0,2024,0.49036777583187385,159.6,7.0117,17.36,Safe
2201,"DUG WELL AT RANJANGAON, VILLAGE-RANJANGAON, TALUKA-GANGAPUR, DISTRICT- AURANGABAD.",MAHARASHTRA,32.0,5.7,8.2,1885.0,3.6,5.9,2.0,25.0,2024,0.6304728546409808,182.4,6.070500000000001,16.12,Safe
2203,"HAND PUMP IN THE PREMISES OF ZILLA PARISHAD PRIMARY SCHOOL, VILLAGE-BHUGAON,TALUKA- WARDHA,DISTRICT-
WARDHA.",MAHARASHTRA,19.0,5.7,8.3,910.0,3.5,8.9,21.0,110.0,2024,0.6129597197898424,108.3,4.846500000000001,14.23,Safe
2204,"DUG WELL AT GUNJALWADI,SANGAMNER NEAR
PRIMARY HEALTH CARE CENTER, VILLAGE-GUNJALWADI,TALUKA-SANGAMNER,DISTRICT-AHMADNAGAR.",MAHARASHTRA,25.0,5.7,7.7,204.0,3.2,1.12,3.7,43.0,2024,0.5604203152364273,142.5,1.66205,6.41,Safe
2816,"DUG WELL OF MR.SAMPAT WALUNJ, NEAR M/S MAHAJEET CLAYTON, VILLAGE-SHINDE VILLAGE, TALUKA- NASHIK, DISTRICT- NASHIK.",MAHARASHTRA,20.0,5.7,7.8,636.0,5.6,3.06,11.0,130.0,2024,0.9807355516637477,114.0,3.7755,12.22,Safe
2817,"BORE WELL AT CHITALI NEAR WAGH VASTHI, VILLAGE- CHITALI, TALUKA-
RAHATA, DISTRICT- AHMEDNAGAR.",MAHARASHTRA,25.0,5.7,7.9,292.0,3.0,1.26,4.5,47.0,2024,0.5253940455341506,142.5,1.8132499999999998,6.96,Safe
2819,"DUG WELL OWNED BY SHRI DESHMUKH, VILLAGE- MALEGAON, TALUKA-BARAMATI, DISTRICT- PUNE.",MAHARASHTRA,27.5,5.7,7.9,2786.0,2.4,0.3,6.0,350.0,2024,0.4203152364273205,156.75,6.886000000000001,17.2,Safe
2820,"DUG WELL OWNED BY SHRI SHIVAJI BABAN DAREKAR, VILLAGE- SANASWADI, TALUKA- SHIRUR, DISTRICT- PUNE.",MAHARASHTRA,27.0,5.7,8.2,296.0,2.2,0.32,45.0,550.0,2024,0.3852889667250438,153.9,2.2085,8.27,Safe
2821,"BORE WELL AT BALE RAILWAY STATION PREMISES OWNED BY SHRI. DIGAMBAR JOSHI, VILLAGE- DAHEGAON, TALUKA-NORTH SOLAPUR, DISTRICT- SOLAPUR.",MAHARASHTRA,30.0,5.7,7.4,4996.0,2.0,0.55,14.0,350.0,2024,0.3502626970227671,171.0,11.248000000000003,21.57,Safe
2822,"BORE WELL NEAR CHINCHOLI MIDC,
VILLAGE- CHINCHOLI, TALUKA- MOHOL, DISTRICT- SOLAPUR.",MAHARASHTRA,30.0,5.7,7.4,3113.0,2.0,1.04,17.0,250.0,2024,0.3502626970227671,171.0,7.4345,17.87,Safe
2825,"BORE WELL AT WAHEGAON, NEAR ZILLA PARISHAD SCHOOL,VILLAGE-WAHEGAON,TALUKA-PAITHAN, DISTRICT -
AURANGABAD",MAHARASHTRA,28.0,5.7,7.8,1906.0,3.4,6.12,1.8,2.0,2024,0.5954465849387041,159.6,6.0617,16.1,Safe
2826,"DUG WELL NEAR RAILWAY STATION & COTTON MARKET,  VILLAGE- WARDHA, TALUKA- WARDHA, DISTRICT- WARDHA.",MAHARASHTRA,19.0,5.7,7.5,613.0,3.3,6.84,23.0,110.0,2024,0.5779334500875657,108.3,3.7835,12.23,Safe
2828,"DUG WELL NEAR ZILLA PARISHAD PRIMARY SCHOOL, AT VILLAGE- VISAPUR, TALUKA- BALLARPUR, DISTRICT-
CHANDRAPUR.",MAHARASHTRA,20.0,5.7,7.2,744.0,3.4,0.64,21.0,110.0,2024,0.5954465849387041,114.0,2.8325,10.03,Safe
2829,"BORE WELL AT MIDC, SHIROLI NEAR M/S PRATIBHA ENTERPRISES, VILLAGE-SHIROLI,TALUKA-HATKANANGALE, DISTRICT- KOLHAPUR.",MAHARASHTRA,28.0,5.7,7.7,313.0,3.0,0.3,5.6,24.0,2024,0.5253940455341506,159.6,1.6303999999999998,6.29,Safe
2830,"BORE WELL AT MIDC GOKUL - SHIRGAON, VILLAGE- GOKUL-SHIRGAON, TALUKA-KARVIR, DISTRICT - KOLHAPUR.",MAHARASHTRA,26.0,5.7,8.2,317.0,3.0,0.3,5.6,21.0,2024,0.5253940455341506,148.20000000000002,1.6339,6.31,Safe
2831,"DUG WELL AT SAKHARALI, NEAR MIDC ISLAMPUR NEAR KRISHNA MILK INDUSTRY, VILLAGE- SAKHARALI, TALUKA-WALWA, DISTRICT- SANGLI.",MAHARASHTRA,28.0,5.7,7.7,915.0,3.0,1.11,5.6,25.0,2024,0.5253940455341506,159.6,2.9979,10.45,Safe
2832,"DUG WELL NO. 1 AT BRAHMANWADI-ANJANWEL, OWNED BY SHRI. VAIDYA, VILLAGE- ANJANWEL, TALUKA-GUHAGAR, DISTRICT- RATNAGIRI.",MAHARASHTRA,29.0,5.7,6.6,146.0,2.8,0.54,5.6,26.0,2024,0.49036777583187385,165.3,1.2873999999999999,4.91,Safe
2833,"DUG WELL NO. 1 OWNED BY GROUP GRAM PANCHAYAT AT ARKETWADI, NEAR MASJID, VILLAGE- ARKETWADI, TALUKA- KHED, DISTRICT- RATNAGIRI.",MAHARASHTRA,29.0,5.7,6.5,9914.0,4.2,0.3,5.6,31.0,2024,0.7355516637478109,165.3,21.202900000000007,27.48,Moderate
2834,"DUG WELL NO. 2 AT ARKETWADI, VILLAGE- ARKETWADI, TALUKA - KHED,
DISTRICT- RATNAGIRI.",MAHARASHTRA,29.0,5.7,7.2,216.0,3.2,0.67,13.0,43.0,2024,0.5604203152364273,165.3,1.6099999999999999,6.22,Safe
2835,"DUG WELL NO. 2, OWNED BY GROUP GRAM PANCHAYAT, BRAHMANWADI-ANJANWEL, VILLAGE- ANJANWEL, TALUKA- GUHAGAR, DISTRICT-
RATNAGIRI.",MAHARASHTRA,29.0,5.7,8.0,155.0,2.8,0.48,6.1,25.0,2024,0.49036777583187385,165.3,1.29265,4.93,Safe
1634,"POLICE BAZAR, SHILLONG (POLICE
BAZAAR SPRING)",MEGHALAYA,17.0,5.7,6.2,220.0,1.1,6.22,1.8,70.0,2024,0.1926444833625219,96.9,2.1217,7.99,Safe
1635,"MAWLAI, SHILLONG (MAWPDANG
SPRING)",MEGHALAYA,16.0,5.7,5.6,254.0,1.3,9.42,1.8,1.8,2024,0.22767075306479861,91.2,2.7874,9.91,Safe
1636,EPIP BYRNIHAT (NARBONG- WELL),MEGHALAYA,18.0,5.7,6.4,102.0,1.0,0.44,1.8,1.8,2024,0.17513134851138354,102.60000000000001,0.5974000000000002,1.34,Safe
1637,"SOHRA, CHERRAPUNJEE (WAH U DKHAR -
SPRING)",MEGHALAYA,15.0,5.7,5.8,92.0,1.1,1.22,1.8,1.8,2024,0.1926444833625219,85.5,0.7634000000000002,2.32,Safe
1638,SHANGPUNG (UMSAHEP SPRING),MEGHALAYA,17.0,5.7,5.1,133.0,1.0,2.52,1.8,1.8,2024,0.17513134851138354,96.9,1.0754,3.94,Safe
3385,MAWTHADRISHAN WELL AT MARKASA,MEGHALAYA,17.0,5.7,6.5,36.0,1.1,0.32,1.8,1.8,2024,0.1926444833625219,96.9,0.4714,0.52,Safe
3386,JAKREM HOT SPRING AT JAKREM,MEGHALAYA,40.0,5.7,8.8,359.0,1.2,0.32,1.8,1.8,2024,0.21015761821366025,228.0,1.1473999999999998,4.28,Safe
4323,"BOREWELL AT GOOD SHEPHERD PARISH
IN LADRYMBAI",MEGHALAYA,16.0,5.7,6.6,223.0,1.2,0.32,1.8,1.8,2024,0.21015761821366025,91.2,0.8754000000000001,2.93,Safe
4324,"BOREWELL AT KHLIEHWAH SHASEM - A
IN KHLIEHRIAT",MEGHALAYA,17.0,5.7,5.6,102.0,1.2,0.86,1.8,1.8,2024,0.21015761821366025,96.9,0.7414000000000001,2.2,Safe
4325,"BOREWELL AT KHLIEHWAH SHASEM - B IN
KHLIEHRIAT",MEGHALAYA,16.0,5.7,5.2,110.0,1.0,0.98,1.8,1.8,2024,0.17513134851138354,91.2,0.7214,2.08,Safe
4904,"DEEP TUBE WELL AT DONGKAMON
NONGMENSONG, SHILLONG",MEGHALAYA,18.0,5.7,6.4,140.0,1.5,1.0,1.8,23.0,2024,0.2626970227670753,102.60000000000001,0.9672,3.41,Safe
4905,"DUG WELL AT FOREST COLONY, POLO,
SHILLONG",MEGHALAYA,18.0,5.7,4.6,177.0,1.2,2.02,1.8,1.8,2024,0.21015761821366025,102.60000000000001,1.1234,4.17,Safe
4906,"DEEP TUBE WELL AT LABAN LAST STOP,
SHILLONG",MEGHALAYA,17.0,5.7,4.8,42.0,1.0,0.32,1.8,1.8,2024,0.17513134851138354,96.9,0.45339999999999997,0.4,Safe
2054,"RAMHLUN 'N' SPRING WATER, AIZAWL",MIZORAM,19.0,5.7,5.7,490.0,1.3,28.17,11.0,90.0,2024,0.22767075306479861,108.3,7.1555,17.53,Safe
2055,"MISSION VENGTHLANG SPRING WATER,
AIZAWL",MIZORAM,20.0,5.7,6.5,497.0,1.2,28.41,11.0,90.0,2024,0.21015761821366025,114.0,7.1875,17.57,Safe
3725,"LUNGLI SPRING WATER, REPUBLIC VENG,
AIZAWL",MIZORAM,17.0,5.7,6.4,301.0,1.1,27.72,11.0,90.0,2024,0.1926444833625219,96.9,6.6275,16.87,Safe
3726,"RAMHLUN 'S' SPRING WATER, NEAR
COMMUNITY HALL, AIZAWL",MIZORAM,19.0,5.7,5.9,497.0,1.2,28.14,11.0,90.0,2024,0.21015761821366025,108.3,7.1335,17.51,Safe
3727,"TUITHIANG VENG SPRING WATER,
AIZAWL",MIZORAM,16.0,5.7,6.3,300.0,1.1,26.52,11.0,90.0,2024,0.1926444833625219,91.2,6.3854999999999995,16.55,Safe
3728,"KHURPUI SPRING WATER, SOUTH
HLIMEN, AIZAWL",MIZORAM,18.0,5.7,6.73,59.0,1.0,3.59,11.0,90.0,2024,0.17513134851138354,102.60000000000001,1.2875,4.91,Safe
3729,"CHAWNPUI HAND PUMP, AIZAWL",MIZORAM,21.0,5.7,6.7,448.0,1.0,3.1,11.0,90.0,2024,0.17513134851138354,119.7,1.9675000000000002,7.49,Safe
3730,"SELESIH HAND PUMP, AIZAWL",MIZORAM,21.0,5.7,6.75,123.0,1.0,9.93,11.0,90.0,2024,0.17513134851138354,119.7,2.6835000000000004,9.64,Safe
3731,"TUIKUAL HAND PUMP, AIZAWL",MIZORAM,20.0,5.7,7.38,555.0,1.4,34.37,11.0,90.0,2024,0.24518388791593693,114.0,8.5555,19.11,Safe
3732,"CHALTLANG HAND PUMP,
NEAR REMI TYRE WORKS, AIZAWL",MIZORAM,21.0,5.7,6.86,426.0,1.0,22.08,11.0,90.0,2024,0.17513134851138354,119.7,5.719499999999999,15.61,Safe
3733,"SOUTH HLIMEN HAND PUMP, AIZAWL",MIZORAM,18.0,5.7,6.3,226.0,1.0,23.56,11.0,90.0,2024,0.17513134851138354,102.60000000000001,5.615499999999999,15.46,Safe
3737,"VAITUI SPRING WATER, THEIRIAT ,
LUNGEI",MIZORAM,20.0,5.7,6.2,6.0,1.0,0.41,11.0,90.0,2024,0.17513134851138354,114.0,0.5455000000000001,1.01,Safe
3738,"SAP TUIKHUR SPRING WATER, SERKAWN,
LUNGLEI",MIZORAM,18.0,5.7,6.9,76.0,1.0,9.73,11.0,90.0,2024,0.17513134851138354,102.60000000000001,2.5495,9.27,Safe
3741,"KHURPUI SPRING WATER, LAWNGTLAI",MIZORAM,20.0,5.7,6.6,275.0,1.0,14.21,11.0,90.0,2024,0.17513134851138354,114.0,3.8435000000000006,12.36,Safe
3742,"CHANMARI HAND PUMP, LAWNGTLAI",MIZORAM,21.0,5.7,6.3,113.0,1.0,1.32,11.0,90.0,2024,0.17513134851138354,119.7,0.9415,3.28,Safe
3745,"CHHOCHHOPA SPRING WATER, NEW
COLONY, SAIHA",MIZORAM,17.0,5.7,6.4,240.0,1.3,25.31,11.0,90.0,2024,0.22767075306479861,96.9,6.0835,16.13,Safe
3748,"SIHPHIR VENG SPRING WATER, SERCHHIP",MIZORAM,18.0,5.7,6.5,77.0,1.0,0.44,11.0,90.0,2024,0.17513134851138354,102.60000000000001,0.6935,1.92,Safe
3753,"HMAR VENG SPRING WATER, KOLASIB",MIZORAM,14.0,5.7,6.1,42.0,1.0,3.19,11.0,90.0,2024,0.17513134851138354,79.8,1.1735,4.4,Safe
3758,"BETHEL VENG HAND PUMP, CHAMPHAI",MIZORAM,18.0,5.7,6.2,52.0,1.0,1.43,11.0,90.0,2024,0.17513134851138354,102.60000000000001,0.8414999999999999,2.75,Safe
4124,"ELECTRIC VENG SPRING WATER, LUNGLEI",MIZORAM,19.0,5.7,6.2,174.0,1.0,27.48,11.0,90.0,2024,0.17513134851138354,108.3,6.2955,16.43,Safe
4126,"PAWHHAWN SPRING WATER,
NR GM HSS, VENGSANG, CHAMPHAI",MIZORAM,18.0,5.7,5.5,190.0,1.0,5.39,11.0,90.0,2024,0.17513134851138354,102.60000000000001,1.9095,7.3,Safe
4127,"KHURPUI SPRING WATER, NEW COLONY,
SAIHA",MIZORAM,19.0,5.7,5.9,238.0,1.0,14.21,11.0,90.0,2024,0.17513134851138354,108.3,3.7695000000000007,12.21,Safe
4128,"F LALLAWMAWMA WELL, NEW SAIHA, SAIHA DIST.",MIZORAM,22.0,5.7,5.8,293.0,1.0,26.21,11.0,90.0,2024,0.17513134851138354,125.4,6.2795000000000005,16.41,Safe
4129,"TUIVAMIT SPRING WATER, AOC VENG,
LAWNGTLAI",MIZORAM,19.0,5.7,6.8,160.0,1.0,1.59,11.0,90.0,2024,0.17513134851138354,108.3,1.0895000000000001,4.01,Safe
4133,"NGHARPET VENG SPRING WATER,
LUNGSIR, MAMIT",MIZORAM,20.0,5.7,6.9,189.0,1.0,2.04,11.0,90.0,2024,0.17513134851138354,114.0,1.2374999999999998,4.69,Safe
2896,"OPENWELL AT KOHIMA VILLAGE ?T? KHEL
(HOUSE NO.21)",NAGALAND,22.4,5.7,7.5,120.0,1.0,0.5,11.0,90.0,2024,0.17513134851138354,127.67999999999999,0.7915,2.48,Safe
2897,BOREWELL AT KAMDI BAZAAR,NAGALAND,26.0,5.7,6.6,222.0,1.0,0.5,11.0,90.0,2024,0.17513134851138354,148.20000000000002,0.9955,3.55,Safe
2898,"OPENWELL AT DOYAPUR NEAR DIMASA
BAPTIST CHURCH",NAGALAND,26.6,5.7,6.5,160.0,1.0,0.6,11.0,90.0,2024,0.17513134851138354,151.62,0.8915,3.02,Safe
2899,"BOREWELL AT DHANSIRIPAR NEAR SIBRAI
(SHIV) TEMPLE",NAGALAND,26.2,5.7,7.5,180.0,1.0,0.5,11.0,90.0,2024,0.17513134851138354,149.34,0.9115,3.12,Safe
2900,"OPENWELL AT TOULAZOUMA VILLAGE
(HOUSE NO.379)",NAGALAND,24.9,5.7,6.6,175.0,1.0,0.5,11.0,90.0,2024,0.17513134851138354,141.93,0.9015,3.07,Safe
2901,OPENWELL AT LUNGWIRAM VILLAGE NEAR LUNGWIRAM BAPTIST CHURCH,NAGALAND,25.4,5.7,6.8,101.0,1.0,0.5,11.0,90.0,2024,0.17513134851138354,144.78,0.7535000000000001,2.26,Safe
2902,"BOREWELL AT THAHEKHU VILLAGE,
BLOCK 3, NEAR RAILWAY CROSSING",NAGALAND,28.5,5.7,7.1,125.0,1.0,0.6,11.0,90.0,2024,0.17513134851138354,162.45000000000002,0.8214999999999999,2.64,Safe
2903,"BOREWELL  AT SIGNAL ANGAMI VILLAGE,
HOUSE NO 93",NAGALAND,26.5,5.7,7.5,100.0,1.0,0.6,11.0,90.0,2024,0.17513134851138354,151.05,0.7715,2.37,Safe
2904,"OPENWELL NEAR NAGA CEMETERY (OLD),
(HOUSE NO.10)",NAGALAND,24.3,5.7,6.9,155.0,1.0,0.7,11.0,90.0,2024,0.17513134851138354,138.51000000000002,0.9015,3.07,Safe
2905,"BOREWELL AT NPCB, SIGNAL POINT",NAGALAND,24.5,5.7,6.9,139.0,1.0,0.5,11.0,90.0,2024,0.17513134851138354,139.65,0.8294999999999999,2.69,Safe
1644,"JAGATPUR INDUSTRIAL AREA, CUTTACK",ODISHA,28.0,5.7,6.9,364.0,1.0,3.15,1.8,1.8,2024,0.17513134851138354,159.6,1.6633999999999998,6.42,Safe
1645,"MADHUPATNA- KALYAN NAGAR AREA,
CUTTACK",ODISHA,28.0,5.7,6.9,265.0,1.0,1.13,1.8,1.8,2024,0.17513134851138354,159.6,1.0614,3.87,Safe
1646,"BIDANASHI - TULASIPUR AREA, CUTTACK",ODISHA,28.0,5.7,6.9,305.0,1.0,0.65,1.8,1.8,2024,0.17513134851138354,159.6,1.0453999999999999,3.79,Safe
1647,"BADAMBARI AREA, CUTTACK",ODISHA,28.0,5.7,7.1,165.0,1.0,0.76,1.8,1.8,2024,0.17513134851138354,159.6,0.7874000000000001,2.46,Safe
1648,"RANIHAT- MANGALABAG AREA,
CUTTACK",ODISHA,30.0,5.7,7.1,520.0,1.0,0.55,1.8,1.8,2024,0.17513134851138354,171.0,1.4554,5.61,Safe
1649,"KHANDAGIRI AREA, BHUBANESWAR",ODISHA,28.0,5.7,6.7,348.0,1.1,5.65,1.8,1.8,2024,0.1926444833625219,159.6,2.1614,8.12,Safe
1650,"CAPITAL HOSPITAL AREA,
BHUBANESWAR",ODISHA,28.0,5.7,6.5,375.0,1.0,0.57,1.8,1.8,2024,0.17513134851138354,159.6,1.1693999999999998,4.38,Safe
1651,"OLD TOWN- SAMANTARAPUR AREA,
BHUBANESWAR",ODISHA,29.0,5.7,6.9,440.0,1.0,0.85,1.8,1.8,2024,0.17513134851138354,165.3,1.3554,5.2,Safe
1652,"KALPANA - LAXMISAGAR AREA,
BHUBANESWAR",ODISHA,28.0,5.7,6.5,303.0,1.0,4.48,1.8,1.8,2024,0.17513134851138354,159.6,1.8074,6.94,Safe
1653,"MANCHESWAR INDUSTRIAL AREA, BHUBANESWAR /
CHANDRASHEKHARPUR",ODISHA,28.0,5.7,5.6,220.0,1.0,7.47,130.0,280.0,2024,0.17513134851138354,159.6,2.8489999999999998,10.08,Safe
1654,"SECRETARIAT- GOVERNOR HOUSE- OLD BUS STAND AREA, BHUBANESWAR",ODISHA,28.0,5.7,6.8,370.0,1.0,4.12,1.8,1.8,2024,0.17513134851138354,159.6,1.8694000000000002,7.16,Safe
1655,"NEAR SEA BEACH, PURI",ODISHA,23.0,5.7,6.8,16400.0,1.0,4.31,1.8,1.8,2024,0.17513134851138354,131.1,33.9674,32.0,Moderate
1656,"NEAR JAGANNATH TEMPLE, PURI",ODISHA,23.0,5.7,7.3,1545.0,1.0,16.72,1.8,1.8,2024,0.17513134851138354,131.1,6.7394,17.01,Safe
1657,"HOSPITAL - BUS STAND- MAUSHIMA
TEMPLE AREA, PURI",ODISHA,23.0,5.7,7.1,1081.0,1.0,0.86,79.0,220.0,2024,0.17513134851138354,131.1,3.0825000000000005,10.66,Safe
1658,"BALIAPANDA, PURI",ODISHA,23.0,5.7,7.5,730.0,1.0,5.57,1.8,1.8,2024,0.17513134851138354,131.1,2.8794,10.15,Safe
3964,"NEAR MKCG MEDICAL COLLEGE,
BERHAMPUR",ODISHA,25.0,5.7,8.4,850.0,1.0,3.94,33.0,79.0,2024,0.17513134851138354,142.5,2.9560000000000004,10.35,Safe
3965,"NEAR BUS STAND, BERHAMPUR",ODISHA,26.0,5.7,8.5,890.0,1.0,0.69,1.8,1.8,2024,0.17513134851138354,148.20000000000002,2.2234,8.31,Safe
3966,"NEAR BADABAZAR, BERHAMPUR",ODISHA,26.0,5.7,8.4,1018.0,1.0,15.03,1.8,1.8,2024,0.17513134851138354,148.20000000000002,5.3474,15.04,Safe
3967,"NEAR RAILWAY STATION STAND,
BERHAMPUR",ODISHA,27.0,5.7,8.5,780.0,1.0,7.67,1.8,1.8,2024,0.17513134851138354,153.9,3.3994,11.4,Safe
3968,"NEAR VSS MEDICAL COLLEGE, BURLA,
SAMBALPUR",ODISHA,26.0,5.7,7.2,640.0,1.0,0.49,1.8,1.8,2024,0.17513134851138354,148.20000000000002,1.6834000000000002,6.49,Safe
3969,"NEAR RAILWAY STATION, SAMBALPUR",ODISHA,25.0,5.7,7.3,1342.0,1.0,8.38,220.0,540.0,2024,0.17513134851138354,142.5,5.800000000000001,15.73,Safe
3970,"NEAR PANTHANIVAS, SAMBALPUR",ODISHA,26.0,5.7,7.2,298.0,1.0,6.57,1.8,1.8,2024,0.17513134851138354,148.20000000000002,2.2154,8.29,Safe
3971,ANGUL TOWNSHIP,ODISHA,23.0,5.7,6.8,990.0,1.0,9.39,1.8,1.8,2024,0.17513134851138354,131.1,4.1634,12.99,Safe
3972,"NALCO TOWNSHIP, TALCHER",ODISHA,23.0,5.7,7.2,610.0,1.0,0.68,1.8,1.8,2024,0.17513134851138354,131.1,1.6613999999999998,6.41,Safe
3973,"MAHANADI COAL FIELD AREA, TALCHER",ODISHA,23.0,5.7,6.2,530.0,1.0,7.96,1.8,1.8,2024,0.17513134851138354,131.1,2.9574,10.35,Safe
3974,"KANIHA, TALCHER",ODISHA,23.0,5.7,7.2,550.0,1.0,0.48,1.8,1.8,2024,0.17513134851138354,131.1,1.5013999999999998,5.79,Safe
3975,TALCHER TOWN,ODISHA,24.0,5.7,5.8,125.0,1.0,2.67,1.8,1.8,2024,0.17513134851138354,136.8,1.0894,4.01,Safe
3976,"MERAMUNDALI AREA, TALCHER",ODISHA,23.0,5.7,7.1,1130.0,1.0,2.79,1.8,1.8,2024,0.17513134851138354,131.1,3.1234,10.76,Safe
3977,TALCHER THERMAL AREA,ODISHA,22.0,5.7,7.1,1210.0,1.0,0.62,1.8,1.8,2024,0.17513134851138354,125.4,2.8493999999999997,10.08,Safe
3978,"BANARPAL, TALCHER",ODISHA,22.0,5.7,6.6,960.0,1.0,4.48,1.8,1.8,2024,0.17513134851138354,125.4,3.1214,10.75,Safe
3979,"KULAD, TALCHER",ODISHA,22.0,5.7,6.9,940.0,1.1,3.85,1.8,1.8,2024,0.1926444833625219,125.4,2.9854000000000003,10.42,Safe
3981,"BURKHAMUNDA, JHARSUGUDA",ODISHA,28.0,5.7,7.1,196.0,1.0,4.02,1.8,1.8,2024,0.17513134851138354,159.6,1.5013999999999998,5.79,Safe
3982,"BADAMANI INDUSTRIAL ESTATE,
JHARSUGUDA",ODISHA,28.0,5.7,6.9,192.0,1.0,4.12,1.8,1.8,2024,0.17513134851138354,159.6,1.5133999999999999,5.84,Safe
3983,"BUDHIPADAR, JHARSUGUDA",ODISHA,29.0,5.7,6.7,146.0,1.0,0.38,1.8,1.8,2024,0.17513134851138354,165.3,0.6734,1.8,Safe
3984,"BRAJARAJ NAGAR MINING BELT,
JHARSUGUDA",ODISHA,29.0,5.7,7.1,185.0,1.0,1.82,1.8,1.8,2024,0.17513134851138354,165.3,1.0393999999999999,3.77,Safe
3985,"RAMPUR AREA (WATER TANK),
JHARSUGUDA",ODISHA,28.0,5.7,7.1,328.0,1.0,0.58,1.8,1.8,2024,0.17513134851138354,159.6,1.0774,3.95,Safe
3986,"IB THERMAL POWER STATION,
JHARSUGUDA",ODISHA,28.0,5.7,7.2,362.0,1.0,0.51,1.8,1.8,2024,0.17513134851138354,159.6,1.1314,4.2,Safe
3987,"BELPAHAR AREA, JHARSUGUDA",ODISHA,28.0,5.7,7.6,148.0,1.0,0.46,1.8,1.8,2024,0.17513134851138354,159.6,0.6934,1.92,Safe
3988,"BADAPADIA MARKET COMPLEX,
PARADEEP",ODISHA,29.0,5.7,8.5,2260.0,1.0,1.86,1.8,1.8,2024,0.17513134851138354,165.3,5.1974,14.81,Safe
3989,"MUSADIHA, PARADEEP",ODISHA,30.0,5.7,8.1,565.0,1.0,1.2,1.8,1.8,2024,0.17513134851138354,171.0,1.6754,6.46,Safe
3991,"SARUABIL, SUKINDA",ODISHA,23.0,5.7,6.6,240.0,1.0,3.05,1.8,1.8,2024,0.17513134851138354,131.1,1.3953999999999998,5.36,Safe
3992,"KALIAPANI, SUKINDA",ODISHA,23.0,5.7,6.6,234.0,1.0,0.44,1.8,1.8,2024,0.17513134851138354,131.1,0.8614,2.86,Safe
3993,"KAMARDA, SUKINDA",ODISHA,22.0,5.7,6.8,287.0,1.0,0.35,1.8,1.8,2024,0.17513134851138354,125.4,0.9494000000000001,3.32,Safe
3994,"CHAKULIA, BALASORE",ODISHA,25.0,5.7,7.4,221.0,1.0,0.63,1.8,1.8,2024,0.17513134851138354,142.5,0.8734000000000001,2.92,Safe
3995,"KUANRPUR, BALASORE",ODISHA,24.0,5.7,7.3,390.0,1.0,4.15,1.8,1.8,2024,0.17513134851138354,136.8,1.9154,7.32,Safe
3996,"NAIGOPALPUR, BALASORE",ODISHA,24.0,5.7,8.3,445.0,1.0,0.72,1.8,1.8,2024,0.17513134851138354,136.8,1.3394,5.13,Safe
4862,"MARKET COMPLEX, COURT CHHAK,
KHADIA ROAD, KENDRAPARA",ODISHA,29.6,5.7,7.9,710.0,1.0,0.33,1.8,1.8,2024,0.17513134851138354,168.72000000000003,1.7913999999999999,6.88,Safe
4863,"INSIDE GAJMARA UP SCHOOL,
GAJAMARA, DHENKANAL",ODISHA,22.0,5.7,5.7,75.0,1.0,0.33,1.8,1.8,2024,0.17513134851138354,125.4,0.5214000000000001,0.85,Safe
4864,DHENKANAL DAILY MARKET AREA,ODISHA,22.0,5.7,6.3,420.0,1.0,0.43,79.0,350.0,2024,0.17513134851138354,125.4,1.8695,7.16,Safe
4865,"DISTRICT HEAD QUARTER HOSPITAL
PREMISES, BHADRAK",ODISHA,25.0,5.7,7.7,524.0,1.0,1.4,1.8,1.8,2024,0.17513134851138354,142.5,1.6334,6.3,Safe
4866,"SALANDI HOSPITAL PREMISES NEAR
UNAUTHORISED GARBAGE DISPOSAL SITE BY THE SIDE OF NH, BHADRAK",ODISHA,25.0,5.7,7.8,360.0,1.0,0.6,1.8,1.8,2024,0.17513134851138354,142.5,1.1454,4.27,Safe
4867,"DHANGIDIMUTA VILLAGE (KUSUMI GP OFFICE NEAR BADAMPAHAR MINING
AREA, MAYURBHANJ",ODISHA,25.0,5.7,7.3,172.0,1.0,0.5,1.8,1.8,2024,0.17513134851138354,142.5,0.7494000000000001,2.24,Safe
4868,"DHANGIDIMUTA VILLAGE (BASTI SAHI) NEAR CATCH POND OF MINE RUN-OFF WATER NEAR BADAPAHAR MINING
AREA, MAYURBHANJ",ODISHA,25.0,5.7,7.1,302.0,1.0,3.99,1.8,1.8,2024,0.17513134851138354,142.5,1.7074,6.58,Safe
4869,"JODA WEST MANGANESE MINE OF M/S
TATA STEEL LTD. (BICHHAKUNDI COLONY), JODA, KEONJHAR",ODISHA,26.0,5.7,7.1,103.0,1.0,1.9,1.8,1.8,2024,0.17513134851138354,148.20000000000002,0.8914,3.02,Safe
4870,"BALDA BLOCK IRON ORE MINES OF M/S SIRAJUDDIN & CO. (NEAR TIME OFFICE INSIDE THE MINE LEASEHOLD AREA),
KEONJHAR",ODISHA,26.0,5.7,6.3,92.0,1.0,0.46,1.8,1.8,2024,0.17513134851138354,148.20000000000002,0.5814000000000001,1.24,Safe
4871,"ROIDA-II IRON ORE MINES OF M/S K N RAM & CO., TANTO, BHADRASAHI,
BARBIL, KEONJHAR",ODISHA,26.0,5.7,6.3,90.0,1.0,0.66,1.8,1.8,2024,0.17513134851138354,148.20000000000002,0.6174000000000001,1.46,Safe
4872,"THAKURANI IRON ORE MINES OF M/S KAYPEE ENTERPRISES NEAR VT CENTRE,
BARBIL, KEONJHAR",ODISHA,25.0,5.7,6.1,108.0,1.0,1.34,1.8,1.8,2024,0.17513134851138354,142.5,0.7894000000000001,2.47,Safe
4873,"DDM OFFICE, KOIRA PREMISES,
SUNDARGARH",ODISHA,26.0,5.7,6.9,90.0,1.0,0.47,1.8,1.8,2024,0.17513134851138354,148.20000000000002,0.5794000000000001,1.23,Safe
4874,"TENSA RESIDENTIAL AREA, KOIRA,
SUNDARGARH",ODISHA,26.0,5.7,6.8,231.0,1.0,0.38,1.8,1.8,2024,0.17513134851138354,148.20000000000002,0.8434000000000001,2.76,Safe
4875,"COLLECTOR OFFICE PREMISES, DEOGARH",ODISHA,29.0,5.7,6.6,455.0,1.0,0.41,1.8,1.8,2024,0.17513134851138354,165.3,1.2973999999999999,4.95,Safe
4876,"GOVT. MODEL DEGREE COLLAGE
PREMISES, DEOGARH",ODISHA,28.0,5.7,7.1,310.0,1.0,0.36,1.8,1.8,2024,0.17513134851138354,159.6,0.9974000000000002,3.56,Safe
4877,"INSIDE THE PREMISES OF DISTRICT HEAD
QUARTER HOSPITAL, PARALAKHEMUNDI, GAJAPATI",ODISHA,23.0,5.7,7.3,668.0,1.0,0.82,1.8,1.8,2024,0.17513134851138354,131.1,1.8054,6.93,Safe
4878,"NEAR SOLID WASTE DISPOSAL SITE OF GAJAPATI MUNICIPALITY AT KELLY SAHI,
GAJAPATI",ODISHA,23.0,5.7,7.7,820.0,1.0,0.52,1.8,1.8,2024,0.17513134851138354,131.1,2.0494,7.76,Safe
4879,"INSIDE THE PREMISES OF DISTRICT HEAD QUARTER HOSPITAL, PHULBANI",ODISHA,27.0,5.7,8.0,320.0,1.0,5.5,1.8,1.8,2024,0.17513134851138354,153.9,2.0454,7.75,Safe
4880,"NEAR SOLID WASTE DISPOSAL SITE OF PHULBANI MUNICIPALITY AT DADA PUJA
MOUZA, PHULBANI",ODISHA,27.0,5.7,8.4,580.0,1.0,0.65,1.8,1.8,2024,0.17513134851138354,153.9,1.5953999999999997,6.16,Safe
4881,"INSIDE THE PREMISES OF DISTRICT HEAD QUARTER HOSPITAL, NAYAGARH",ODISHA,28.0,5.7,8.2,1020.0,1.0,1.67,1.8,1.8,2024,0.17513134851138354,159.6,2.6794,9.63,Safe
4882,"NEAR SOLID WASTE DISPOSAL SITE OF NAYAGARH NAC AT BHALUKHOLA
VILLAGE, NAYAGARH",ODISHA,28.0,5.7,8.4,826.0,1.0,2.63,1.8,1.8,2024,0.17513134851138354,159.6,2.4834,9.08,Safe
4883,"NEAR BARGARH GOVT. HOSPITAL,
BARGARH",ODISHA,26.0,5.7,7.1,798.0,1.0,6.08,1.8,1.8,2024,0.17513134851138354,148.20000000000002,3.1174,10.74,Safe
4884,"NEAR GANAPATI GOVT. HOSPITAL,
BARGARH",ODISHA,25.0,5.7,7.1,1080.0,1.0,8.91,1.8,1.8,2024,0.17513134851138354,142.5,4.2474,13.15,Safe
4885,"NEAR NUAPADA GOVT. HOSPITAL,
NUAPADA",ODISHA,28.0,5.7,7.3,520.0,1.0,2.51,49.0,350.0,2024,0.17513134851138354,159.6,2.4405,8.96,Safe
4886,"NEAR NILASAILA NAGAR (BACKSIDE OF
VETERINARY OFFICE, NUAPADA",ODISHA,27.0,5.7,7.6,370.0,1.0,0.71,130.0,350.0,2024,0.17513134851138354,153.9,1.9020000000000001,7.27,Safe
4887,"NEAR BOLANGIR MEDICAL COLLEGE,
BALANGIR",ODISHA,26.0,5.7,7.5,1210.0,1.0,8.87,1.8,1.8,2024,0.17513134851138354,148.20000000000002,4.4994,13.62,Safe
4888,"NEAR SUDPADA POST OFFICE, BALANGIR",ODISHA,26.0,5.7,7.5,1390.0,1.0,4.57,1.8,1.8,2024,0.17513134851138354,148.20000000000002,3.9994000000000005,12.67,Safe
4889,"NEAR TOWN GIRLS PRIMARY SCHOOL
AND IN FRONT OF HEAD POST OFFICE, BOUDH",ODISHA,27.0,5.7,7.3,950.0,1.0,4.7,1.8,1.8,2024,0.17513134851138354,153.9,3.1454,10.81,Safe
4890,"NEAR BUTUPALLI CHHAK, MAULISINGHA
ROAD, BOUDH",ODISHA,28.0,5.7,7.4,680.0,1.0,2.43,1.8,1.8,2024,0.17513134851138354,159.6,2.1513999999999998,8.09,Safe
4891,"DISTRICT HEAD QUARTER HOSPITAL
CAMPUS, SONEPUR",ODISHA,26.0,5.7,7.8,640.0,1.0,2.5,79.0,240.0,2024,0.17513134851138354,148.20000000000002,2.5585,9.3,Safe
4892,"NEAR GUNDICHA TEMPLE AT TENTEL
GHAT, SONEPUR",ODISHA,27.0,5.7,8.1,810.0,1.0,4.7,1.8,1.8,2024,0.17513134851138354,153.9,2.8654,10.12,Safe
4893,"WITNIN THE PREMISES OF BURDELLA
PULLAMA TEMPLE, RAYAGADA",ODISHA,23.0,5.7,7.7,725.0,1.0,6.84,1.8,1.8,2024,0.17513134851138354,131.1,3.1234,10.76,Safe
4894,"KASTURI NAGAR, RAYAGADA",ODISHA,23.0,5.7,7.5,425.0,1.0,5.43,1.8,1.8,2024,0.17513134851138354,131.1,2.2414,8.37,Safe
4895,"BADACHINDRI, KORAPUT",ODISHA,25.0,5.7,6.6,580.0,1.0,16.65,1.8,1.8,2024,0.17513134851138354,142.5,4.7954,14.14,Safe
4896,"JAGANNATH TEMPLE, KORAPUT",ODISHA,19.0,5.7,6.9,97.0,1.0,0.36,1.8,1.8,2024,0.17513134851138354,108.3,0.5714000000000001,1.18,Safe
4897,"TOTAGUDA, NAWARANGPUR",ODISHA,25.0,5.7,7.1,112.0,1.0,0.47,1.8,1.8,2024,0.17513134851138354,142.5,0.6234000000000002,1.5,Safe
4898,"GABRALGUDA, NAWARANGPUR",ODISHA,24.0,5.7,7.1,790.0,1.0,15.76,1.8,1.8,2024,0.17513134851138354,136.8,5.0374,14.55,Safe
4899,"GOSALPADA COLONY (WARD NO. 7),
BHAWANIPATNA",ODISHA,22.0,5.7,7.6,810.0,1.0,0.69,1.8,1.8,2024,0.17513134851138354,125.4,2.0633999999999997,7.81,Safe
4900,"SITABUDIPARA (IRRIGATION COLONY, WARD NO. 17), BHAWANIPATNA",ODISHA,22.0,5.7,7.6,1214.0,1.0,6.48,1.8,1.8,2024,0.17513134851138354,125.4,4.029400000000001,12.73,Safe
4901,"MV-43, MALKANIGIRI",ODISHA,20.0,5.7,6.7,260.0,1.0,0.4,1.8,1.8,2024,0.17513134851138354,114.0,0.9054000000000001,3.09,Safe
4902,"TEKBADI OF NETAJI NAGAR,
MALKANIGIRI",ODISHA,22.0,5.7,6.9,764.0,1.0,2.12,1.8,1.8,2024,0.17513134851138354,125.4,2.2573999999999996,8.42,Safe
4903,"HAZARIBAGICHA PRIMARY SCHOOL,
HAZARIBAGICHA, KENDRAPARA",ODISHA,29.7,5.7,8.1,420.0,1.0,0.41,1.8,1.8,2024,0.17513134851138354,169.29,1.2273999999999998,4.64,Safe
1397,"KRISHNA NAGAR BOREWELL, PUMPING STATION, EAST COAST ROAD, LAWSPET, NEAR DEPUTY COLLECTOR OFFICE,
PUDUCHERRY.",PUDUCHERRY,30.0,5.7,6.16,1123.0,1.0,3.56,1.8,1.8,2024,0.17513134851138354,171.0,3.2634,11.09,Safe
1398,"THENGAITHITTU BOREWELL, PUMPING STATION, II CROSS, PUDHU NAGAR, THENGAITHITTU, PUDUCHERRY.",PUDUCHERRY,32.0,5.7,6.15,1897.0,1.0,0.32,1.8,1.8,2024,0.17513134851138354,182.4,4.1634,12.99,Safe
1453,"MUTHIRAIPPALAYAM BOREWELL, PUMPING STATION, MUTHIRAIPPALAYAM, PUDUCHERRY.",PUDUCHERRY,30.0,5.7,6.21,840.0,1.0,3.05,1.8,1.8,2024,0.17513134851138354,171.0,2.5953999999999997,9.4,Safe
1454,"PONDICHERRY UNIVERSITY BOREWELL, PUMPING STATION, STAFF QUARTERS, PONDICHERRY UNIVERSITY CAMPUS, KALAPET, PUDUCHERRY.",PUDUCHERRY,29.0,5.7,5.39,454.0,1.0,1.35,1.8,1.8,2024,0.17513134851138354,165.3,1.4834,5.72,Safe
1687,"CHETTY KOIL OPENWELL, CHETTY KOIL, MISSION STREET, PUDUCHERRY.",PUDUCHERRY,29.0,5.7,6.78,1929.0,1.0,1.03,1.8,1.8,2024,0.17513134851138354,165.3,4.3694,13.38,Safe
1688,"KATTERIKUPPAM BOREWELL, PUMPING STATION, ERIKKARAI ROAD, KATTERIKUPPAM, PUDUCHERRY.",PUDUCHERRY,29.0,5.7,6.88,906.0,1.0,0.5,1.8,1.8,2024,0.17513134851138354,165.3,2.2174,8.29,Safe
2009,"KURUMBAPET BOREWELL, PUMPING STATION, GOPALAN KADAI ROAD,
KURUMBAPET, PUDUCHERRY.",PUDUCHERRY,30.0,5.7,6.19,583.0,1.0,2.65,1.8,1.8,2024,0.17513134851138354,171.0,2.0014000000000003,7.6,Safe
2010,"METTUPALAYAM BOREWELL, PUMPING STATION, PIPDIC INDUSTRIAL ESTATE, METTUPALAYAM, PUDUCHERRY.",PUDUCHERRY,30.0,5.7,6.15,1000.0,1.0,0.49,1.8,1.8,2024,0.17513134851138354,171.0,2.4034,8.85,Safe
2011,"URUVAIYAR BOREWELL, PUMPING STATION,  LAKSHMI NARASIMMAR
NAGAR, URUVAIYAR, PUDUCHERRY.",PUDUCHERRY,32.0,5.7,7.07,2370.0,1.0,0.32,1.8,1.8,2024,0.17513134851138354,182.4,5.1094,14.66,Safe
2012,"MARUTHI SCHOOL BOREWELL, MARUTHI SCHOOL, MARUTHI NAGAR, KARUVADIKUPPAM, PUDUCHERRY.",PUDUCHERRY,30.0,5.7,6.42,1845.0,1.0,1.17,1.8,1.8,2024,0.17513134851138354,171.0,4.2294,13.12,Safe
2013,"T.R.PATTINAM BOREWELL, PUMPING STATION, NAGAPATTINAM MAIN ROAD,
T.R. PATTINAM, KARAIKAL, U.T OF PUDUCHERRY.",PUDUCHERRY,33.0,5.7,8.1,1983.0,1.0,0.32,1.8,1.8,2024,0.17513134851138354,188.1,4.3354,13.32,Safe
2014,"VADAMATTAM BOREWELL, PUMPING STATION, KOTTUCHERRY - NEDUNKADU ROAD, VADAMATTAM, KARAIKAL, U.T OF PUDUCHERRY.",PUDUCHERRY,34.0,5.7,8.09,1529.0,1.0,0.32,1.8,1.8,2024,0.17513134851138354,193.8,3.4273999999999996,11.47,Safe
2446,"PALLUR OPENWELL, GOVT HEALTH STAFF QUARTERS CAMPUS, PALLUR, MAHE, U.T
OF PUDUCHERRY.",PUDUCHERRY,26.0,5.7,4.97,357.0,1.0,4.88,11.0,90.0,2024,0.17513134851138354,148.20000000000002,2.1414999999999997,8.06,Safe
2447,"PANDAKKAL OPENWELL, KIZHAKKU
EDUTHA COLONY, PANTHAKKAL, MAHE,
U.T OF PUDUCHERRY.",PUDUCHERRY,27.0,5.7,5.64,253.0,1.0,3.93,11.0,90.0,2024,0.17513134851138354,153.9,1.7435,6.71,Safe
3882,"ECHANGADU BOREWELL, PUMPING STATION, PANITHITTU ROAD, ECHANGADU, KIRUMAMPAKKAM,
PUDUCHERRY.",PUDUCHERRY,29.0,5.7,6.06,470.0,1.0,0.32,1.8,1.8,2024,0.17513134851138354,165.3,1.3094,5.0,Safe
3883,"BAHOUR BOREWELL, PUMPING STATION,
BAHOUR LAKE ROAD, BAHOUR, PUDUCHERRY.",PUDUCHERRY,29.5,5.7,6.73,436.0,1.0,0.32,1.8,1.8,2024,0.17513134851138354,168.15,1.2414,4.7,Safe
3884,"CHEVALIER SELLANE GOVT SCHOOL BOREWELL, CHEVALIER SELLANE GOVT HIGHER SECONDARY SCHOOL, EAST COAST ROAD, KALAPET, PUDUCHERRY.",PUDUCHERRY,29.0,5.7,6.11,814.0,1.0,3.07,1.8,1.8,2024,0.17513134851138354,165.3,2.5473999999999997,9.26,Safe
3885,"SEDARAPET BOREWELL, PUMPING
STATION, DHANDERAR KULAM, SEDARAPET, PUDUCHERRY.",PUDUCHERRY,29.0,5.7,6.65,1389.0,1.0,1.0,1.8,1.8,2024,0.17513134851138354,165.3,3.2834000000000003,11.14,Safe
3886,"KOTHAPURINATHAM BOREWELL, PUMPING STATION, THIRUVANDOR KOIL MAIN ROAD, KOTHAPURINATHAM, PUDUCHERRY.",PUDUCHERRY,29.5,5.7,6.81,1191.0,1.0,1.89,1.8,1.8,2024,0.17513134851138354,168.15,3.0654,10.62,Safe
4631,"THIRUKKANUR BOREWELL, PUMPING STATION, OPP. BONNE NEHRU HIGHER SECONDAR SCHOOL, THIRUKKANUR, MCP ROAD, THIRUKKANUR, PUDUCHERRY.",PUDUCHERRY,29.0,5.7,6.46,978.0,1.0,2.31,1.8,1.8,2024,0.17513134851138354,165.3,2.7234,9.75,Safe
4632,"MADUKARAI BOREWELL, PUMPING STATION, MOLAPAKKAM ROAD, NEAR DR THOPPU, MADUKARAI, PUDUCHERRY",PUDUCHERRY,29.0,5.7,6.84,1167.0,1.0,3.88,1.8,1.8,2024,0.17513134851138354,165.3,3.4154,11.44,Safe
4633,"PANITHITTU BOREWELL, PUMPNG STATION, PANITHITTU ROAD,
KIRUMAMPAKKAM, PUDUCHERR.Y",PUDUCHERRY,30.0,5.7,6.0,1015.0,1.0,0.32,1.8,1.8,2024,0.17513134851138354,171.0,2.3994,8.84,Safe
1898,"PETROL PUMP OPP. HERO CYCLE,
LUDHIANA",PUNJAB,21.0,5.7,7.5,1802.0,1.0,0.5,1.8,1.8,2024,0.17513134851138354,119.7,4.0094,12.69,Safe
1901,"DUSSHERA GROUND INDUSTRIAL ESTATE,
LUDHIANA",PUNJAB,21.0,5.7,7.1,1331.0,1.0,0.3,1.8,1.8,2024,0.17513134851138354,119.7,3.0274,10.53,Safe
1902,"SHUKLA TEA STAL POINT, LUDHIANA",PUNJAB,21.0,5.7,7.3,1602.0,1.0,0.4,1.8,1.8,2024,0.17513134851138354,119.7,3.5894,11.82,Safe
2916,"NEAR LANDFILL SITE, AMRITSAR, PUNJAB",PUNJAB,21.0,5.7,7.3,1353.0,1.0,0.3,1.8,1.8,2024,0.17513134851138354,119.7,3.0713999999999997,10.63,Safe
2917,"NEAR HARMANDIR SAHEB, AMRITSAR,
PUNJAB",PUNJAB,21.0,5.7,7.3,1263.0,1.0,0.3,1.8,1.8,2024,0.17513134851138354,119.7,2.8914,10.18,Safe
2918,"DERA BASSI, PUNJAB",PUNJAB,21.0,5.7,7.5,2095.0,1.0,0.5,1.8,1.8,2024,0.17513134851138354,119.7,4.595400000000001,13.79,Safe
2919,"DERA BASSI, PUNJAB",PUNJAB,21.0,5.7,8.3,2573.0,1.0,0.7,1.8,1.8,2024,0.17513134851138354,119.7,5.5914,15.42,Safe
2920,"HAMIRA VILLAGE, PUNJAB",PUNJAB,31.0,5.7,7.0,1115.0,1.0,0.3,1.8,1.8,2024,0.17513134851138354,176.70000000000002,2.5953999999999997,9.4,Safe
2921,"HAMIRA VILLAGE, PUNJAB",PUNJAB,31.0,5.7,7.4,948.0,1.0,0.3,1.8,1.8,2024,0.17513134851138354,176.70000000000002,2.2614,8.43,Safe
2922,"LEATHER COMPLEX, JALANDHAR, PUNJAB",PUNJAB,30.0,5.7,7.4,815.0,1.0,0.3,1.8,1.8,2024,0.17513134851138354,171.0,1.9954,7.58,Safe
2923,"LEATHER COMPLEX, JALANDHAR, PUNJAB",PUNJAB,30.0,5.7,7.6,1210.0,1.0,0.3,1.8,1.8,2024,0.17513134851138354,171.0,2.7853999999999997,9.91,Safe
2924,"MANDI GOBINDGARH, PUNJAB",PUNJAB,21.0,5.7,7.3,882.0,1.0,0.3,1.8,1.8,2024,0.17513134851138354,119.7,2.1294,8.02,Safe
2925,"MANDI GOBINDGARH, PUNJAB",PUNJAB,21.0,5.7,7.5,847.0,1.0,0.3,1.8,1.8,2024,0.17513134851138354,119.7,2.0594,7.79,Safe
2926,"NANGAL, PUNJAB",PUNJAB,21.0,5.7,7.4,710.0,1.0,0.3,1.8,1.8,2024,0.17513134851138354,119.7,1.7853999999999997,6.86,Safe
2927,"NANGAL, PUNJAB",PUNJAB,21.0,5.7,7.5,710.0,1.0,0.3,1.8,1.8,2024,0.17513134851138354,119.7,1.7853999999999997,6.86,Safe
2928,"ROPAR, PUNJAB",PUNJAB,21.0,5.7,7.2,881.0,1.0,0.3,1.8,1.8,2024,0.17513134851138354,119.7,2.1274,8.01,Safe
2929,"ROPAR, PUNJAB",PUNJAB,21.0,5.7,7.3,681.0,1.0,0.3,1.8,1.8,2024,0.17513134851138354,119.7,1.7273999999999998,6.65,Safe
2931,"TOANSA, PUNJAB",PUNJAB,21.0,5.7,7.4,887.0,1.0,0.4,1.8,1.8,2024,0.17513134851138354,119.7,2.1593999999999998,8.11,Safe
4137,"HANDPUMP IN M/S DEEP STEEL LTD, MUGHAL MAJRA, MANDI GOBBINDGARH",PUNJAB,21.0,5.7,7.7,723.0,1.0,0.3,1.8,1.8,2024,0.17513134851138354,119.7,1.8114,6.95,Safe
4138,"HANDPUMP, 149 NEAR SANT PRITAM SCHOOL, AMBEY MAJRA, MANDI
GOBINDGARH",PUNJAB,21.0,5.7,7.6,1124.0,1.0,0.5,1.8,1.8,2024,0.17513134851138354,119.7,2.6534,9.56,Safe
4139,"HANDPUMP AT PARK ADJOINING TO NATIONAL INDUSTRIES, E-128, PH-IV,
FOCAL POINT LUDHIANA",PUNJAB,21.0,5.7,7.0,1931.0,1.0,0.7,1.8,1.8,2024,0.17513134851138354,119.7,4.3073999999999995,13.27,Safe
4140,"HANDPUMP IN SAHOTA BAGHBANI
FARM, VILL HARIAN, MACHIWARA",PUNJAB,21.0,5.7,7.4,641.0,1.0,0.3,1.8,1.8,2024,0.17513134851138354,119.7,1.6473999999999998,6.36,Safe
4141,"HANDPUMP INSTRIAL GROWTH CENTRE, DEFENCE ROAD, PATHANKOT",PUNJAB,21.0,5.7,7.4,1058.0,1.0,0.3,1.8,1.8,2024,0.17513134851138354,119.7,2.4814,9.08,Safe
4142,"HANDPUMP, VILL DHERIWAL, DIST
PATHANKOT",PUNJAB,21.0,5.7,7.0,941.0,1.0,0.3,1.8,1.8,2024,0.17513134851138354,119.7,2.2474,8.39,Safe
4143,"HANDPUMP NEAR ASH DYKES OF NABHA POWER LTD, VILL NALASH, RAJPURA",PUNJAB,21.0,5.7,7.8,510.0,1.0,0.3,1.8,1.8,2024,0.17513134851138354,119.7,1.3853999999999997,5.32,Safe
4144,"GROUND WATER SAMPLING BLOCATION
IN VILLAGE MAIN",PUNJAB,21.0,5.7,8.0,448.0,1.0,0.3,1.8,1.8,2024,0.17513134851138354,119.7,1.2614,4.79,Safe
4145,"SAGAR PARA DRAIN MEETING WITH GHAGGAR NEAR VILL SAGAR PARA,
PATRAN",PUNJAB,21.0,5.7,7.4,487.0,1.0,0.3,1.8,1.8,2024,0.17513134851138354,119.7,1.3394,5.13,Safe
4147,"NEAR ASH DYKES OF GURU NANAK THERMAL POWER PLANT/ NFL,
BHATINDA",PUNJAB,21.0,5.7,7.5,1324.0,1.0,0.3,1.8,1.8,2024,0.17513134851138354,119.7,3.0134,10.49,Safe
4148,"VILLAGE KANAKWAL/ PHUKOKARI GGS
HMEL REFINERY, BHATINDA",PUNJAB,21.0,5.7,7.4,1281.0,1.0,0.3,1.8,1.8,2024,0.17513134851138354,119.7,2.9274,10.28,Safe
4149,"ASH DYKES OF THERMAL POWER PLANT LEHRA MOHABBAT, BHATINDA",PUNJAB,21.0,5.7,7.5,1410.0,1.0,0.4,1.8,1.8,2024,0.17513134851138354,119.7,3.2054,10.95,Safe
4150,"100 M D/S OF VILL RURIANWALI, DIST
MUKTSAR",PUNJAB,21.0,5.7,7.9,1653.0,1.0,147.0,1.8,1.8,2024,0.17513134851138354,119.7,33.011399999999995,31.72,Moderate
4154,"TSSM SR SEC SCHOOL SHIMLAPURI,
LUDHIANA",PUNJAB,21.0,5.7,7.8,481.0,1.0,0.3,1.8,1.8,2024,0.17513134851138354,119.7,1.3274,5.08,Safe
4156,"HANDPUMP IN AREA ON SUA ROAD
NEAR DHANDARI KALAN, LUDHIANA",PUNJAB,21.0,5.7,7.0,1035.0,1.0,0.3,1.8,1.8,2024,0.17513134851138354,119.7,2.4353999999999996,8.95,Safe
4157,"HANDPUMP SHALLOW TUBEWELL IN THE AREA OF JANTA NAGAR, LUDHIANA",PUNJAB,21.0,5.7,6.9,1331.0,1.0,0.3,1.8,1.8,2024,0.17513134851138354,119.7,3.0274,10.53,Safe
1415,"WELL OF LOOMJI, CHAUDHARY, NEAR NAYAGAON, PALI, (U/S 1 KM. FROM PALI
TOWN), RAJASTHAN",RAJASTHAN,29.9,5.7,7.66,10612.0,1.0,5.03,1.8,5.0,2024,0.17513134851138354,170.43,22.540200000000006,28.06,Moderate
1706,"RIICO PUMP HOUSE NEAR MONTO
MOTORS, MIA, ALWAR, RAJASTHAN",RAJASTHAN,26.0,5.7,7.24,891.0,1.0,1.34,7.0,11.0,2024,0.17513134851138354,148.20000000000002,2.3770000000000002,8.78,Safe
1707,"BORE WELL IN MODI ALKALIS & CHEMICALS, MIA, ALWAR, RAJASTHAN",RAJASTHAN,24.0,5.7,7.54,1818.0,1.0,0.64,11.0,14.0,2024,0.17513134851138354,136.8,4.1015,12.87,Safe
1708,"KOTHI WALA WELL  IN VILLAGE BAGAR RAJPUT, ALWAR, RAJASTHAN",RAJASTHAN,26.0,5.7,7.39,1302.0,1.0,1.23,11.0,17.0,2024,0.17513134851138354,148.20000000000002,3.1920000000000006,10.92,Safe
1710,"BOREWELL OF SHRI DULI CHAND DAYMA S/O SH. CHETRAM DAYMA, NEAR GOVT. SCHOOL, VILLAGE- ALUPUR (ALAMPUR), BHIWADI, DISTT- ALWAR, TEHSIL- TIJARA",RAJASTHAN,29.0,5.7,7.31,1030.0,1.0,1.86,4.0,9.0,2024,0.17513134851138354,165.3,2.7515,9.82,Safe
1713,"BOREWELL OF SH JAGDISH BHATI, NEAR SANJEEV ENTERPRISES, RIA, VILLAGE-GHATAL,BHIWADI, DISTRICT - ALWAR",RAJASTHAN,28.0,5.7,7.18,930.0,1.0,1.62,3.0,11.0,2024,0.17513134851138354,159.6,2.505000000000001,9.14,Safe
1715,"HAND PUMP NEAR SECONDARY SCHOOL ABOUT 300MT. FROM KANSUA NALLAH
KOTA, RAJASTHAN",RAJASTHAN,26.0,5.7,7.3,1451.0,1.0,0.62,1.8,3.6,2024,0.17513134851138354,148.20000000000002,3.3341,11.25,Safe
1720,"CHAUDHARY KA WELL VILLAGE PANIALA, KOTAPUTALI NEAR ASSOCIATED ALCOHOL BREVERIES LTD JAIPUR,
RAJASTHAN",RAJASTHAN,27.0,5.7,7.18,1351.0,1.0,1.66,9.0,17.0,2024,0.17513134851138354,153.9,3.373,11.34,Safe
1721,"PHED WELL NEAR RAILWAY LINE
JHOTAWARA, JAIPUR, RAJASTHAN",RAJASTHAN,24.0,5.7,8.55,426.0,1.0,8.82,1.8,4.0,2024,0.17513134851138354,136.8,2.9246999999999996,10.27,Safe
1723,"HAND PUMP OF VIDHANI VILLAGE
GONER ROAD JAIPUR, RAJASTHAN",RAJASTHAN,26.0,5.7,8.54,4578.0,1.0,20.32,4.0,8.3,2024,0.17513134851138354,148.20000000000002,13.53845,23.28,Safe
1724,"WELL OF GOOJARON KI TALAI, MOHANA ROAD SANGANER JAIPUR, RAJASTHAN",RAJASTHAN,26.0,5.7,8.43,466.0,1.0,0.54,1.8,4.0,2024,0.17513134851138354,148.20000000000002,1.3487,5.17,Safe
1725,"PUBLIC HAND PUMP BEFORE SANGANER
PULIA, RAJASTHAN",RAJASTHAN,26.0,5.7,7.84,3154.0,1.0,11.2,4.0,9.2,2024,0.17513134851138354,148.20000000000002,8.867799999999999,19.43,Safe
2015,"PABUPURA ROAD NEAR CIVIL AIR PORT, JODHPUR (MANGILAL RATHOR)",RAJASTHAN,27.0,5.7,6.91,4119.0,1.0,12.7,11.0,7.0,2024,0.17513134851138354,153.9,11.105,21.46,Safe
2017,"VILLAGE VINAYAKIA, JODHPUR (BADRI
KUMHAR)",RAJASTHAN,27.1,5.7,7.18,4015.0,1.0,8.12,11.0,4.0,2024,0.17513134851138354,154.47,9.9765,20.49,Safe
2018,"VILLAGE VINAYAKIA, JODHPUR (HUKUM
SINGH RATHORE)",RAJASTHAN,21.0,5.7,6.91,8867.0,1.0,18.66,11.0,9.0,2024,0.17513134851138354,119.7,21.796000000000003,27.75,Moderate
2019,"NEAR UIT BRIDGE, UDAIPUR",RAJASTHAN,26.0,5.7,7.89,1456.0,1.0,1.12,9.1,21.0,2024,0.17513134851138354,148.20000000000002,3.4811500000000004,11.59,Safe
2020,"NEW FATEHPURA, 200 FT.FROM
PANCHWATI NALLAH, UDAIPUR",RAJASTHAN,26.0,5.7,8.01,1647.0,1.0,2.13,9.1,21.0,2024,0.17513134851138354,148.20000000000002,4.06515,12.8,Safe
2021,"NEAR ARVIND GENERAL STORE, ALOO
FACTORY, KACCHI BASTI, SARDARPURA, UDAIPUR",RAJASTHAN,25.0,5.7,8.4,1798.0,1.0,1.38,6.1,17.0,2024,0.17513134851138354,142.5,4.20665,13.08,Safe
2022,"NEAR RANA PRATAP NAGAR, RAILWAY
STATION, UDAIPUR",RAJASTHAN,26.0,5.7,8.38,1670.0,1.0,2.76,6.1,21.0,2024,0.17513134851138354,148.20000000000002,4.2326500000000005,13.13,Safe
2023,"HOTEL ORIENT PLACE, SUBHAS NAGAR,
UDAIPUR",RAJASTHAN,26.0,5.7,8.38,1209.0,1.0,2.77,9.1,21.0,2024,0.17513134851138354,148.20000000000002,3.3171500000000003,11.22,Safe
2024,"IN SIDE SHIV TEMPLE NEAR AIR FORCE
STATION AMER ROAD, JAIPUR",RAJASTHAN,25.0,5.7,7.84,1619.0,1.0,1.62,1.8,4.0,2024,0.17513134851138354,142.5,3.8707000000000003,12.41,Safe
2025,"NEAR SHREE KALYANESHWAR MAHADEV
TEMPLE, JAI SINGH PURA KHURD, JAIPUR.",RAJASTHAN,24.5,5.7,7.62,1336.0,1.0,9.26,2.0,6.0,2024,0.17513134851138354,139.65,4.836,14.21,Safe
2028,"NEAR SAMSHAN VISHWAKARMA NAGAR,
MAHARANIFARM, JAIPUR",RAJASTHAN,26.0,5.7,8.52,524.0,1.0,6.82,1.8,5.5,2024,0.17513134851138354,148.20000000000002,2.72295,9.74,Safe
2029,"NEAR GANDHI BHWAN, AJMER",RAJASTHAN,23.0,5.7,7.1,2250.0,1.0,3.17,1.8,5.6,2024,0.17513134851138354,131.1,5.4451,15.2,Safe
2031,"NEAR 9 NO. PETROL PUMP, NEAR
ADARSH NAGAR GATE, AJMER",RAJASTHAN,29.0,5.7,6.9,1127.0,1.0,3.12,2.0,6.0,2024,0.17513134851138354,165.3,3.19,10.92,Safe
2032,"NEAR KHANPURA TALAB, AJMER",RAJASTHAN,23.0,5.7,7.1,466.0,1.0,0.52,4.0,9.1,2024,0.17513134851138354,131.1,1.35565,5.2,Safe
2960,"WELL INFRONT OF SINGHANA POLICE STATION, SINGHANA, JHUNJHUNU,
RAJASTHAN",RAJASTHAN,30.0,5.7,6.9,5350.0,1.0,17.5,3.6,6.1,2024,0.17513134851138354,171.0,14.51455,23.92,Safe
2961,"WELL OF SH MNAGAL CHAND MEENA, MANPUR MACHERI, JAIPUR, RAJASTHAN",RAJASTHAN,24.0,5.7,8.4,612.0,1.0,14.42,1.8,2.0,2024,0.17513134851138354,136.8,4.4137,13.46,Safe
2962,"WELL OF SH MOOL CHAND RAIGER, MANPUR MACHERI, JAIPUR, RAJASTHAN",RAJASTHAN,25.5,5.7,7.85,629.0,1.0,12.12,1.8,3.7,2024,0.17513134851138354,145.35,3.9902499999999996,12.65,Safe
2963,"WELL OF RIICO AT LEATHER COMPLEX, MANPUR MACHERI, JAIPUR, RAJASTHAN",RAJASTHAN,25.0,5.7,7.57,3930.0,1.0,21.92,3.6,6.8,2024,0.17513134851138354,142.5,12.5596,22.58,Safe
2964,"WELL AT INDIA PUBLIC SCHOOL, MANPUR MACHERI, JAIPUR, RAJASTHAN",RAJASTHAN,24.5,5.7,7.74,1569.0,1.0,8.52,5.5,8.3,2024,0.17513134851138354,139.65,5.1627,14.75,Safe
2965,"SHRI GIRDHARI SINGH CHOUDHARY NEAR
BANDI BRIDGE, PALI BYE PASS ROAD, PALI, RAJASTHAN",RAJASTHAN,28.6,5.7,7.23,8627.0,1.0,6.22,1.8,9.0,2024,0.17513134851138354,163.02,18.814200000000003,26.35,Moderate
2966,"SHRI GIRDHARI SINGH RAJPUROHIT NEAR VILLAGE PUNAYATA, JODHPUR-SUMERPUR BYE PASS ROAD, PALI,
RAJASTHAN",RAJASTHAN,28.7,5.7,7.34,5840.0,1.0,3.58,1.8,4.0,2024,0.17513134851138354,163.59,12.7047,22.69,Safe
2967,"SH. POL SINGH PUROHIT, VILLAGE
PUNAYATA, PALI, RAJASTHAN",RAJASTHAN,29.8,5.7,7.19,7896.0,1.0,5.32,1.8,4.0,2024,0.17513134851138354,169.86,17.1647,25.49,Moderate
2968,"SH. BHANA RAM KALAL, DHARU NAGAR, NEAR MAIN MANDIA ROAD, OPP. VILLAGE MANDIA, PALI, RAJASTHAN",RAJASTHAN,25.6,5.7,8.14,8239.0,1.0,4.44,1.8,4.0,2024,0.17513134851138354,145.92000000000002,17.6747,25.76,Moderate
2970,"RIICO TUBE WELL, RIA, BEHROR,
RAJASTHAN",RAJASTHAN,26.0,5.7,7.91,1410.0,1.0,1.18,4.0,7.0,2024,0.17513134851138354,148.20000000000002,3.3725,11.34,Safe
2971,"RIICO TUBE WELL, RIA, NEEMRANA,
RAJASTHAN",RAJASTHAN,27.0,5.7,7.89,1487.0,1.0,2.16,7.0,17.0,2024,0.17513134851138354,153.9,3.7420000000000004,12.15,Safe
2972,"RIICO TUBE WELL, RIA, SOTANALA,
RAJASTHAN",RAJASTHAN,25.0,5.7,8.11,1588.0,1.0,2.34,2.0,4.0,2024,0.17513134851138354,142.5,3.953,12.58,Safe
2973,"RIICO TUBE WELL, RIA, SHAHJAHANPUR,
RAJASTHAN",RAJASTHAN,26.0,5.7,7.35,1382.0,1.0,2.25,7.0,17.0,2024,0.17513134851138354,148.20000000000002,3.5500000000000003,11.74,Safe
2974,"VILLAGE AGYARA, TEHSIL- RAMGARH,
ALWAR, RAJASTHAN",RAJASTHAN,25.0,5.7,7.62,1354.0,1.0,1.45,4.0,17.0,2024,0.17513134851138354,142.5,3.3295,11.24,Safe
2975,"VILLAGE BAGER MEO, TEHSIL- RAMGARH,
ALWAR, RAJASTHAN",RAJASTHAN,27.0,5.7,7.72,1510.0,1.0,1.78,9.0,21.0,2024,0.17513134851138354,153.9,3.721,12.1,Safe
2976,"SUJAN GANGA, BHARATPUR, RAJASTHAN",RAJASTHAN,28.0,5.7,8.64,3344.0,10.4,1.7,14.0,40.0,2024,1.821366024518389,159.6,10.229000000000001,20.71,Safe
2977,"WELL OF RAM CHANDRA DEWRA, VILLAGE- SANGARIA, JODHPUR,
RAJASTHAN",RAJASTHAN,23.1,5.7,7.3,23194.0,1.0,21.53,11.0,9.0,2024,0.17513134851138354,131.67000000000002,51.02400000000001,35.94,Moderate
2982,"WELL OF BIRMA RAM PATEL, SALAWAS,
JODHPUR, RAJASTHAN",RAJASTHAN,24.1,5.7,7.6,16000.0,1.0,24.58,11.0,16.0,2024,0.17513134851138354,137.37,37.2565,32.89,Moderate
2985,"WELL OF GIRDHARI RAM MEGHWAL, VILLAGE- NANDWAN, JODHPUR,
RAJASTHAN",RAJASTHAN,26.6,5.7,7.15,13074.0,1.0,19.4,11.0,7.0,2024,0.17513134851138354,151.62,30.355000000000004,30.91,Moderate
2987,"CWR OF PHED, BHITUJA, RAJASTHAN",RAJASTHAN,30.0,5.7,7.15,9820.0,1.0,6.04,1.8,4.0,2024,0.17513134851138354,171.0,21.1567,27.46,Moderate
2988,"WELL OF PEMA RAM MALI, BHITUJA,
RAJASTHAN",RAJASTHAN,28.0,5.7,7.3,10656.0,1.0,6.16,1.8,11.0,2024,0.17513134851138354,159.6,22.863200000000003,28.2,Moderate
2991,"WELL OF BHAG JI LAXMAN RAM MALI,
SAKARNA BERA, BALOTRA, BARMER, RAJASTHAN",RAJASTHAN,30.0,5.7,7.24,12179.0,1.0,4.99,1.8,7.0,2024,0.17513134851138354,171.0,25.669200000000007,29.3,Moderate
2993,"WELL OF CHOUTHA RAM PUSA PAM,
LEFT SIDE OF BRIDGE LUNI, BALOTRA, RAJASTHAN",RAJASTHAN,29.0,5.7,7.52,7402.0,1.0,5.9,1.8,5.0,2024,0.17513134851138354,165.3,16.2942,25.0,Moderate
3001,"BORE WELL OF M/S  SHRI . BHRAM JEET SERVICE STATION, NEAR BUS STAND BHIWADI,TEHSIL-TIJARA, DISTT-ALWAR",RAJASTHAN,28.0,5.7,6.96,2060.0,1.0,2.7,4.0,11.0,2024,0.17513134851138354,159.6,4.9825,14.46,Safe
3002,"BORE WELL M/S R.C. PALACE HOTEL,HOTERL,NEAR LIC OFFICE, ALAMPUR ROAD ,BHIWADI,TEHSIL-
TIJARA DISS-ALWAR",RAJASTHAN,29.0,5.7,7.43,1347.0,1.0,2.08,3.0,9.0,2024,0.17513134851138354,165.3,3.4280000000000004,11.47,Safe
3003,"BORE WELL OFFICE OF RAJ. HOUSING
BOARD OFFICE , BHIWADI,TEHSIL-TIJARA,DISTT-ALWAR",RAJASTHAN,27.0,5.7,6.9,1282.0,1.0,1.86,3.0,9.0,2024,0.17513134851138354,153.9,3.2540000000000004,11.07,Safe
3004,"BORE WELL OF M/S MODERN PUBLIC SCHOOL,NEAR BHAGAT SINGH COLONY,ALWAR BY PASS ROAD BHIWADI,TEHSIL-TIJARA,DISTT-ALWAR",RAJASTHAN,28.0,5.7,7.55,1384.0,1.0,2.08,4.0,9.0,2024,0.17513134851138354,159.6,3.5035,11.64,Safe
3006,"HAND PUMP NEAR NEVTA TIRAHA, NEVTA DAM, SANGANER, JAIPUR,
RAJASTHAN",RAJASTHAN,26.0,5.7,8.38,2440.0,1.0,2.49,3.6,9.1,2024,0.17513134851138354,148.20000000000002,5.69705,15.58,Safe
4165,"BORE WELL NEAR STP AT
GAJADHARPURA, JAIPUR",RAJASTHAN,25.5,5.7,7.71,1214.0,1.0,9.62,1.8,4.0,2024,0.17513134851138354,145.35,4.6607,13.91,Safe
4166,"BORE WELL NEAR MSW SITE/ KANOTA
DAM, JAIPUR",RAJASTHAN,24.0,5.7,7.65,2150.0,1.0,6.13,2.0,6.0,2024,0.17513134851138354,136.8,5.838,15.78,Safe
4169,"HAND PUMP AT VILLAGE MANGROP,
BHILWARA",RAJASTHAN,23.5,5.7,7.3,1027.0,1.0,0.92,2.0,6.8,2024,0.17513134851138354,133.95000000000002,2.5512,9.28,Safe
4170,"HAND PUMP AT VILLAGE ATOON,
BHILWARA",RAJASTHAN,24.0,5.7,7.5,1231.0,1.0,1.92,1.8,6.1,2024,0.17513134851138354,136.8,3.15785,10.84,Safe
4176,"HAND PUMP NEAR RIICO INUSTRIAL AREA, AAJOLIYON KA KHERA, GANGRAR,
CHITTORGARH",RAJASTHAN,23.0,5.7,7.44,667.0,1.0,1.75,4.5,21.0,2024,0.17513134851138354,131.1,2.02225,7.67,Safe
4180,"BOREWELL OF JYOTI UCHCH MADHYMIC VIDHYALAYA, NAYAGAON, RAMPUR MUNDANA, BHIWADI",RAJASTHAN,30.0,5.7,8.27,1545.0,1.0,2.82,3.0,11.0,2024,0.17513134851138354,171.0,3.975,12.62,Safe
4181,"BOREWELL IN THE HOUSE AKRAM KHAN, AMLAKI, KAHARANI INDUSTRIAL AREA,BHIWADI,TEHSIL- TIJARA, ALWAR",RAJASTHAN,26.0,5.7,6.97,2170.0,1.0,3.05,4.0,9.0,2024,0.17513134851138354,148.20000000000002,5.2695,14.92,Safe
4183,"BOREWELL AT STAR HOSPITAL, INFRONT OF STP, BHIWADI, TIJARA, ALWAR",RAJASTHAN,27.0,5.7,7.37,1760.0,1.0,1.86,3.0,9.0,2024,0.17513134851138354,153.9,4.21,13.08,Safe
4184,"BOREWELL IN CETP PREMISES,NEAR BUS STAND BHIWADI, TIJARA, ALWAR",RAJASTHAN,28.0,5.7,7.33,1955.0,1.0,2.76,3.0,11.0,2024,0.17513134851138354,159.6,4.783,14.12,Safe
4759,"HANDPUMP IN FRONT OF URBAN
IMPROVEMENT TRUST, CIVIL LINES, AJMER",RAJASTHAN,23.0,5.7,7.3,2080.0,1.0,8.63,4.0,9.1,2024,0.17513134851138354,131.1,6.20565,16.3,Safe
4760,"HANDPUMP WITHIN PREMISES OF NAGAR PARISHAD OFFICE, OLD CITY ROAD, DESHWALI MOHALLA,
KRISHANGARH",RAJASTHAN,23.0,5.7,7.1,2160.0,1.0,7.05,1.8,4.0,2024,0.17513134851138354,131.1,6.0387,16.07,Safe
4761,"TUBE WELL OF M/S BALOTRA WATER POLLUTION CONTROL AND RESEARCH FOUNDATION TRUST (CETP) KHED ROAD, BALOTRA, BARMER, RAJASTHAN",RAJASTHAN,31.0,5.7,6.98,57597.0,1.0,4.64,1.8,7.0,2024,0.17513134851138354,176.70000000000002,116.43520000000001,44.03,Moderate
4763,"BOREWELL OF SHRI PEMARAM
MALI/DHUDARAM MALI, BITHUJA, BALOTRA, BARMER, RAJASTHAN",RAJASTHAN,30.0,5.7,7.09,10865.0,1.0,5.91,1.8,9.0,2024,0.17513134851138354,171.0,23.228200000000005,28.35,Moderate
4764,"M/S ABHISHEK KOTHARI, NAKODA ROAD MEWA NAGAR, JASOL, PACHPADRA,
BARMER, RAJASTHAN",RAJASTHAN,34.0,5.7,6.74,4268.0,1.0,3.43,1.8,2.0,2024,0.17513134851138354,193.8,9.527700000000001,20.07,Safe
4765,"BOREWELL OF AJANTA TEXTILES NAKODA ROAD, JASOL, BARMER, RAJASTHAN",RAJASTHAN,30.0,5.7,7.03,28910.0,1.0,8.14,1.8,5.0,2024,0.17513134851138354,171.0,59.7582,37.48,Moderate
4766,"BOREWELL OF AMRITLAL S/O BACHARAJ & JOINT KRISHI FORM KH. NO. 66/15, BITHUJA, BARMER, RAJASTHAN",RAJASTHAN,32.0,5.7,7.42,15672.0,1.0,6.24,1.8,4.0,2024,0.17513134851138354,182.4,32.9007,31.69,Moderate
4768,"OPENWELL OF SHRI ISHWAR SINGH MALI S/O BHURJI MALI, DHANNA KI DHANI
BILASAR, BARMER",RAJASTHAN,26.0,5.7,7.14,11731.0,1.0,6.1,1.8,2.0,2024,0.17513134851138354,148.20000000000002,24.987700000000004,29.05,Moderate
4774,"RIICO TUBWELL NO. 1, LOCATED NEAR GANPATI TUBES & FABRICATION (P) LTD SP-A-53(A), RIA, BHIWADI, OPPOSITE TO WHEEL'O CITY AT T-POINT, TEHSIL-TIJARA",RAJASTHAN,28.0,5.7,7.8,1498.0,1.0,1.78,3.0,11.0,2024,0.17513134851138354,159.6,3.673000000000001,12.0,Safe
4775,"RIICO TUBEWELL NO. 3 LOCATED ON ROAD SIDE CLOSE TO INDAG RUBBER AND OPPOSITE TO HONDA SHOWROOM, NEELAM CHOWK, BHIWADI, TEHSIL-
TIJARA",RAJASTHAN,28.0,5.7,7.05,1227.0,1.0,1.86,4.0,11.0,2024,0.17513134851138354,159.6,3.1485000000000003,10.82,Safe
4777,"RIICO TUBEWELL NO. 31, LOCATED NEAR BKL LIFESTYLE, PLOT NO. 1228, RIA, BHIWADI, OPP. TO ACRO PAINTS-II,
TIJARA",RAJASTHAN,30.0,5.7,6.89,1288.0,1.0,1.68,4.0,9.0,2024,0.17513134851138354,171.0,3.2315000000000005,11.02,Safe
4778,"RIICO TUBEWELL NO. 34, LOCATED ON ROAD SIDE OF 220 KVA POWER STATION, CLOSE TO BKT(ESI HOSPITAL), RAMPUR MUNDANA RIS BHIWADI, TIJARA,",RAJASTHAN,28.0,5.7,8.11,1374.0,1.0,1.68,3.0,9.0,2024,0.17513134851138354,159.6,3.4020000000000006,11.41,Safe
4779,"BOREWELL OF VKIA RECREATIONAL CLUB
JAIPUR",RAJASTHAN,25.0,5.7,7.68,1142.0,1.0,11.92,5.5,9.2,2024,0.17513134851138354,142.5,4.99005,14.47,Safe
4782,"OFFICE OF ASSISTANT ENGINEER, JAIPUR, VIDHUT VITRAN NIGAM LTD, RIICO IND. AREA, BAGRU, TEHSIL-SANGANER,",RAJASTHAN,26.0,5.7,8.61,4130.0,1.0,7.34,2.0,5.6,2024,0.17513134851138354,148.20000000000002,10.0394,20.54,Safe
4783,"JHALANA FOREST PARK, NEAR MALVIYA
NAGAR IND. AREA, MALVIYA NAGAR JAIPUR",RAJASTHAN,26.0,5.7,8.15,770.0,1.0,1.45,3.5,5.6,2024,0.17513134851138354,148.20000000000002,2.14365,8.06,Safe
4784,"WELL OF SHRI HAZARI SINGH GEHLOT, NEAR PATWAR BHAWAN, SALAWAS
JODHPUR",RAJASTHAN,26.7,5.7,7.24,2806.0,1.0,10.22,11.0,4.0,2024,0.17513134851138354,152.19,7.9784999999999995,18.49,Safe
4785,"WELL OF SHRI TILARAM, NANDWAN,
JODHPUR",RAJASTHAN,28.0,5.7,7.01,6255.0,1.0,28.27,11.0,7.0,2024,0.17513134851138354,159.6,18.491,26.19,Moderate
4786,"WELL OF SHRI DEVARAM, HEER KHERA,
JODHPUR",RAJASTHAN,28.0,5.7,6.9,10104.0,1.0,14.54,11.0,5.0,2024,0.17513134851138354,159.6,23.44,28.44,Moderate
4787,"WELL OF SHRI DALARAM, AHEER KHERA,
JODHPUR",RAJASTHAN,26.1,5.7,7.25,4224.0,1.0,12.59,11.0,7.0,2024,0.17513134851138354,148.77,11.293000000000001,21.61,Safe
4788,"WELL OF SHRI MAGARAM, NANDWAN,
JODHPUR",RAJASTHAN,28.7,5.7,7.04,13792.0,1.0,9.29,11.0,9.0,2024,0.17513134851138354,163.59,29.772000000000002,30.73,Moderate
4789,"WELL OF SHRI BHAGARAM BHATIA,
SALAWAS-JODHPUR ROAD, SALAWAS, JODHPUR",RAJASTHAN,28.1,5.7,7.25,8269.0,1.0,19.22,11.0,11.0,2024,0.17513134851138354,160.17000000000002,20.715000000000003,27.26,Moderate
4791,"HANDPUMP NEAR M/S CHAMBLE
FERTILIZER & CHEMICALS, GADEPAN",RAJASTHAN,24.0,5.7,7.9,464.0,1.0,1.32,1.8,12.0,2024,0.17513134851138354,136.8,1.5127,5.84,Safe
4792,"HANDPUMP NEAR M/S RAJASTHAN
TEXTILE MILLS, BHAWANI MANDI",RAJASTHAN,27.0,5.7,7.5,2080.0,1.0,4.87,4.0,8.2,2024,0.17513134851138354,153.9,5.4523,15.21,Safe
4793,"PUBLIC TUBEWELL, VILLAGE-NANI, TEHSIL-
SIKAR,DIST-SIKAR",RAJASTHAN,28.0,5.7,7.41,1560.0,1.0,6.62,1.8,3.7,2024,0.17513134851138354,159.6,4.75225,14.07,Safe
4794,"TUBEWELL OF HARIPRASAD PANNALAL, BADA TALAB, VILL-NANI, TEHSIL-SIKAR",RAJASTHAN,26.0,5.7,7.61,812.0,1.0,6.62,1.8,4.0,2024,0.17513134851138354,148.20000000000002,3.2567,11.08,Safe
4796,"OPEN WELL OF SARAS DAIRY, VILAS, NH-
08, UDAIPUR",RAJASTHAN,25.0,5.7,7.8,1571.0,1.0,3.88,9.1,26.0,2024,0.17513134851138354,142.5,4.27065,13.2,Safe
4797,"BOREWELL NEAR MAIN GATE, CITY PALACE, NEAR SHEETLA MATA TEMPLE,
UDAIPUR",RAJASTHAN,26.0,5.7,7.89,1449.0,1.0,4.26,8.3,14.0,2024,0.17513134851138354,148.20000000000002,4.08345,12.84,Safe
4798,"BOREWELL OF BSNL OFFICE, SECTOR-03,
HIRAN MARG, UDAIPUR",RAJASTHAN,25.0,5.7,8.3,1318.0,1.0,1.95,8.3,26.0,2024,0.17513134851138354,142.5,3.37745,11.35,Safe
4799,"DISTRICT COLLECTOR, BARAN",RAJASTHAN,29.0,5.7,7.2,1803.0,1.0,4.52,4.0,6.8,2024,0.17513134851138354,165.3,4.826200000000001,14.19,Safe
4800,"DISTRICT COLLECTOR, CHURU",RAJASTHAN,27.0,5.7,7.48,3750.0,1.0,12.12,3.7,6.8,2024,0.17513134851138354,153.9,10.239749999999999,20.72,Safe
4801,"DISTRICT COLLECTOR, DAUSA",RAJASTHAN,26.0,5.7,8.0,2820.0,1.0,9.22,4.0,10.0,2024,0.17513134851138354,148.20000000000002,7.805000000000001,18.3,Safe
4802,"DISTRICT COLLECTOR, KARAULI",RAJASTHAN,31.0,5.7,7.1,1907.0,1.0,1.23,4.0,7.0,2024,0.17513134851138354,176.70000000000002,4.376500000000001,13.4,Safe
4803,"SHAHID CAPT, CHANDRA CHOUDHARY
PARK, BIKANER",RAJASTHAN,26.4,5.7,7.49,4892.0,1.0,5.05,3.6,5.6,2024,0.17513134851138354,150.48,11.107800000000001,21.46,Safe
4806,"SHRI BABUAL SOPATRA, SHEKHO KI
DDHANI PALI",RAJASTHAN,26.9,5.7,7.81,6627.0,1.0,2.34,1.8,5.0,2024,0.17513134851138354,153.32999999999998,14.032200000000001,23.61,Safe
4807,"SHRI MUKESH RAJPUROHIT, INFORNT OF GS-197-A, PUNAYATA INDUSTRY ROAD, NEAR BY NATIONAL HIGHWAY PALI-JODHPUR, CETP-IV, PALI",RAJASTHAN,28.7,5.7,7.28,8224.0,1.0,5.22,1.8,5.0,2024,0.17513134851138354,163.59,17.802200000000003,25.83,Moderate
4809,"SHRI RANARAM, NEAR BHANWAR SINGH
MANDLI FROM HOUSE NH-PALI-SUMERPUR",RAJASTHAN,27.0,5.7,7.23,10388.0,1.0,4.14,1.8,4.0,2024,0.17513134851138354,153.9,21.9127,27.8,Moderate
5453,"Tube well of vimal metro ,khasra no. 449/127, tilwara, bolara, tehsil-
pachpadra, dis- barmer",RAJASTHAN,31.0,5.7,6.85,26686.0,1.0,5.01,1.8,4.0,2024,0.17513134851138354,176.70000000000002,54.682700000000004,36.62,Moderate
5454,"Tube well of atul Textike, unit-II rai ka
bagh,Balotra, tehsil- pachpadra, dist-barmer",RAJASTHAN,31.0,5.7,7.36,29656.0,1.0,6.17,1.8,4.0,2024,0.17513134851138354,176.70000000000002,60.8547,37.66,Moderate
5455,"Bore well situated at khajur anusandhan, in front of administration block of swamin keshwanand Rajasthan agricultural university, Bikaner",RAJASTHAN,25.9,5.7,7.84,2910.0,1.0,1.62,1.8,4.0,2024,0.17513134851138354,147.63,6.452700000000001,16.64,Safe
5456,"Bore well situated at Rajasthan university of verterinary and animal sciences (RAJUVAS) near ICICI bank, Bikaner",RAJASTHAN,27.0,5.7,7.74,3290.0,1.0,5.07,3.7,6.8,2024,0.17513134851138354,153.9,7.909750000000001,18.41,Safe
5457,"Bore well situated of government dungar
collage, Bikaner",RAJASTHAN,26.5,5.7,7.43,3540.0,1.0,13.32,4.0,7.8,2024,0.17513134851138354,151.05,10.0617,20.56,Safe
5458,"Bore well situated at custom colony,
Jaipur road, bikaner",RAJASTHAN,26.3,5.7,7.77,2150.0,1.0,5.23,1.8,3.6,2024,0.17513134851138354,149.91,5.6541,15.51,Safe
5463,"Bore well of regional office, RSPCB, Kota",RAJASTHAN,27.0,5.7,7.4,472.0,1.0,1.22,1.8,5.5,2024,0.17513134851138354,153.9,1.49895,5.78,Safe
5465,"Handpump near Hanuman mandir,
Mathmadri, MIA, Udaipur",RAJASTHAN,25.0,5.7,7.54,1457.0,1.0,2.15,6.1,14.0,2024,0.17513134851138354,142.5,3.67415,12.0,Safe
5466,"Handpump near govt. school, Naya khet, RIICO industrial area, kaladawas, udaipur",RAJASTHAN,26.0,5.7,8.4,1457.0,1.0,3.96,6.3,49.0,2024,0.17513134851138354,148.20000000000002,4.0889500000000005,12.85,Safe
5470,"Borewell of mr. jale singh, village-jainpurbas, near RIICO industrial area, sotanala, tehsil- behror, dist- Alwar",RAJASTHAN,26.0,5.7,8.06,1643.0,1.0,2.32,2.0,6.0,2024,0.17513134851138354,148.20000000000002,4.062,12.8,Safe
5471,"Borewell of M/s Jagatjit industries ltd.,
sp1-2, RIICO industrial area, Sotanal, tehsil- behror, dist- Alwar",RAJASTHAN,27.0,5.7,7.79,1636.0,1.0,1.71,4.0,11.0,2024,0.17513134851138354,153.9,3.9365,12.55,Safe
5472,"Open well of aadam khan, Near Nextgen Textile park, sardar samand road, Pali",RAJASTHAN,27.0,5.7,7.68,4433.0,1.0,3.27,1.8,4.0,2024,0.17513134851138354,153.9,9.828700000000001,20.35,Safe
5474,"Open well of Ganpat singh ji,near
khareshwar mahadev mandir, Falna, district- Pali",RAJASTHAN,22.6,5.7,7.38,5672.0,1.0,3.23,1.8,4.0,2024,0.17513134851138354,128.82000000000002,12.298700000000002,22.39,Safe
5475,"Govt. handpump near anadra chauraha,
Sirohi",RAJASTHAN,29.7,5.7,7.03,2731.0,1.0,1.44,1.8,5.0,2024,0.17513134851138354,169.29,6.0602,16.1,Safe
5478,"BORE WELL OF RAJASTHAN STATE PATH PARIVAHAN NIGAM, CENTRAL BUS STAND, TEHSIL-TIJARA, DIST- ALWAR",RAJASTHAN,29.0,5.7,7.52,602.0,1.0,2.48,3.0,9.0,2024,0.17513134851138354,165.3,2.0180000000000002,7.66,Safe
5479,"Bore well of RIICO water supply Campus
,RIA, Karoli (khuskhera), Tehsil- tijara, Dist- Alwar",RAJASTHAN,28.0,5.7,8.12,541.0,1.0,2.48,4.0,9.0,2024,0.17513134851138354,159.6,1.8975000000000002,7.25,Safe
5480,"Borewell of Ashiana Tarang, near village-Milkpurgurjar, Bhiwadi, Tehsil- Tijara,
Dist- Alwar",RAJASTHAN,29.0,5.7,7.47,377.0,1.0,1.22,3.0,11.0,2024,0.17513134851138354,165.3,1.319,5.04,Safe
5481,"Bore well of Upper Primary School, Chopanki, Bhiwadi, Tehsil- tijara, Dist-
Alwar",RAJASTHAN,27.0,5.7,7.92,1267.0,1.0,1.22,3.0,11.0,2024,0.17513134851138354,153.9,3.0990000000000006,10.7,Safe
5482,"BoreWell of RIICO  water Supply Campusof M/S Aksh Optifibre ltd. Plot no. A-56,RIA,Kehrani, Tehsil- Tijara, Dist-
Alwar",RAJASTHAN,28.0,5.7,6.89,1207.0,1.0,1.84,3.0,9.0,2024,0.17513134851138354,159.6,3.1000000000000005,10.7,Safe
5483,"BoreWell of RIICO Mahendra Dayma,Village- Alampur,  Bhimadi, Tehsil-
Tijara, Dist- Alwar",RAJASTHAN,26.0,5.7,7.34,944.0,1.0,1.68,4.0,9.0,2024,0.17513134851138354,148.20000000000002,2.5435,9.25,Safe
5484,"Bore well of M/S Shree cement ltd., Plot
no. SP-3/A-11, RIA, Khuskhera, Tehsil-TIjara, District- Alwar",RAJASTHAN,29.0,5.7,8.05,684.0,1.0,1.42,3.0,9.0,2024,0.17513134851138354,165.3,1.97,7.5,Safe
5485,"Bore well of Shre Satnam Singh S/o Bhop singh , Village- Bahadri, Chopanki, Tehsil-TIjara, District- Alwar",RAJASTHAN,28.0,5.7,6.67,1535.0,1.0,2.7,3.0,9.0,2024,0.17513134851138354,159.6,3.9280000000000004,12.53,Safe
32,"WELL AT MUSIRI, TAMIL NADU",TAMIL NADU,24.0,5.7,7.51,1200.0,2.6,0.66,1.8,317.0,2024,0.45534150612959723,136.8,3.7902,12.25,Safe
1449,"COLLECTOR WELL AT THIRUPUVANAM
FOR TAMILNADU",TAMIL NADU,26.0,5.7,7.72,917.0,2.0,0.32,1.8,3.1,2024,0.3502626970227671,148.20000000000002,2.50535,9.15,Safe
4810,"SURIYAMPALAYAM BOREWELL (HAND PUMP) OWNED BY ERODE CORPORATION LOATED OPPOSITE TO M/S. PIONEER PROCESSING INDIA PVT. LTD., BHAVANI MAIN ROAD, R.N. PUDUR POST, ERODE",TAMIL NADU,27.0,5.7,7.84,1972.0,1.9,0.32,15.0,37.0,2024,0.3327495621716287,153.9,4.656,13.9,Safe
4811,"BOREWELL LOCATED AT M/S. PHOENIX
TEXTILE PROCESSORS, VENDIPALAYAM, ERODE",TAMIL NADU,27.0,5.7,7.25,3700.0,2.1,0.36,20.0,34.0,2024,0.36777583187390545,153.9,8.183,18.71,Safe
4814,"HOUSE OF THIRU MURUGAN, S/O. ESAKKI, NO.16B, MEENAKSHIPURAM, ANNA NAGAR, TIRUNELVELI",TAMIL NADU,30.0,5.7,7.99,2270.0,3.7,0.32,1.8,3.6,2024,0.6479859894921192,171.0,5.7221,15.61,Safe
4815,"MUNICIPAL CORPORATION BORE WELL LOCATED IN PERUMALPURAM STREET, NARANAMMALPURAM, TIRUNELVELI",TAMIL NADU,30.0,5.7,8.18,1175.0,3.2,0.32,1.8,1.8,2024,0.5604203152364273,171.0,3.3794,11.36,Safe
4816,AUTHOR ‚– MUKKANI AGRAGARAM STREET INFRONT OF THIRU N. SAMUTHRAPANDI HOUSE BORE WELL,TAMIL NADU,26.0,5.7,7.17,3200.0,2.6,0.32,1.8,1.8,2024,0.45534150612959723,148.20000000000002,7.2494000000000005,17.65,Safe
4817,ERAL ‚– CHARMAM ARUNACHALA SWAMY TEMPLE WEST OF BORE WELL,TAMIL NADU,27.0,5.7,7.65,862.0,2.5,0.32,1.8,1.8,2024,0.43782837127845886,153.9,2.5434,9.25,Safe
4818,"ALWARTHIRUNAGARI ‚– VETERINARY DISPENSARY, WEST CAR STREET NEAR OVER HEAD TANK OF BORE WELL",TAMIL NADU,28.5,5.7,7.8,470.0,2.4,0.32,1.8,3.7,2024,0.4203152364273205,162.45000000000002,1.73225,6.67,Safe
4819,"SRIVAIKUNDAM ‚– BLOCK DEVELOPMENT
OFFICE ‚– OPEN WELL",TAMIL NADU,29.0,5.7,7.06,248.0,2.3,0.32,1.8,2.0,2024,0.4028021015761821,165.3,1.2556999999999998,4.77,Safe
4820,SRIVAIKUNDAM ‚– TNEB SUB STATION 33 KVA OPPOSITE TO TIRUNELVELI MAIN ROAD OPEN WELL,TAMIL NADU,28.0,5.7,7.42,1509.0,2.1,0.32,1.8,1.8,2024,0.36777583187390545,159.6,3.7174,12.1,Safe
4824,"PARAMASIVAM WATER SERVICE STATION, BLOCK NO.13 BSNL EXCHANGE OPPOSITE, METTUR DAM ‚– 636 402.",TAMIL NADU,31.0,5.7,7.72,1455.0,3.6,0.72,16.0,38.0,2024,0.6304728546409808,176.70000000000002,4.215000000000001,13.09,Safe
4825,"M. KALIAPPAN, SANGILIMUNIYAPPAN KOVIL, ERIKKADU, METTUR",TAMIL NADU,30.0,5.7,7.78,1107.0,2.4,0.48,19.0,37.0,2024,0.4203152364273205,171.0,3.114,10.74,Safe
4826,"SAKTHI NAGAR, NEAR MUNICIPALITY SEWAGE TREATMENT PLANT,
KOMPURANKADU, METTUR",TAMIL NADU,31.0,5.7,7.77,1656.0,2.7,0.53,16.0,34.0,2024,0.4728546409807356,176.70000000000002,4.303,13.26,Safe
4907,"KOMBUPALLAM, SATHYAMANGALAM",TAMIL NADU,29.0,5.7,8.37,437.0,2.3,0.49,22.0,42.0,2024,0.4028021015761821,165.3,1.7579999999999998,6.76,Safe
4908,"ARIYAPPAMPALAYAM,
SATHYAMANGALAM",TAMIL NADU,27.0,5.7,8.65,424.0,1.8,0.52,25.0,52.0,2024,0.3152364273204904,153.9,1.6075000000000002,6.21,Safe
4909,"THALAVAIPETTAI, BHAVANI",TAMIL NADU,27.5,5.7,7.53,314.0,1.9,0.87,18.0,43.0,2024,0.3327495621716287,156.75,1.4635,5.64,Safe
4911,"BOREWELL AT PASUPATHY PUDUR VILLAGE, PALANI TALUK, DINDIGUL DIST.",TAMIL NADU,26.0,5.7,6.9,1001.0,2.1,0.4,1.8,1.8,2024,0.36777583187390545,148.20000000000002,2.7174,9.73,Safe
4912,"BORE WELL AT VANNIARVALASU VILLAGE, NEAR ELEMENTARY SCHOOL, THOPPAMPATTI PANCHAYAT UNION, PALANI TALUK, DINDIGUL DIST",TAMIL NADU,27.0,5.7,7.08,1096.0,2.2,0.46,1.8,1.8,2024,0.3852889667250438,153.9,2.9494,10.33,Safe
15,"BOREWELL AT KOYYURA, JAYASHANKAR
BHUPALAPALLI",TELANGANA,26.0,5.7,7.89,294.0,1.0,0.0,1.8,1.8,2024,0.17513134851138354,148.20000000000002,0.8934,3.03,Safe
16,"OPEN WELL AT GOVT ASHRAM SCHOOL, TADVAI (V), SS TADVAI (M), MULUGU
DISTRICT",TELANGANA,27.0,5.7,7.85,978.0,1.0,0.0,1.8,11.0,2024,0.17513134851138354,153.9,2.2752,8.47,Safe
27,"BOREWELL AT PEDDAVOORA (V&M),
NALGONDA",TELANGANA,23.0,5.7,7.52,1854.0,1.0,15.22,11.0,90.0,2024,0.17513134851138354,131.1,7.2035,17.59,Safe
1515,"BOREWELL AT NAGARAM, PALVANCHA, BHADRADRI KOTHAGUDEM",TELANGANA,25.0,5.7,7.33,1738.0,1.0,0.0,1.8,1.8,2024,0.17513134851138354,142.5,3.7813999999999997,12.23,Safe
1525,"BOREWELL AT PASHAMYLARAM NEAR M/S.SRI CHAITANYA CHLORIDES,
SANGAREDDY",TELANGANA,25.0,5.7,7.16,3048.0,1.0,18.31,11.0,90.0,2024,0.17513134851138354,142.5,10.2095,20.69,Safe
1791,"BOREWELL AT PYDIPALLY NEAR EAST
SIDE OF SAI CHERUVU , PAIDIPALLY (V), WARANGAL (M&D)",TELANGANA,27.0,5.7,7.43,1179.0,1.0,0.0,1.8,2.0,2024,0.17513134851138354,153.9,2.6637,9.58,Safe
1792,"BOREWELL AT CKM COLLEGE, ENAMAMULA (V), WARANGAL (M&D)",TELANGANA,27.0,5.7,7.48,1320.0,1.0,0.0,1.8,2.0,2024,0.17513134851138354,153.9,2.9457,10.32,Safe
1793,"OPEN WELL AT KUNDANPALLY NEAR ASH PONDS OF NTPC, PEDDAPALLI ,
RAMAGUNDAM",TELANGANA,26.0,5.7,7.88,1567.0,1.0,0.0,1.8,1.8,2024,0.17513134851138354,148.20000000000002,3.4394,11.49,Safe
1794,"BOREWELL AT MANAKONDUR ,
RAMAGUNDAM",TELANGANA,26.0,5.7,7.71,1046.0,1.8,0.0,1.8,8.0,2024,0.3152364273204904,148.20000000000002,2.6467,9.54,Safe
1795,"BOREWELL AT BOLLARAM NEAR
PANCHAYAT OFFICE, SANGAREDDY",TELANGANA,25.0,5.7,7.26,3039.0,1.0,15.2,11.0,90.0,2024,0.17513134851138354,142.5,9.5695,20.11,Safe
1810,"BOREWELL AT BODHAN, SRIRAMNAGAR COLONY, SHAKKARNAGAR, NIZAMABAD",TELANGANA,25.0,5.7,6.86,1662.0,1.0,12.24,11.0,90.0,2024,0.17513134851138354,142.5,6.2235000000000005,16.33,Safe
3088,"BOREWELL AT J.NARASIMHA RAO?S HOUSE, 14NOS. AREA, RAMAVARAM, NEAR MWS DUMPSITE, KOTHAGUDEM",TELANGANA,26.1,5.7,6.74,1640.0,1.0,0.0,1.8,1.8,2024,0.17513134851138354,148.77,3.5853999999999995,11.81,Safe
3094,"BOREWELL AT AKBARNAGAR,
RAMAGUNDAM",TELANGANA,26.0,5.7,8.0,912.0,1.0,0.0,1.8,4.0,2024,0.17513134851138354,148.20000000000002,2.1326999999999994,8.03,Safe
4260,"BOREWELL NEAR MSW DUMP YARD,
MEDAK TOWN, MEDAK DISTRICT",TELANGANA,19.0,5.7,6.98,925.0,1.0,9.26,11.0,90.0,2024,0.17513134851138354,108.3,4.1535,12.97,Safe
4262,"BOREWELL NEAR GRAMPANCHYAT OFFICE, KISTAIPALLY VILLAGE, JINNARM MANDAL, SANGAREDDY DISTRICT",TELANGANA,25.0,5.7,7.26,2197.0,1.0,16.32,11.0,90.0,2024,0.17513134851138354,142.5,8.1095,18.63,Safe
4263,"BOREWELL NEAR MPP SCHOOL, GADDAPOTHARAM VILLAGE, JINNARAM MANDAL, SANGAREDDY DISTRICT",TELANGANA,25.0,5.7,6.37,3781.0,1.0,28.22,11.0,90.0,2024,0.17513134851138354,142.5,13.6575,23.36,Safe
4264,"BOREWELL WATER POINT AT ZP GIRLS HIGH SCHOOL, BHUDAN POCHAMPALLY (V&M), YADADRI DISTRICT.",TELANGANA,24.0,5.7,7.5,2005.0,1.0,28.2,11.0,90.0,2024,0.17513134851138354,136.8,10.101500000000001,20.6,Safe
4265,"BOREWELL AT GRAM PANCHAYATH OFFICE NEAR SHIVA TEMPLE & WATER TANK , DOTHIGUDEM (V) , YADADRI
BHUVANAGIRI DISTRICT",TELANGANA,23.0,5.7,7.39,1239.0,1.0,8.32,11.0,90.0,2024,0.17513134851138354,131.1,4.5935,13.79,Safe
4266,"BOREWELL, NEAR PRIMARY SCHOOL, ADLOOR YELLAREDDY (V), SADASHIVANAGAR (M), KAMAREDDY
DIST.",TELANGANA,25.0,5.7,7.41,1229.0,1.0,12.17,11.0,90.0,2024,0.17513134851138354,142.5,5.3435,15.04,Safe
4268,"BOREWELL LOCATED AT HOUSE OF SRI VITAL RAO, H.NO.2-42, 875, ABESTOS COLONY, GANDHI NAGAR, BALANAGAR,
MEDCHAL DISTRICT",TELANGANA,27.0,5.7,7.32,936.0,1.0,0.0,1.8,11.0,2024,0.17513134851138354,153.9,2.1912,8.21,Safe
4270,"BOREWELL LOCATED AT HOUSE OF P.ANJANEYULU , PLOT NO.25, SHAKTHIPURAM, PRASHANTH NAGAR, I.E.KUKATPALLY, MEDCHAL DISTRICT",TELANGANA,25.0,5.7,7.19,1845.0,1.0,0.0,1.8,350.0,2024,0.17513134851138354,142.5,4.5177,13.65,Safe
4271,"BOREWELL LOCATED AT GOVERNMENT PRIMARY SCHOOL, SY.NO.32, DHULAPALLY (V), QUTHBULLAPUR (M), MEDCHAL DISTRICT.",TELANGANA,25.0,5.7,7.19,1868.0,1.0,0.0,1.8,27.0,2024,0.17513134851138354,142.5,4.0792,12.83,Safe
4272,"BOREWELL LOCATED AT RAJIV GRUHA KALPA, AHMEDGUDA, AMBEDKAR NAGAR, KAPRA MEDCHAL DISTRICT.",TELANGANA,25.0,5.7,7.46,844.0,1.0,0.0,1.8,11.0,2024,0.17513134851138354,142.5,2.0072,7.62,Safe
4273,"BOREWELL LOCATED AT THANDA DUNDIGAL (V), DHUNDIGAL (M),
MEDCHAL DISTRICT.",TELANGANA,26.0,5.7,7.08,2028.0,1.0,0.0,1.8,21.0,2024,0.17513134851138354,148.20000000000002,4.3902,13.42,Safe
4274,"BOREWELL POINTS AT THE PERIPHERY OF THE IDA, JEEDIMETLA, MEDCHAL",TELANGANA,26.0,5.7,7.04,1084.0,1.0,0.0,1.8,17.0,2024,0.17513134851138354,148.20000000000002,2.4962,9.12,Safe
4275,"BOREWELL POINTS AT THE PERIPHERY OF THE IDA, BALANAGAR, MEDCHAL",TELANGANA,25.0,5.7,7.2,2303.0,1.0,0.0,1.8,540.0,2024,0.17513134851138354,142.5,5.7187,15.61,Safe
4276,"BOREWELL NEAR GRAMPANCHYAT
OFFICE, KHAZIPALLY VILLAGE, SANGAREDDY DISTRICT",TELANGANA,29.0,5.7,7.32,1534.0,1.0,16.11,11.0,90.0,2024,0.17513134851138354,165.3,6.741499999999999,17.02,Safe
4279,"BOREWELL NEAR M/S. AUROBINDO PHARMA UNIT -I, GATE 1 BORAPATLA (V), HATNOORA (M), SANGAREDDY DISTRICT",TELANGANA,24.0,5.7,7.12,1235.0,1.0,14.12,11.0,90.0,2024,0.17513134851138354,136.8,5.745499999999999,15.65,Safe
4282,"BOREWELL NEAR AARLA BAVI (V) (AGRICULTURAL FIELD), POCHAMPALLY MANDAL, YADADRI BHUVANAGIR
DISTRICT",TELANGANA,24.0,5.7,7.88,1305.0,1.0,17.13,11.0,90.0,2024,0.17513134851138354,136.8,6.4875,16.69,Safe
4284,"BOREWELL NEAR MALKAPUR LAKE, MALKAPUR VILLAGE (AGRICULTURAL FIELD), CHOUTUPPAL MANDAL,
NALGONDA",TELANGANA,24.0,5.7,7.45,1794.0,1.0,19.14,11.0,90.0,2024,0.17513134851138354,136.8,7.867500000000001,18.37,Safe
4285,"BOREWELL NEAR PEDDAKONDUR VILLAGE (AGRICULTURAL FIELD),
CHOUTUPPAL MANDAL, NALGONDA",TELANGANA,23.0,5.7,6.93,2125.0,1.0,12.23,1.8,1.8,2024,0.17513134851138354,131.1,7.0014,17.34,Safe
4286,"BOREWELL NEAR ANKIREDDIGUDEM VILLAGE (AGRICULTURAL FIELD),
CHOUTUPPAL MANDAL, NALGONDA",TELANGANA,23.0,5.7,6.9,2496.0,1.0,24.25,1.8,1.8,2024,0.17513134851138354,131.1,10.147400000000003,20.64,Safe
4287,"BOREWELL NEAR LINGAREDDYGUDEM VILLAGE (BESIDE CHOUTUPPAL-VALIGONDA ROAD), CHOUTUPPAL MANDAL, NALGONDA",TELANGANA,23.0,5.7,8.21,1296.0,1.0,24.16,11.0,90.0,2024,0.17513134851138354,131.1,7.875500000000001,18.37,Safe
4288,"BOREWELL NEAR NAGARAM CHERUVU,
DEVALAMMA NAGARAM VILLAGE, NALGONDA",TELANGANA,22.0,5.7,7.4,928.0,1.0,6.15,11.0,90.0,2024,0.17513134851138354,125.4,3.5375000000000005,11.71,Safe
4289,"BOREWELL  NEAR PITTAM PALLE VILLAGE (OPEN LAND BESIDE VILLAGE ROAD), CHITYAL MANDAL, NALGONDA",TELANGANA,24.0,5.7,8.02,1211.0,1.0,13.22,11.0,90.0,2024,0.17513134851138354,136.8,5.517499999999999,15.31,Safe
4290,"BOREWELL  NEAR PEDDAKAPARTHI VILLAGE (OPEN LAND BESIDE VILLAGE ROAD), CHITYAL MANDAL , NALGONDA",TELANGANA,23.0,5.7,7.87,2031.0,1.0,24.2,11.0,90.0,2024,0.17513134851138354,131.1,9.3535,19.9,Safe
5493,"Bore well in mallapur IALA office,
Mallapur, Rangareddy, dist.",TELANGANA,25.0,5.7,7.13,447.0,1.0,0.0,1.8,26.0,2024,0.17513134851138354,142.5,1.2356999999999998,4.68,Safe
5494,"Bore well in Nacharam IALA office,
Nacharam, Rangareddy, dist.",TELANGANA,25.0,5.7,7.12,766.0,1.0,0.0,1.8,32.0,2024,0.17513134851138354,142.5,1.8827,7.2,Safe
5495,"Bore well in Uppal IALA office, Uppal,
Rangareddy, dist.",TELANGANA,25.0,5.7,7.02,1698.0,1.0,0.0,1.8,21.0,2024,0.17513134851138354,142.5,3.7302,12.12,Safe
5496,"Bore well at Malkaram, Jawaharnagar (V), Shameerpet (M), Medchal dist.",TELANGANA,28.0,5.7,7.32,1110.0,1.0,0.0,1.8,90.0,2024,0.17513134851138354,159.6,2.6577,9.57,Safe
1405,"WELL AT UDAIPUR (TUBEWELL), TRIPURA",TRIPURA,26.0,5.7,6.05,98.0,1.0,0.64,1.8,1.8,2024,0.17513134851138354,148.20000000000002,0.6294000000000001,1.54,Safe
1406,"WELL AROUND UDAIPUR (TUBEWELL),
TRIPURA",TRIPURA,26.0,5.7,5.63,119.0,1.0,0.57,1.8,1.8,2024,0.17513134851138354,148.20000000000002,0.6574,1.71,Safe
1730,"KUNJBAN, AGARTALA, TRIPURA",TRIPURA,29.0,5.7,6.59,99.0,1.0,0.44,1.8,1.8,2024,0.17513134851138354,165.3,0.5914000000000001,1.3,Safe
1731,"LANKAMURA, TRIPURA",TRIPURA,28.5,5.7,6.39,90.0,1.0,0.32,1.8,1.8,2024,0.17513134851138354,162.45000000000002,0.5494000000000001,1.04,Safe
1732,"A.D.NAGAR, AGARTALA, TRIPURA",TRIPURA,28.5,5.7,6.09,121.0,1.0,0.32,1.8,1.8,2024,0.17513134851138354,162.45000000000002,0.6114,1.43,Safe
1733,"SHIBNAGAR, AGARTALA, TRIPURA",TRIPURA,28.5,5.7,6.29,125.0,1.0,0.32,1.8,1.8,2024,0.17513134851138354,162.45000000000002,0.6194000000000001,1.47,Safe
1734,"GANDHIGRAM, AGARTALA, TRIPURA",TRIPURA,28.0,5.7,6.39,129.0,1.0,0.32,1.8,1.8,2024,0.17513134851138354,159.6,0.6274000000000001,1.52,Safe
3423,"TUBE WELL AT HAPANIA, WEST TRIPURA",TRIPURA,25.0,5.7,6.51,79.0,1.0,0.32,1.8,1.8,2024,0.17513134851138354,142.5,0.5274000000000001,0.89,Safe
3424,"TUBE WELL AT NAGICHERRA, WEST
TRIPURA",TRIPURA,25.0,5.7,6.29,88.0,1.0,0.32,1.8,1.8,2024,0.17513134851138354,142.5,0.5454000000000001,1.01,Safe
3425,"TUBE WELL AT BODHJUNG NAGAR, WEST
TRIPURA",TRIPURA,25.0,5.7,6.18,106.0,1.0,0.32,1.8,1.8,2024,0.17513134851138354,142.5,0.5814000000000001,1.24,Safe
3426,"TUBE WELL AT B.C.MANU, SOUTH
TRIPURA",TRIPURA,25.0,5.7,6.19,108.0,1.0,0.32,1.8,1.8,2024,0.17513134851138354,142.5,0.5854000000000001,1.26,Safe
3427,"TUBE WELL AT SHANTIR BAZAR, SOUTH
TRIPURA",TRIPURA,25.0,5.7,6.39,81.0,1.0,0.32,1.8,1.8,2024,0.17513134851138354,142.5,0.5314000000000001,0.92,Safe
3428,"TUBE WELL AT BAGAFA, SOUTH TRIPURA",TRIPURA,25.0,5.7,6.22,82.0,1.0,0.32,1.8,1.8,2024,0.17513134851138354,142.5,0.5334000000000001,0.93,Safe
3430,"TUBE WELL AT JAWAHANAGAR, DHALAI",TRIPURA,25.0,5.7,6.37,91.0,1.0,0.32,1.8,1.8,2024,0.17513134851138354,142.5,0.5514000000000001,1.05,Safe
3431,"TUBE WELL AT KULAI, DHALAI",TRIPURA,25.0,5.7,6.45,88.0,1.0,0.32,1.8,1.8,2024,0.17513134851138354,142.5,0.5454000000000001,1.01,Safe
3432,"TUBE WELL AT CHURAIBARI (INTERSTATE BOUNDRY), NORTH TRIPURA",TRIPURA,25.0,5.7,6.21,97.0,1.0,0.32,1.8,1.8,2024,0.17513134851138354,142.5,0.5634000000000001,1.13,Safe
3433,"TUBE WELL AT KAMESWAR, INDUSTRIAL ESTATE AREA, NORTH TRIPURA",TRIPURA,25.5,5.7,6.64,104.0,1.0,0.32,1.8,1.8,2024,0.17513134851138354,145.35,0.5774000000000001,1.21,Safe
3434,"TUBE WELL AT KUMARGHAT, INDUSTRIAL ESTATE AREA, NORTH TRIPURA",TRIPURA,25.0,5.7,6.51,101.0,1.0,0.32,1.8,1.8,2024,0.17513134851138354,142.5,0.5714000000000001,1.18,Safe
3435,"TUBE WELL AT GOUR NAGAR, NORTH
TRIPURA",TRIPURA,25.0,5.7,6.52,89.0,1.0,0.32,1.8,1.8,2024,0.17513134851138354,142.5,0.5474000000000001,1.02,Safe
3436,"TUBE WELL AT KAILASHAHAR, NORTH
TRIPURA",TRIPURA,25.0,5.7,6.09,83.0,1.0,0.32,1.8,1.8,2024,0.17513134851138354,142.5,0.5354000000000001,0.95,Safe
4185,TUBE WELL AT JIRANIA,TRIPURA,26.5,5.7,5.79,121.0,1.0,0.32,1.8,1.8,2024,0.17513134851138354,151.05,0.6114,1.43,Safe
4186,TUBE WELL AT DUKLI INDUSTRIAL AREA,TRIPURA,26.5,5.7,5.89,120.0,1.0,0.32,1.8,1.8,2024,0.17513134851138354,151.05,0.6094,1.41,Safe
4187,TUBE WELL AT BADHARGHAT,TRIPURA,26.5,5.7,6.19,118.0,1.0,0.32,1.8,1.8,2024,0.17513134851138354,151.05,0.6054,1.39,Safe
4188,TUBE WELL AT ARUNDHATI NAGAR,TRIPURA,26.5,5.7,6.27,109.0,1.0,0.32,1.8,1.8,2024,0.17513134851138354,151.05,0.5874000000000001,1.28,Safe
4189,TUBE WELL AT NANADANNAGAR,TRIPURA,26.0,5.7,6.14,99.0,1.0,0.32,1.8,1.8,2024,0.17513134851138354,148.20000000000002,0.5674000000000001,1.15,Safe
4190,"TUBE WELL AT DEBENDRA CHANDRA
NAGAR",TRIPURA,27.0,5.7,5.77,115.0,1.0,0.32,1.8,1.8,2024,0.17513134851138354,153.9,0.5994,1.35,Safe
4191,TUBE WELL AT SURYAMONI NAGAR,TRIPURA,27.0,5.7,6.24,101.0,1.0,0.32,1.8,1.8,2024,0.17513134851138354,153.9,0.5714000000000001,1.18,Safe
4200,TUBE WELL AT BISHALGARH,TRIPURA,27.0,5.7,5.94,101.0,1.0,0.32,1.8,1.8,2024,0.17513134851138354,153.9,0.5714000000000001,1.18,Safe
4201,TUBE WELL AT SONAMURA,TRIPURA,27.0,5.7,5.61,103.0,1.0,0.32,1.8,1.8,2024,0.17513134851138354,153.9,0.5754000000000001,1.2,Safe
4202,TUBE WELL AT BISHRAMGANJ,TRIPURA,27.0,5.7,6.09,106.0,1.0,0.32,1.8,1.8,2024,0.17513134851138354,153.9,0.5814000000000001,1.24,Safe
4203,TUBE WELL AT KARBOOK,TRIPURA,27.0,5.7,5.69,107.0,1.0,0.32,1.8,1.8,2024,0.17513134851138354,153.9,0.5834000000000001,1.25,Safe
4204,TUBE WELL AT AMARPUR,TRIPURA,27.0,5.7,5.21,101.0,1.0,0.32,1.8,1.8,2024,0.17513134851138354,153.9,0.5714000000000001,1.18,Safe
4205,"TUBE WELL AT AMAR SAGAR, UDAIPUR",TRIPURA,27.0,5.7,6.41,105.0,1.0,0.32,1.8,1.8,2024,0.17513134851138354,153.9,0.5794000000000001,1.23,Safe
4206,"TUBE WELL AT DHANI SAGAR, UDAIPUR",TRIPURA,27.0,5.7,6.41,101.0,1.0,0.32,1.8,1.8,2024,0.17513134851138354,153.9,0.5714000000000001,1.18,Safe
4207,TUBE WELL AT SABROOM,TRIPURA,27.0,5.7,6.29,105.0,1.0,0.32,1.8,1.8,2024,0.17513134851138354,153.9,0.5794000000000001,1.23,Safe
4208,TUBE WELL AT JOLAIBARI,TRIPURA,27.0,5.7,6.01,98.0,1.0,0.32,1.8,1.8,2024,0.17513134851138354,153.9,0.5654000000000001,1.14,Safe
4209,TUBE WELL AT BELONIA,TRIPURA,27.0,5.7,5.97,91.0,1.0,0.32,1.8,1.8,2024,0.17513134851138354,153.9,0.5514000000000001,1.05,Safe
4210,TUBE WELL AT AMBASSA,TRIPURA,26.0,5.7,5.7,94.0,1.0,0.32,1.8,1.8,2024,0.17513134851138354,148.20000000000002,0.5574000000000001,1.09,Safe
4211,TUBE WELL AT KAMALPUR,TRIPURA,26.5,5.7,6.34,96.0,1.0,0.32,1.8,1.8,2024,0.17513134851138354,151.05,0.5614000000000001,1.11,Safe
4213,TUBE WELL AT TELIAMURA,TRIPURA,27.5,5.7,6.48,101.0,1.0,0.32,1.8,1.8,2024,0.17513134851138354,156.75,0.5714000000000001,1.18,Safe
4214,TUBE WELL AT KHOWAI,TRIPURA,26.5,5.7,6.56,102.0,1.0,0.32,1.8,1.8,2024,0.17513134851138354,151.05,0.5734000000000001,1.19,Safe
4215,TUBE WELL AT DHARMANAGAR,TRIPURA,26.5,5.7,6.28,143.0,1.0,0.32,1.8,1.8,2024,0.17513134851138354,151.05,0.6554,1.69,Safe
4216,TUBE WELL AT DAMCHERRA,TRIPURA,26.0,5.7,6.39,105.0,1.0,0.32,1.8,1.8,2024,0.17513134851138354,148.20000000000002,0.5794000000000001,1.23,Safe
4217,TUBE WELL AT KANCHANPUR,TRIPURA,26.0,5.7,6.19,101.0,1.0,0.32,1.8,1.8,2024,0.17513134851138354,148.20000000000002,0.5714000000000001,1.18,Safe
4218,TUBE WELL AT PANISAGAR,TRIPURA,26.0,5.7,6.05,98.0,1.0,0.32,1.8,1.8,2024,0.17513134851138354,148.20000000000002,0.5654000000000001,1.14,Safe
4636,TUBE WELL AT BISHALGARH,TRIPURA,26.5,5.7,6.59,108.0,1.0,0.32,1.8,1.8,2024,0.17513134851138354,151.05,0.5854000000000001,1.26,Safe
4637,TUBE WELL AT RAJNAGAR,TRIPURA,27.0,5.7,6.44,118.0,1.0,0.32,1.8,1.8,2024,0.17513134851138354,153.9,0.6054,1.39,Safe
4638,TUBE WELL AT CHAMPAKNAGAR,TRIPURA,26.5,5.7,6.59,115.0,1.0,0.32,1.8,1.8,2024,0.17513134851138354,151.05,0.5994,1.35,Safe
4639,TUBE WELL AT RANIRBAZAR,TRIPURA,27.0,5.7,6.36,108.0,1.0,0.32,1.8,1.8,2024,0.17513134851138354,153.9,0.5854000000000001,1.26,Safe
4641,TUBE WELL AT MELAGHAR,TRIPURA,26.5,5.7,5.52,105.0,1.0,0.32,1.8,1.8,2024,0.17513134851138354,151.05,0.5794000000000001,1.23,Safe
4647,TUBE WELL AT MANUBAZAR,TRIPURA,26.0,5.7,6.37,118.0,1.0,0.32,1.8,1.8,2024,0.17513134851138354,148.20000000000002,0.6054,1.39,Safe
4648,TUBE WELL AT KALADEPHA MANU,TRIPURA,26.5,5.7,6.22,96.0,1.0,0.32,1.8,1.8,2024,0.17513134851138354,151.05,0.5614000000000001,1.11,Safe
4651,"TUBE WELL AT CHAKMAGHAT,
TELIAMURA",TRIPURA,26.0,5.7,6.35,112.0,1.0,0.32,1.8,1.8,2024,0.17513134851138354,148.20000000000002,0.5934000000000001,1.31,Safe
4652,TUBE WELL AT TELIAMURA MARKET,TRIPURA,26.5,5.7,6.08,112.0,1.0,0.32,1.8,1.8,2024,0.17513134851138354,151.05,0.5934000000000001,1.31,Safe
4653,TUBE WELL AT PECHARTHAL,TRIPURA,26.0,5.7,6.21,105.0,1.0,0.32,1.8,1.8,2024,0.17513134851138354,148.20000000000002,0.5794000000000001,1.23,Safe
1736,"GROUND WATER QUALITY STATION
SARDARNAGAR, GORAKHPUR,U.P",UTTAR PRADESH,18.0,5.7,6.78,668.0,5.1,0.0,11.0,90.0,2024,0.893169877408056,102.60000000000001,3.0175,10.5,Safe
1737,"GROUND WATER QUALITY STATION
CAPTANGANJ, KHUSHINAGAR,U.P",UTTAR PRADESH,18.0,5.7,6.68,672.0,5.2,0.0,11.0,90.0,2024,0.9106830122591945,102.60000000000001,3.0555000000000003,10.59,Safe
1738,"SITE 1, INDUSTRIAL AREA NEAR ELECTRIC CONVERTOR REPAIRING
WORKSHOP,THANA-DAHI UNNAO",UTTAR PRADESH,26.0,5.7,7.42,280.0,1.0,0.3,1.8,1.8,2024,0.17513134851138354,148.20000000000002,0.9254,3.19,Safe
1739,"SITE 2, INDUSTRIAL AREA NEAR M/S JAIJAGDAMBA METALOYS UNNAO, U.P",UTTAR PRADESH,27.0,5.7,7.48,516.0,1.0,0.3,1.8,1.8,2024,0.17513134851138354,153.9,1.3973999999999998,5.37,Safe
1740,"AT ROADWAYS BUS STATION, UNNAO,
U.P",UTTAR PRADESH,27.0,5.7,7.38,440.0,1.0,0.3,1.8,1.8,2024,0.17513134851138354,153.9,1.2454,4.72,Safe
1741,"MAGAWARA INDUSTRIAL AREA NEAR ORIENTAL PALACE  UNNAO, U.P",UTTAR PRADESH,19.0,5.7,7.48,637.0,1.0,0.3,1.8,1.8,2024,0.17513134851138354,108.3,1.6393999999999997,6.33,Safe
1742,"CHINHAT INDUSTRIAL AREA IN LUCKNOW
NEAR M/S INDIA PESTICIDES LUCKNOW, U.P",UTTAR PRADESH,21.0,5.7,7.25,714.0,1.0,1.24,1.8,1.8,2024,0.17513134851138354,119.7,1.9813999999999998,7.54,Safe
1743,"AISHBAGH INDUSTRIAL AREA AT
LUCKNOW NEAR M/S EVEREADY INDUSTRIES LTD. LUCKNOW, U.P",UTTAR PRADESH,21.0,5.7,7.65,762.0,1.0,1.22,1.8,1.8,2024,0.17513134851138354,119.7,2.0734,7.84,Safe
1746,"NAGAR PALIKA TUBE WELL, SULTANPUR,
U.P",UTTAR PRADESH,19.0,5.7,7.91,891.0,1.0,0.3,1.8,1.8,2024,0.17513134851138354,108.3,2.1473999999999998,8.08,Safe
1747,"INDIA MARKA HAND PUMP IN SAROWNI BLOCK AT RAIBAREILLY, U.P",UTTAR PRADESH,19.0,5.7,8.11,974.0,1.0,0.3,1.8,1.8,2024,0.17513134851138354,108.3,2.3134,8.59,Safe
1749,"TUBE WELL AT MEERUT CITY, U.P",UTTAR PRADESH,14.0,5.7,7.28,460.0,1.0,1.0,11.0,90.0,2024,0.17513134851138354,79.8,1.5715,6.07,Safe
1750,"TUBE WELL AT BAGPAT CITY, U.P",UTTAR PRADESH,14.0,5.7,7.32,560.0,1.0,1.0,11.0,90.0,2024,0.17513134851138354,79.8,1.7714999999999999,6.81,Safe
1751,"TUBE WELL IN INDUSTRIAL AREA AT
GAJRAULA, AMROHA, U.P",UTTAR PRADESH,21.0,5.7,7.78,516.0,1.0,0.0,11.0,90.0,2024,0.17513134851138354,119.7,1.4835,5.72,Safe
1752,"SAHIBABAD INDUSTRIAL AREA,
GHAZIABAD, U.P",UTTAR PRADESH,20.0,5.7,6.88,2400.0,1.5,0.54,1.8,1.8,2024,0.2626970227670753,114.0,5.3634,15.07,Safe
1753,"MEERUT ROAD INDUSTRIAL AREA
GHAZIABAD, U.P",UTTAR PRADESH,21.0,5.7,6.95,1515.0,1.0,0.33,1.8,1.8,2024,0.17513134851138354,119.7,3.4014,11.41,Safe
1754,"HAPUR ROAD INDUSTRIAL AREA
GHAZIABAD, U.P",UTTAR PRADESH,21.0,5.7,7.12,1092.0,1.0,0.3,1.8,1.8,2024,0.17513134851138354,119.7,2.5494,9.27,Safe
1755,"PILKHUA INDUSTRIAL AREA GHAZIABAD,
U.P",UTTAR PRADESH,20.0,5.7,7.0,1120.0,1.0,0.3,1.8,1.8,2024,0.17513134851138354,114.0,2.6053999999999995,9.43,Safe
1756,"GOPIGANJ INDUSTRIAL AREA BHADOHI,
VARANASI, U.P",UTTAR PRADESH,26.0,5.7,7.28,783.0,1.0,0.0,11.0,90.0,2024,0.17513134851138354,148.20000000000002,2.0175,7.66,Safe
1758,"GROUND AROUND STP DINAPUR,
VARANASI, U.P",UTTAR PRADESH,26.5,5.7,7.22,624.0,1.0,0.0,11.0,90.0,2024,0.17513134851138354,151.05,1.6995000000000002,6.55,Safe
1759,"IFFCO, PHOOLPUR, PRAYAGRAJ ,U.P",UTTAR PRADESH,24.8,5.7,6.96,1185.0,1.0,1.67,1.8,1.8,2024,0.17513134851138354,141.36,3.0094,10.48,Safe
2467,"CHANDPUR INDUSTRIAL AREA,
LAHARTARA, VARANASI",UTTAR PRADESH,26.5,5.7,7.14,663.0,1.0,0.0,11.0,90.0,2024,0.17513134851138354,151.05,1.7775,6.83,Safe
2468,"BHADOHI INDUSTRIAL AREA, DEVELOPMENT AUTHORITY, SANT
RAVIDAS NAGAR",UTTAR PRADESH,26.0,5.7,7.23,812.0,1.0,0.0,11.0,90.0,2024,0.17513134851138354,148.20000000000002,2.0755,7.85,Safe
2469,"AT INDUSTRIAL AREA. NAINI, ALLAHABAD",UTTAR PRADESH,24.8,5.7,6.75,1256.0,1.0,1.27,1.8,1.8,2024,0.17513134851138354,141.36,3.0714000000000006,10.63,Safe
2470,"AT INDUSTRIAL AREA, FATEHPUR",UTTAR PRADESH,24.9,5.7,6.89,1674.0,1.0,1.09,1.8,1.8,2024,0.17513134851138354,141.93,3.8713999999999995,12.42,Safe
2471,"GORAKHPUR INDUSTRIAL DEVELOPMENT AUTHORITY AREA (GIDA), GORAKHPUR",UTTAR PRADESH,18.0,5.7,6.72,598.0,4.8,0.0,11.0,90.0,2024,0.840630472854641,102.60000000000001,2.7875000000000005,9.92,Safe
2472,"VILLAGE DAURALA, MEERUT",UTTAR PRADESH,14.0,5.7,7.38,460.0,1.0,0.0,11.0,90.0,2024,0.17513134851138354,79.8,1.3715,5.26,Safe
2473,"KHEKRA, BAGHPAT",UTTAR PRADESH,15.0,5.7,7.38,600.0,1.0,1.2,11.0,90.0,2024,0.17513134851138354,85.5,1.8915000000000002,7.23,Safe
2474,"UNCHAHAAR (NEAR THERMAL POWER
PLANT)",UTTAR PRADESH,18.0,5.7,8.02,997.0,1.0,0.3,1.8,1.8,2024,0.17513134851138354,102.60000000000001,2.3594,8.72,Safe
2475,"INDUSTRIAL AREA, SULTANPUR ROAD",UTTAR PRADESH,19.0,5.7,7.98,1021.0,1.0,0.3,1.8,1.8,2024,0.17513134851138354,108.3,2.4074,8.86,Safe
2478,"DEVA ROAD, INDUSTRIAL AREA,
CHAINHAT, LKO NEAR UPTRON POLICE CHOWKI, LUCKNOW",UTTAR PRADESH,21.0,5.7,7.58,548.0,1.0,1.46,1.8,1.8,2024,0.17513134851138354,119.7,1.6934,6.53,Safe
2479,"NEAR M/S KUMAR INTER NATIONAL
LAKDI FAZALPUR, DELHI ROAD, MORADABAD",UTTAR PRADESH,18.0,5.7,6.94,482.0,1.0,0.0,11.0,90.0,2024,0.17513134851138354,102.60000000000001,1.4155,5.45,Safe
2480,"NEAR BRAHMAN MAJRA, PILKHANI",UTTAR PRADESH,22.0,5.7,7.3,260.0,1.0,0.0,11.0,90.0,2024,0.17513134851138354,125.4,0.9715,3.43,Safe
2481,"NEAR PEER BEGRAJ INDSTRIAL AREA,
MUZAFFARNAGAR",UTTAR PRADESH,23.1,5.7,7.5,480.0,1.0,0.0,11.0,90.0,2024,0.17513134851138354,131.67000000000002,1.4115,5.43,Safe
1748,"HANDPUMP IN VILLAGE DAMAUDA AT KASHIPUR NEAR M/S INDIA GLYCOLES
LTD.",UTTARAKHAND,26.0,5.7,7.45,330.0,1.0,0.6,1.8,1.8,2024,0.17513134851138354,148.20000000000002,1.0854,3.99,Safe
3440,"GROUND WATER AT SITAR GANJ
INDUSTRIAL AREA- 1,US NAGAR",UTTARAKHAND,26.0,5.7,6.77,354.0,1.0,0.33,1.8,1.8,2024,0.17513134851138354,148.20000000000002,1.0794,3.96,Safe
3441,"GROUND WATER AT SITAR GANJ
INDUSTRIAL AREA- 2,US NAGAR",UTTARAKHAND,26.0,5.7,7.04,850.0,1.0,0.32,1.8,1.8,2024,0.17513134851138354,148.20000000000002,2.0694,7.83,Safe
3442,"GROUND WATER AT PANTNAGAR
INDUSTRIAL AREA- 1,US NAGAR",UTTARAKHAND,25.0,5.7,7.14,422.0,1.0,0.32,1.8,1.8,2024,0.17513134851138354,142.5,1.2133999999999998,4.58,Safe
3443,"GROUND WATER AT PANTNAGAR
INDUSTRIAL AREA- 2,US NAGAR",UTTARAKHAND,26.0,5.7,7.17,381.0,1.0,0.94,1.8,1.8,2024,0.17513134851138354,148.20000000000002,1.2553999999999998,4.77,Safe
3444,"GROUND WATER AT SANTIPURI KICHHA-
1,US NAGAR",UTTARAKHAND,26.0,5.7,6.98,419.0,1.0,0.8,1.8,1.8,2024,0.17513134851138354,148.20000000000002,1.3034,4.97,Safe
3445,"GROUND WATER AT SANTIPURI KICHHA-
2,US NAGAR",UTTARAKHAND,26.0,5.7,7.36,348.0,1.0,0.89,1.8,1.8,2024,0.17513134851138354,148.20000000000002,1.1793999999999998,4.42,Safe
3446,"GROUND WATER AT KASHIPUR
MORADABAD ROAD- 1,US NAGAR",UTTARAKHAND,26.0,5.7,7.04,905.0,1.0,0.32,1.8,1.8,2024,0.17513134851138354,148.20000000000002,2.1794000000000002,8.18,Safe
3447,"GROUND WATER AT KASHIPUR
MORADABAD ROAD- 2,US NAGAR",UTTARAKHAND,26.0,5.7,7.48,582.0,1.0,0.32,1.8,1.8,2024,0.17513134851138354,148.20000000000002,1.5333999999999999,5.92,Safe
3448,"GROUND WATER AT KASHIPUR BAZPUR
ROAD- 1,US NAGAR",UTTARAKHAND,26.0,5.7,7.1,636.0,1.0,0.53,1.8,1.8,2024,0.17513134851138354,148.20000000000002,1.6834000000000002,6.49,Safe
3449,"HAND PUMP NEAR KENDRIYA
VIDYALAYA, BAZPUR ROAD KASHIPUR,US NAGAR",UTTARAKHAND,25.0,5.7,7.37,387.0,1.0,0.44,1.8,1.8,2024,0.17513134851138354,142.5,1.1673999999999998,4.37,Safe
3450,"GROUND WATER AT SIDCUL INDUSTRIAL AREA- 1, ROSHANABAD COLLECTORATE,
HARIDWAR",UTTARAKHAND,22.5,5.7,7.16,310.0,1.0,0.41,1.8,1.8,2024,0.17513134851138354,128.25,1.0074,3.61,Safe
3451,"GROUND WATER AT SIDCUL INDUSTRIAL AREA- 2, SALEEMPUR
CHOWK,ROORKEE,HARIDWAR",UTTARAKHAND,23.5,5.7,7.18,322.0,1.0,0.48,1.8,1.8,2024,0.17513134851138354,133.95000000000002,1.0453999999999999,3.79,Safe
3452,"GROUND WATER AT RAMNAGAR INDUSTRIAL AREA-1,ROORKEE
,HARIDWAR",UTTARAKHAND,23.4,5.7,7.14,284.0,1.0,0.36,1.8,1.8,2024,0.17513134851138354,133.38,0.9454,3.3,Safe
3453,"GROUND WATER AT BHAGWAN INDUSTRIAL AREA- 2, SIKANDERPUR,
LAKHESWARI, ROORKEE, HARIDWAR",UTTARAKHAND,22.5,5.7,7.1,300.0,1.0,0.5,1.8,1.8,2024,0.17513134851138354,128.25,1.0053999999999998,3.6,Safe
3454,"GROUND WATER AT ROORKEE INDUSTRIAL AREA- 1, CHC
BHAGWANPUR,HARIDWAR",UTTARAKHAND,22.8,5.7,7.21,329.0,1.0,0.41,1.8,1.8,2024,0.17513134851138354,129.96,1.0453999999999999,3.79,Safe
3455,"GROUND WATER AT ROORKEE
INDUSTRIAL AREA- 2, SUNEHRA",UTTARAKHAND,22.8,5.7,6.97,312.0,1.0,0.36,1.8,1.8,2024,0.17513134851138354,129.96,1.0014,3.58,Safe
3456,"GROUND WATER AT SELAQUI
INDUSTRIAL AREA- 1, DEHRADUN",UTTARAKHAND,20.0,5.7,6.59,196.0,1.0,0.32,1.8,1.8,2024,0.17513134851138354,114.0,0.7614000000000001,2.31,Safe
3457,"GROUND WATER AT SELAQUI
INDUSTRIAL AREA- 2, DEHRADUN",UTTARAKHAND,21.0,5.7,6.6,93.0,1.0,0.32,1.8,1.8,2024,0.17513134851138354,119.7,0.5554000000000001,1.07,Safe
1766,"MINE PIT WATER ASSANSOL, WEST
BENGAL",WEST BENGAL,27.0,5.7,7.2,1479.0,1.0,0.3,1.8,1.8,2024,0.17513134851138354,153.9,3.3234,11.23,Safe
1767,"DURGAPUR TOWN, NEAR IISCO,
BURDWAN, WEST BENGAL",WEST BENGAL,27.0,5.7,7.32,1023.0,1.0,0.68,1.8,1.8,2024,0.17513134851138354,153.9,2.4874,9.09,Safe
1768,"DURGAPUR TOWN, BURDWAN, WEST
BENGAL",WEST BENGAL,28.0,5.7,6.72,1290.0,1.0,0.3,1.8,2.2,2024,0.17513134851138354,159.6,2.9459999999999997,10.32,Safe
1769,"INSIDE HINDUSTAN LIVER FACTORY,
HALDIA, WEST BENGAL",WEST BENGAL,32.0,5.7,7.4,1326.0,1.0,0.3,1.8,1.8,2024,0.17513134851138354,182.4,3.0174,10.5,Safe
1770,"NEAR IOC REFINERY HALDIA, WEST
BENGAL",WEST BENGAL,29.0,5.7,7.4,1845.0,1.0,0.3,1.8,1.8,2024,0.17513134851138354,165.3,4.0554,12.78,Safe
1771,"KALYANI INDUSTRIAL AREA, NADIA,
WEST BENGAL",WEST BENGAL,28.5,5.7,7.4,622.0,1.0,0.3,1.8,1.8,2024,0.17513134851138354,162.45000000000002,1.6094,6.21,Safe
1772,"BARSAT MUNICIPALITY NORTH 24-P,
WEST BENGAL",WEST BENGAL,29.0,5.7,7.81,1046.0,1.0,0.3,1.8,1.8,2024,0.17513134851138354,165.3,2.4574,9.01,Safe
1773,"TANGRA, CALCUTTA , WEST BENGAL",WEST BENGAL,24.0,5.7,7.08,1749.0,1.0,0.38,1.8,1.8,2024,0.17513134851138354,136.8,3.8793999999999995,12.43,Safe
1774,"TOPSIA CALCUTTA, WEST BENGAL",WEST BENGAL,25.0,5.7,7.59,1687.0,1.0,0.3,1.8,1.8,2024,0.17513134851138354,142.5,3.7394000000000003,12.14,Safe
1776,"GARIA CALCUTTA, WEST BENGAL",WEST BENGAL,25.0,5.7,7.55,971.0,1.0,0.3,1.8,1.8,2024,0.17513134851138354,142.5,2.3074,8.57,Safe
1777,"BEHALA CALCUTTA, WEST BENGAL",WEST BENGAL,25.0,5.7,7.24,897.0,1.0,0.3,1.8,1.8,2024,0.17513134851138354,142.5,2.1594,8.11,Safe
1778,"DOMJUR HOWRAH, WEST BENGAL",WEST BENGAL,20.0,5.7,7.07,710.0,1.0,0.3,1.8,1.8,2024,0.17513134851138354,114.0,1.7853999999999997,6.86,Safe
1779,"DANKUNI (NEAR COAL COMPLEX), WEST
BENGAL",WEST BENGAL,26.0,5.7,7.41,933.0,1.0,0.3,1.8,1.8,2024,0.17513134851138354,148.20000000000002,2.2314,8.34,Safe
1813,"RISHRA, WEST BENGAL",WEST BENGAL,28.0,5.7,7.28,791.0,1.0,0.3,1.8,1.8,2024,0.17513134851138354,159.6,1.9474,7.42,Safe
1932,CENTRAL KOLKATA,WEST BENGAL,24.0,5.7,7.38,763.0,1.0,0.3,1.8,1.8,2024,0.17513134851138354,136.8,1.8914,7.23,Safe
1933,"NEAR GALVANISATION UNIT, HOWRAH",WEST BENGAL,26.0,5.7,7.26,673.0,1.0,0.62,1.8,13.0,2024,0.17513134851138354,148.20000000000002,1.7922,6.89,Safe
1934,CENTRAL HOWRAH-RESIDENTAIL AREA,WEST BENGAL,24.0,5.7,7.34,417.0,1.0,0.64,1.8,1.8,2024,0.17513134851138354,136.8,1.2673999999999999,4.82,Safe
1935,INSIDE KOLKATA LEATHER COMPLEX,WEST BENGAL,25.0,5.7,6.98,1301.0,1.0,0.3,1.8,1.8,2024,0.17513134851138354,142.5,2.9674,10.38,Safe
1936,RESIDENTIAL AREA - SONARPUR,WEST BENGAL,25.0,5.7,7.15,1252.0,1.0,0.3,1.8,1.8,2024,0.17513134851138354,142.5,2.8693999999999997,10.13,Safe
1937,RAJARHAT - NEW TOWNSHIP,WEST BENGAL,25.0,5.7,7.25,2108.0,1.2,0.42,1.8,13.0,2024,0.21015761821366025,142.5,4.6822,13.94,Safe
1938,BSIRHAT MUNICIPALITY,WEST BENGAL,28.0,5.7,7.61,1729.0,1.0,0.3,2.0,4.0,2024,0.17513134851138354,159.6,3.827,12.32,Safe
1939,BARRAKPORE MUNICIPALITY,WEST BENGAL,26.0,5.7,7.66,392.0,1.0,0.47,1.8,1.8,2024,0.17513134851138354,148.20000000000002,1.1833999999999998,4.44,Safe
1940,"NEAR THE PHOSPHATE COMPANY-
RISHRA",WEST BENGAL,28.5,5.7,7.44,1103.0,1.0,0.3,1.8,1.8,2024,0.17513134851138354,162.45000000000002,2.5713999999999997,9.33,Safe
1941,"NEAR FLY ASH DUMPING SITE-
KUNTIGHAT, BANDEL",WEST BENGAL,28.0,5.7,7.45,444.0,1.0,0.3,1.8,1.8,2024,0.17513134851138354,159.6,1.2534,4.76,Safe
1942,NEAR EXIDE INDUSTRIES-HALDIA,WEST BENGAL,30.0,5.7,7.31,1405.0,1.0,0.4,1.8,1.8,2024,0.17513134851138354,171.0,3.1954000000000002,10.93,Safe
1943,"INSIDE TATA METALIKS, KHARAGPUR",WEST BENGAL,27.0,5.7,7.3,571.0,1.0,0.3,1.8,1.8,2024,0.17513134851138354,153.9,1.5074,5.82,Safe
1944,KHARAGPUR INDUSTRIAL AREA,WEST BENGAL,28.0,5.7,6.1,262.0,1.0,0.65,1.8,1.8,2024,0.17513134851138354,159.6,0.9594,3.37,Safe
1945,ENGLISH BAZAR- MALDAH,WEST BENGAL,27.0,5.7,7.21,1274.0,1.0,0.3,2.0,4.5,2024,0.17513134851138354,153.9,2.91775,10.25,Safe
2510,GEOKHALI BUNGLOW MIDNAPUR-EAST,WEST BENGAL,27.0,5.7,7.6,1137.0,1.0,0.3,1.8,1.8,2024,0.17513134851138354,153.9,2.6393999999999997,9.52,Safe
2515,"SDO OFFICE, RANAGHAT",WEST BENGAL,28.0,5.7,7.65,1018.0,1.0,0.31,1.8,1.8,2024,0.17513134851138354,159.6,2.4034,8.85,Safe
2516,"SDO OFFICE, KRISHNANAGAR",WEST BENGAL,28.0,5.7,7.06,835.0,1.0,0.3,1.8,1.8,2024,0.17513134851138354,159.6,2.0353999999999997,7.72,Safe
2526,FULBARI BARRAGE,WEST BENGAL,24.0,5.7,6.39,140.0,1.0,0.67,1.8,1.8,2024,0.17513134851138354,136.8,0.7194,2.07,Safe
2528,"GROUND WATER POINT INSIDE
BURDWAN UNIVERSITY",WEST BENGAL,23.0,5.7,7.02,762.0,1.0,0.53,1.8,1.8,2024,0.17513134851138354,131.1,1.9354,7.38,Safe
2529,"GROUND WATER POINT NEAR BURDWAN
STATION",WEST BENGAL,22.0,5.7,7.1,1317.0,1.0,0.56,1.8,1.8,2024,0.17513134851138354,125.4,3.0514,10.58,Safe
2530,HOT SPRING AT BAKRESHWAR,WEST BENGAL,64.0,5.7,9.4,706.0,1.0,0.3,1.8,1.8,2024,0.17513134851138354,364.8,1.7773999999999996,6.83,Safe
2533,SURI TOWN NEAR BUS STAND,WEST BENGAL,28.0,5.7,6.8,835.0,1.0,0.3,1.8,1.8,2024,0.17513134851138354,159.6,2.0353999999999997,7.72,Safe
2535,VISVA BHARATI,WEST BENGAL,28.0,5.7,7.2,487.0,1.0,0.3,1.8,1.8,2024,0.17513134851138354,159.6,1.3394,5.13,Safe
2536,NALHATI RAILWAY STATION OF BIRBHUM,WEST BENGAL,27.0,5.7,6.84,972.0,1.0,0.63,1.8,1.8,2024,0.17513134851138354,153.9,2.3754,8.77,Safe
2537,BOLPUR NEAR RAILWAY STATION,WEST BENGAL,28.0,5.7,6.35,205.0,1.0,0.61,1.8,1.8,2024,0.17513134851138354,159.6,0.8374,2.73,Safe
2538,MOREGRAM CROSSING,WEST BENGAL,26.0,5.7,7.36,415.0,1.0,6.96,1.8,1.8,2024,0.17513134851138354,148.20000000000002,2.5274,9.21,Safe
2540,SATI GHAT AT BANKURA TOWN,WEST BENGAL,23.0,5.7,6.82,1318.0,1.0,1.22,1.8,1.8,2024,0.17513134851138354,131.1,3.1854,10.91,Safe
2542,DWARIKA AT BISHNUPUR TOWN,WEST BENGAL,27.0,5.7,7.04,1313.0,1.0,5.98,1.8,1.8,2024,0.17513134851138354,153.9,4.127400000000001,12.92,Safe
2543,SDO OFFICE AT BISHNUPUR TOWN,WEST BENGAL,27.5,5.7,5.8,315.0,1.0,8.53,1.8,1.8,2024,0.17513134851138354,156.75,2.6413999999999995,9.52,Safe
2545,"GROUND WATER POINT AT PURULIA RK
MISSION",WEST BENGAL,23.0,5.7,6.68,1774.0,1.0,4.15,1.8,1.8,2024,0.17513134851138354,131.1,4.6834,13.95,Safe
2546,ULUBERIA COLLEGE AT HOWRAH,WEST BENGAL,21.0,5.7,7.24,917.0,1.0,0.33,1.8,1.8,2024,0.17513134851138354,119.7,2.2054,8.26,Safe
2547,"AMTOLA ON DIAMOND HARBOUR ROAD,
24 PARGANAS (S)",WEST BENGAL,25.0,5.7,7.13,3109.0,1.0,0.48,1.8,1.8,2024,0.17513134851138354,142.5,6.6194,16.86,Safe
2548,"HIDCO OFFICE, RAJARHAT",WEST BENGAL,25.0,5.7,7.35,1494.0,1.0,0.4,4.5,33.0,2024,0.17513134851138354,142.5,3.42425,11.46,Safe
4706,GROUND WATER AT KHARDAH,WEST BENGAL,26.0,5.7,7.79,1007.0,1.0,0.3,1.8,1.8,2024,0.17513134851138354,148.20000000000002,2.3794,8.78,Safe
4707,GROUND WATER AT NAIHATI,WEST BENGAL,29.0,5.7,6.62,320.0,1.0,0.3,1.8,1.8,2024,0.17513134851138354,165.3,1.0053999999999998,3.6,Safe
4708,GROUND WATER AT BERHAMPORE,WEST BENGAL,26.0,5.7,7.14,959.0,1.0,0.51,1.8,2.0,2024,0.17513134851138354,148.20000000000002,2.3257000000000003,8.62,Safe
4709,GROUND WATER AT CHINSURA,WEST BENGAL,29.0,5.7,7.66,439.0,1.0,0.3,1.8,1.8,2024,0.17513134851138354,165.3,1.2433999999999998,4.71,Safe
4712,"BORE WELL INSIDE M/S UNITED
PHOSPHOROUS LIMITED",WEST BENGAL,31.0,5.7,7.1,1362.0,1.0,0.3,1.8,1.8,2024,0.17513134851138354,176.70000000000002,3.0894,10.68,Safe
4713,"TUB WELL BESIDE GREEN BELT CANAL
POINT NO.8",WEST BENGAL,28.0,5.7,7.3,1599.0,1.0,0.31,1.8,1.8,2024,0.17513134851138354,159.6,3.5654000000000003,11.77,Safe
4714,"GROUND WATER AT ANGADPUR
ANGADPUR DURGAPUR",WEST BENGAL,28.5,5.7,6.7,832.0,1.0,2.49,1.8,1.8,2024,0.17513134851138354,162.45000000000002,2.4674,9.04,Safe
4715,"GROUND WATER AT MUCHIPARA
DURGAPUR",WEST BENGAL,28.0,5.7,5.49,305.0,1.0,6.67,1.8,1.8,2024,0.17513134851138354,159.6,2.2494,8.39,Safe
4716,"GROUND WATER AT HURALALPUR,
PURULIA",WEST BENGAL,24.0,5.7,7.06,1466.0,1.0,3.31,1.8,2.2,2024,0.17513134851138354,136.8,3.9,12.47,Safe
4721,GROUND WATER AT MATIGARA BAZAAR,WEST BENGAL,26.0,5.7,7.06,68.0,1.0,0.3,1.8,1.8,2024,0.17513134851138354,148.20000000000002,0.5014,0.72,Safe
4726,GROUND WATER MIRIK DUGWELL,WEST BENGAL,18.0,5.7,7.06,231.0,1.0,0.86,1.8,1.8,2024,0.17513134851138354,102.60000000000001,0.9394,3.27,Safe
4730,"GROUND WATER (DUGWELL) AT
HARISHPAL MORE",WEST BENGAL,27.0,5.7,6.91,387.0,1.0,1.97,1.8,1.8,2024,0.17513134851138354,153.9,1.4733999999999998,5.68,Safe
4731,"GROUNDWATER AT UTTARBANGA KRISHI
VISHWAVIDYALAYA",WEST BENGAL,27.0,5.7,7.26,222.0,1.0,0.89,1.8,1.8,2024,0.17513134851138354,153.9,0.9274000000000001,3.2,Safe
4732,"GROUNDWATER AT ANANDA MOHAN
COMMERCE COLLEGE",WEST BENGAL,25.0,5.7,6.85,170.0,1.0,1.5,1.8,1.8,2024,0.17513134851138354,142.5,0.9454000000000002,3.3,Safe
4733,"GROUNDWATER AT SUKNA FOREST
RANGE",WEST BENGAL,25.0,5.7,6.92,120.0,1.0,0.3,1.8,1.8,2024,0.17513134851138354,142.5,0.6054,1.39,Safe
4734,TUBE WELL INSIDE MAHISHADAL RAJBARI,WEST BENGAL,28.0,5.7,7.4,1011.0,1.0,0.3,1.8,1.8,2024,0.17513134851138354,159.6,2.3873999999999995,8.81,Safe
4735,TUBE WELL INSIDE MECHEDA BUS STAND,WEST BENGAL,20.0,5.7,7.2,871.0,1.0,0.3,1.8,1.8,2024,0.17513134851138354,114.0,2.1074,7.95,Safe
4736,TUBE WELL AT OLD DIGHA,WEST BENGAL,28.0,5.7,7.3,1406.0,1.0,0.71,1.8,1.8,2024,0.17513134851138354,159.6,3.2594000000000003,11.08,Safe
4737,"GROUND WATER AT SHYAMPUR BUDGE
BUDGE",WEST BENGAL,24.0,5.7,7.49,753.0,1.0,0.3,1.8,1.8,2024,0.17513134851138354,136.8,1.8714,7.16,Safe
3186.0,RIVER MANDOVI AT IFFI JETTY,GOA,28.0,4.2,7.29,4892.0,1.0,0.32,78.0,130.0,2024,0.23752969121140144,117.60000000000001,10.46,20.91,Safe
3187.0,RIVER MANDOVI NEAR HOTEL MARRIOT,GOA,28.0,4.1,7.58,6726.0,1.0,0.32,68.0,110.0,2024,0.24330900243309006,114.79999999999998,14.083000000000002,23.64,Safe
3188.0,RIVER TIRACOL AT TIRACOL,GOA,28.0,4.1,7.36,1687.0,1.0,0.32,200.0,330.0,2024,0.24330900243309006,114.79999999999998,4.533,13.68,Safe
3189.0,RIVER CHAPORA AT SIOLIM,GOA,28.0,4.7,7.28,128.0,1.0,0.32,79.0,170.0,2024,0.21231422505307856,131.6,0.9934999999999999,3.54,Safe
3190.0,RIVER SINQUERIM (CANDOLIM SIDE NEAR BRIDGE),GOA,28.0,4.4,7.1,15860.0,1.0,0.32,450.0,680.0,2024,0.22675736961451246,123.20000000000002,33.778999999999996,31.94,Moderate
3191.0,RIVER SINQUERIM NEAR NERUL TEMPLE,GOA,28.0,4.0,7.26,15770.0,1.0,0.32,450.0,940.0,2024,0.24937655860349128,112.0,33.989,32.0,Moderate
5101.0,RIVER MANDOVI UPSTREAM AT M/S VEDANTA PVT. LT,GOA,27.0,5.2,6.5,90.0,1.0,0.32,79.0,130.0,2024,0.19193857965451055,140.4,0.8575000000000002,2.84,Safe
5102.0,RIVER MANDOVI DOWNSTREAM AT M/S VEDANTA PV,GOA,27.0,5.0,6.57,83.0,1.0,0.32,78.0,170.0,2024,0.1996007984031936,135.0,0.902,3.07,Safe
10012.0,RIVER MANDOVI UPSTREAM AT RIBANDAR-CHODAN F,GOA,27.0,4.4,6.66,259.0,1.0,0.32,78.0,110.0,2024,0.22675736961451246,118.80000000000001,1.164,4.35,Safe
1148.0,RIVER AMBIKA AT BILIMORA,GUJARAT,28.0,6.7,7.26,327.0,1.1,0.33,10.0,31.0,2024,0.1639344262295082,187.6,1.1115,4.11,Safe
1149.0,RIVER KOLAK AT PATALIA BDG.,GUJARAT,26.0,5.8,7.25,408.0,1.0,0.32,13.0,220.0,2024,0.17211703958691912,150.79999999999998,1.5295000000000003,5.9,Safe
1150.0,RIVER DAMANGANGA AT KACHIGAON U\S AT GIDC WI,GUJARAT,26.0,6.8,7.45,260.0,1.0,0.32,12.0,150.0,2024,0.14684287812041116,176.79999999999998,1.127,4.18,Safe
1246.0,"RIVER DAMANGANGA AT KACHIGAON D\S (DAMAN),R",GUJARAT,26.0,5.4,7.21,333.0,1.0,0.32,17.0,240.0,2024,0.18484288354898337,140.4,1.4155000000000002,5.45,Safe
1434.0,RIVER AMLAKHADI AFTER CONFL. OF W. WATER FROM,GUJARAT,27.0,0.3,7.21,960.0,2.3,0.34,210.0,490.0,2024,7.419354838709677,8.1,3.7279999999999998,12.12,Safe
1435.0,"RIVER KOLAK AT RAILWAY BRIDGE NO. 313 VAPI, VALS",GUJARAT,26.0,5.8,7.31,328.0,1.0,0.32,14.0,110.0,2024,0.17211703958691912,150.79999999999998,1.206,4.55,Safe
1436.0,RIVER BHADAR D/S JETPUR VILL. AFTER CONF. OF W.W,GUJARAT,27.0,0.3,7.33,335.0,1.9,0.32,1.8,1.8,2024,6.129032258064516,8.1,1.3093999999999997,5.0,Safe
1438.0,RIVER MINDHOLA AT STATE HIGHWAY BRIDGE SACHIN,GUJARAT,29.0,5.1,7.11,438.0,1.0,0.3,27.0,170.0,2024,0.19569471624266147,147.89999999999998,1.5314999999999999,5.91,Safe
1860.0,RIVER BALESHWAR KHADI AT N.H. NO. 8,GUJARAT,26.0,5.3,6.75,450.0,1.4,0.3,15.0,43.0,2024,0.263653483992467,137.79999999999998,1.4669999999999999,5.66,Safe
1861.0,RIVER PURNA ON BRIDGE AT SURAT-NAVSARI HIGHWA,GUJARAT,27.0,6.9,6.9,407.0,1.0,0.32,33.0,120.0,2024,0.1447178002894356,186.3,1.4075,5.41,Safe
1862.0,RIVER KAVERI ON BRIDGE AT BILLIMORA-VALSAD ROA,GUJARAT,28.0,6.6,7.33,432.0,1.0,0.32,6.0,17.0,2024,0.15128593040847202,184.79999999999998,1.2625000000000002,4.8,Safe
1865.0,RIVER DHADAR AT KOTHADA,GUJARAT,26.0,0.3,7.31,302.0,1.0,0.58,1600.0,1600.0,2024,3.2258064516129035,7.8,5.82,15.76,Safe
1980.0,RIVER AMLAKHADI AT PUNGAM ANKLESHWAR DISTT B,GUJARAT,27.0,0.3,6.99,460.0,1.0,0.32,93.0,220.0,2024,3.2258064516129035,8.1,1.7534999999999998,6.75,Safe
2072.0,RIVER BHOGAVO D/S OF SURENDRANAGAR.AT WADH,GUJARAT,25.0,4.6,7.22,625.0,1.8,0.32,11.0,47.0,2024,0.3904555314533623,114.99999999999999,1.941,7.4,Safe
2082.0,"RIVER TRIVENI SANGAM, NR. SOMNATH TEMPLE, VERA",GUJARAT,23.0,6.2,7.25,492.0,1.8,0.3,1.8,1.8,2024,0.2898550724637681,142.6,1.5894,6.14,Safe
3204.0,RIVER VISHWAMITRI DOWNSTREAM OF AT KHALIPUR,GUJARAT,26.0,0.3,7.39,297.0,1.0,0.4,1600.0,1600.0,2024,3.2258064516129035,7.8,5.774,15.69,Safe
3205.0,RIVER VISHWAMITRI UPSTREAM AT ASOD BRIDGE AT,GUJARAT,26.0,6.6,7.84,416.0,1.0,0.32,4.0,26.0,2024,0.15128593040847202,171.6,1.241,4.7,Safe
30039.0,"RIVER DAMAN GANGA AT D/S OF GIDC WEIR, NEAR NH",GUJARAT,25.0,6.5,7.2,230.0,1.0,0.32,68.0,170.0,2024,0.15360983102918588,162.5,1.181,4.43,Safe
1025.0,"RIVER GHAGGAR GH-1 AT ROAD BRDG. SIRSA, DEBWA",HARYANA,21.0,5.4,7.5,704.0,7.0,0.4,6500.0,12000.0,2024,1.2939001848428835,113.4,31.338,31.22,Moderate
1026.0,RIVER GHAGGAR GH-2 AT CHANDARPUR SYPHEN,HARYANA,21.0,5.5,7.5,468.0,7.0,0.4,3200.0,6500.0,2024,1.2704174228675136,115.5,17.666,25.76,Moderate
1884.0,RIVER GHAGGAR AT KALA AMB D/S MARKANDA,HARYANA,21.0,0.3,6.74,408.0,14.0,0.3,800.0,2100.0,2024,45.16129032258065,6.3,9.426,19.97,Safe
1885.0,RIVER GHAGGAR AT D/S OF SURAJPUR,HARYANA,21.0,0.3,6.58,210.0,2.0,0.3,100.0,800.0,2024,6.451612903225807,6.3,2.4299999999999997,8.93,Safe
1887.0,RIVER GHAGGAR BEFORE OTTU WEIR (BEFORE MIXING,HARYANA,21.0,5.5,7.5,636.0,7.0,0.4,6200.0,15000.0,2024,1.2704174228675136,115.5,35.251999999999995,32.35,Moderate
30007.0,RIVER MARKANDA AT NARAINGARH (HARYANA),HARYANA,18.0,3.1,6.7,481.0,13.0,0.32,7800.0,49000.0,2024,4.180064308681672,55.800000000000004,90.126,41.51,Moderate
30014.0,"RIVER GHAGGAR AT PARWANOO D/S,AMRAVATI, HAR",HARYANA,18.0,6.0,7.9,400.0,1.6,2.07,4000.0,17000.0,2024,0.2662229617304493,108.0,33.194,31.77,Moderate
30017.0,RIVER GHAGGAR AT SIRSA DABWALI ROAD (HARYANA,HARYANA,13.5,4.0,7.18,542.0,3.0,0.79,180.0,490.0,2024,0.7481296758104738,54.0,3.147,10.82,Safe
30018.0,RIVER GHAGGAR AT CHANDRAPUR SIPHON (HARYANA,HARYANA,13.0,3.5,7.5,598.0,1.0,0.8,780.0,2200.0,2024,0.2849002849002849,45.5,6.1259999999999994,16.19,Safe
30020.0,RIVER GHAGGAR AT OTTU WEIR (HARYANA),HARYANA,13.5,4.0,7.6,481.0,4.0,0.71,4600.0,7000.0,2024,0.9975062344139651,54.0,19.704,26.79,Moderate
1871.0,"RIVER MARKANDA AT SHAMBUWALA, DISTT. SIRMOU",HIMACHAL PRADESH,21.0,8.0,6.84,345.0,1.0,0.64,21.0,170.0,2024,0.12484394506866417,168.0,1.4045,5.4,Safe
2624.0,RIVER MARKANDA U/S KALA AMB,HIMACHAL PRADESH,21.0,7.2,7.71,276.0,1.2,0.65,32.0,170.0,2024,0.16643550624133147,151.20000000000002,1.3449999999999998,5.15,Safe
2625.0,RIVER MARKANDA D/S KALA AMB/ BOUNDARY OF HA,HIMACHAL PRADESH,21.0,7.2,7.63,329.0,1.4,0.65,33.0,220.0,2024,0.1941747572815534,151.20000000000002,1.5875000000000004,6.13,Safe
3862.0,RIVER MARKANDA AFTER CONFLUENCE WITH SALANI K,HIMACHAL PRADESH,21.0,7.4,7.74,267.0,1.1,0.67,21.0,120.0,2024,0.1484480431848853,155.4,1.2095,4.56,Safe
3864.0,RIVER MARKANDA  AFTER CONFLUENCE OF RAMPUR J,HIMACHAL PRADESH,21.0,7.0,7.25,307.0,1.7,0.67,47.0,280.0,2024,0.24251069900142652,147.0,1.7485,6.73,Safe
30008.0,RIVER MARKANDA AT KALA AMB U/S (H.P),HIMACHAL PRADESH,14.5,6.0,7.7,396.0,1.6,1.09,54000.0,92000.0,2024,0.2662229617304493,87.0,220.49,50.33,Risky
1444.0,RIVER KALI AT D/S WEST COAST PAPER MILL (WCPM),KARNATAKA,23.0,6.5,7.1,62.0,1.9,0.32,26.0,210.0,2024,0.29185867895545314,149.5,1.1119999999999999,4.11,Safe
1892.0,RIVER NETRAVATHI U/S OF DHARMASTALA AT WATER,KARNATAKA,26.0,6.3,7.1,52.0,1.6,0.3,17.0,170.0,2024,0.25356576862123614,163.79999999999998,0.9245,3.19,Safe
1894.0,RIVER KUMARADHARA U/S OF UPPINAGADY TOWN BE,KARNATAKA,27.0,6.5,6.8,41.0,1.8,0.3,12.0,140.0,2024,0.2764976958525346,175.5,0.91,3.11,Safe
2780.0,"RIVER KALI AT U/S OF WCPM, DANDELI",KARNATAKA,23.0,6.1,7.2,51.0,1.9,0.32,23.0,170.0,2024,0.3109656301145663,140.29999999999998,1.0254999999999999,3.7,Safe
3562.0,RIVER NETRAVATHI AT THUMBE WATER SUPPLY STATI,KARNATAKA,27.0,7.0,7.4,58.0,2.0,0.3,17.0,170.0,2024,0.28530670470756064,189.0,1.0564999999999998,3.85,Safe
3563.0,RIVER NETRAVATHI AT U/S OF UPPINANGADI TOWN,KARNATAKA,27.0,6.2,7.0,51.0,1.6,0.3,21.0,210.0,2024,0.25764895330112725,167.4,0.9884999999999999,3.51,Safe
5173.0,"RIVER PERUVAMBA AT ETTIKULAM, KANNUR",KERALA,30.0,3.6,7.0,232.0,1.0,0.4,10.0,50.0,2024,0.2770083102493075,108.0,0.9339999999999999,3.24,Safe
17.0,RIVER PERIYAR AT ALUVA-ELOOR,KERALA,26.0,4.3,6.3,41.0,1.0,0.3,200.0,1100.0,2024,0.2320185614849188,111.8,2.392,8.82,Safe
18.0,RIVER PERIYAR AT KALADY,KERALA,25.0,6.1,6.1,25.0,1.0,0.3,70.0,350.0,2024,0.16366612111292964,152.5,1.04,3.77,Safe
20.0,RIVER CHALIYAR AT KOOLIMADU,KERALA,26.0,6.7,6.1,58.0,1.0,0.3,110.0,210.0,2024,0.14903129657228018,174.20000000000002,0.956,3.35,Safe
21.0,RIVER CHALIYAR AT CHUNGAPALLY,KERALA,26.0,6.5,6.57,64.0,1.0,0.3,210.0,490.0,2024,0.15360983102918588,169.0,1.5379999999999998,5.94,Safe
42.0,"RIVER KALLADA AT PERUMTHOTTAMKADAVU, PUNAL",KERALA,26.0,6.0,7.0,55.0,1.0,0.3,100.0,600.0,2024,0.1663893510815308,156.0,1.52,5.87,Safe
43.0,RIVER MUVATTAPUZHA AT VETTIKKATTUMUKKU,KERALA,27.0,5.6,6.3,60.0,1.0,0.3,1.8,400.0,2024,0.17825311942959005,151.2,1.0827,3.97,Safe
1154.0,"RIVER CHALAKUDY AT PULIKKAKADAVU, THRISSUR",KERALA,26.0,4.6,6.3,44.0,1.0,0.3,130.0,260.0,2024,0.2169197396963124,119.6,1.033,3.73,Safe
1155.0,"RIVER KARAMANA AT MOONNATTUMUKKU, KERALA",KERALA,28.0,0.3,6.4,194.0,1.4,0.3,1300.0,3800.0,2024,4.516129032258064,8.4,8.518,19.07,Safe
1156.0,"RIVER PAMBA AT CHENGANNUR, ALAPPUZHA",KERALA,26.0,4.4,6.3,42.0,1.0,0.3,94.0,280.0,2024,0.22675736961451246,114.4,1.005,3.6,Safe
1338.0,"RIVER PERIYAR AT SEWAGE DISCHARGE POINT,ALUVA,",KERALA,26.0,4.5,6.1,40.0,1.0,0.3,490.0,700.0,2024,0.22172949002217296,117.0,2.225,8.32,Safe
1339.0,"RIVER MEENACHIL AT KIDANGOOR, KOTTAYAM",KERALA,27.0,5.9,6.04,43.0,1.0,0.3,49.0,250.0,2024,0.1692047377326565,159.3,0.8945,3.03,Safe
1340.0,"RIVER MANIMALA AT KALLOOPARA, KERALA",KERALA,29.0,6.1,7.2,81.0,1.0,0.3,1.8,210.0,2024,0.16366612111292964,176.89999999999998,0.8397000000000001,2.74,Safe
1341.0,"RIVER PAMBA AT THAKAZHY, KERALA",KERALA,25.0,4.5,5.9,50.0,1.0,0.3,20.0,240.0,2024,0.22172949002217296,112.5,0.85,2.8,Safe
1342.0,RIVER ACHANKOVIL AT THUMPAMON,KERALA,25.0,5.7,6.5,60.0,1.0,0.3,100.0,620.0,2024,0.17513134851138354,142.5,1.56,6.02,Safe
1384.0,"RIVER MANIMALA AT THONDRA, KERALA",KERALA,29.0,5.3,6.5,98.0,1.0,0.3,100.0,400.0,2024,0.18832391713747648,153.7,1.306,4.99,Safe
1442.0,"RIVER VAMANAPURAM AT VAMANAPURAM, THIRUVA",KERALA,28.0,5.3,6.24,55.0,1.0,0.3,700.0,1100.0,2024,0.18832391713747648,148.4,3.17,10.87,Safe
1443.0,"RIVER ACHANKOVIL AT CHENNITHALA, ALAPPUZHA",KERALA,27.0,4.0,6.5,79.0,1.0,0.3,110.0,540.0,2024,0.24937655860349128,108.0,1.493,5.76,Safe
1563.0,RIVER NEYYAR AT AMARAVILA,KERALA,28.0,6.1,6.1,59.0,1.0,0.3,300.0,800.0,2024,0.16366612111292964,170.79999999999998,2.128,8.01,Safe
1564.0,RIVER ITHIKKARA KERALA,KERALA,25.0,5.2,7.1,90.0,1.0,0.4,110.0,600.0,2024,0.19193857965451055,130.0,1.625,6.27,Safe
1565.0,"RIVER PAMBA DOWN, KERALA",KERALA,26.0,4.0,6.2,50.0,1.0,0.3,70.0,220.0,2024,0.24937655860349128,104.0,0.895,3.04,Safe
1566.0,"RIVER KADALUNDI AT THIRURANGADY, KERALA",KERALA,23.0,3.9,6.1,75.0,1.0,0.3,1.8,250.0,2024,0.2557544757033248,89.7,0.8877,3.0,Safe
1567.0,"RIVER KUTTIYADY ESTATE, KERALA",KERALA,26.0,7.0,5.0,24.0,1.0,0.3,100.0,200.0,2024,0.14265335235378032,182.0,0.8579999999999999,2.84,Safe
1568.0,"RIVER MAHE AT VALAYAM, KOZHIKODE",KERALA,26.0,4.9,6.16,38.0,1.0,0.3,210.0,490.0,2024,0.20366598778004072,127.4,1.486,5.73,Safe
1569.0,"RIVER KUPPAM THALIPARAMBA, KERALA",KERALA,26.0,3.8,6.5,59.0,1.0,0.3,80.0,150.0,2024,0.2624671916010499,98.8,0.823,2.65,Safe
1573.0,"RIVER CHITHRAPUZHA AT IRUMPANAM, KERALA",KERALA,26.0,1.1,6.16,130.0,2.3,0.3,400.0,790.0,2024,2.072072072072072,28.6,2.795,9.93,Safe
2284.0,RIVER NEYYAR AT ARUVIPURAM,KERALA,29.0,5.7,6.1,72.0,1.0,0.3,220.0,630.0,2024,0.17513134851138354,165.3,1.779,6.84,Safe
2285.0,RIVER MAMOM AT MAMOM BRIDGE,KERALA,28.0,5.4,6.2,110.0,1.0,0.3,920.0,1100.0,2024,0.18484288354898337,151.20000000000002,3.61,11.87,Safe
2286.0,RIVER AYIROOR AT AYIROOR BRIDGE,KERALA,28.0,5.2,6.0,107.0,1.0,0.3,790.0,1100.0,2024,0.19193857965451055,145.6,3.409,11.42,Safe
2287.0,RIVER ITHIKKARA AT ITHIKKARA,KERALA,27.0,5.1,7.0,116.0,1.0,0.36,150.0,630.0,2024,0.19569471624266147,137.7,1.774,6.82,Safe
2288.0,RIVER PALLICKAL AT NELLIMUKAL,KERALA,26.0,4.4,6.9,93.0,1.0,0.5,79.0,540.0,2024,0.22675736961451246,114.4,1.5145000000000002,5.85,Safe
2289.0,RIVER KARUVANNUR AT KARUVANNUR BRIDGE,KERALA,24.0,3.8,6.32,50.0,1.0,0.3,1.8,60.0,2024,0.2624671916010499,91.19999999999999,0.5527,1.06,Safe
2290.0,RIVER PUZHAKKAL AT PUZHACKAL BRIDGE,KERALA,27.0,2.5,6.4,77.0,1.0,0.3,1.8,100.0,2024,0.39840637450199207,67.5,0.6667000000000001,1.76,Safe
2293.0,RIVER KADALUNDI AT HAJIRAPPALLY,KERALA,23.0,6.6,6.5,80.0,1.0,0.3,40.0,110.0,2024,0.15128593040847202,151.79999999999998,0.7450000000000001,2.22,Safe
2294.0,"RIVER KALLAYI AT KALLAYI BRIDGE, KOZHIKODE",KERALA,26.0,1.1,6.79,219.0,1.0,0.3,10000.0,19000.0,2024,0.9009009009009008,28.6,44.298,34.57,Moderate
2295.0,RIVER KORAPUZHA AT KANAYANKODE,KERALA,26.0,5.6,6.51,174.0,1.0,0.3,84.0,150.0,2024,0.17825311942959005,145.6,1.059,3.86,Safe
2296.0,RIVER THALASSERRY AT PATHIPALAM,KERALA,27.0,4.0,6.0,52.0,1.0,0.3,79.0,100.0,2024,0.24937655860349128,108.0,0.7325,2.15,Safe
2297.0,RIVER ANCHARAKANDY AT MERUVAMBAYI,KERALA,27.0,4.8,6.5,46.0,1.0,0.3,110.0,170.0,2024,0.2079002079002079,129.6,0.872,2.91,Safe
2298.0,RIVER KUPPAM AT RAYAROM,KERALA,27.0,5.5,6.4,48.0,1.0,0.3,40.0,100.0,2024,0.18148820326678766,148.5,0.666,1.76,Safe
2299.0,RIVER RAMAPURAM AT RAMAPURAM BRIDGE,KERALA,27.0,3.6,6.0,102.0,1.0,0.3,70.0,90.0,2024,0.2770083102493075,97.2,0.804,2.55,Safe
2300.0,RIVER PERUVAMBA AT CHANDAPURA,KERALA,26.0,4.4,6.0,50.0,1.0,0.3,40.0,100.0,2024,0.22675736961451246,114.4,0.67,1.78,Safe
2301.0,RIVER KAVVAI AT KUTTIYOL PALAM,KERALA,27.0,5.0,6.1,42.0,1.0,0.3,50.0,90.0,2024,0.1996007984031936,135.0,0.654,1.68,Safe
2303.0,RIVER PULLUR AT PULLUR BRIDGE,KERALA,27.0,6.2,6.1,54.0,1.0,0.3,1.8,300.0,2024,0.1610305958132045,167.4,0.9206999999999999,3.17,Safe
2304.0,RIVER MOGRAL AT MOGRAL BR.,KERALA,28.0,4.4,6.1,125.0,1.0,0.33,1.8,31.0,2024,0.22675736961451246,123.20000000000002,0.6652,1.75,Safe
2305.0,RIVER SHIRIYA AT ANGADIMOGARU,KERALA,27.0,6.4,6.5,42.0,1.0,0.3,10.0,540.0,2024,0.15600624024961,172.8,1.2690000000000001,4.83,Safe
2306.0,RIVER UPPALA AT UPPALA BR.,KERALA,28.0,5.4,6.5,66.0,1.0,0.3,1.8,63.0,2024,0.18484288354898337,151.20000000000002,0.5892,1.29,Safe
2307.0,RIVER MANJESHWAR AT BAJRAKKARA BR.,KERALA,26.0,7.0,7.0,61.0,1.0,0.3,1.8,150.0,2024,0.14265335235378032,182.0,0.7097,2.01,Safe
2318.0,"RIVER VALAPATTANAM AT PAZHASSI RESERVOIR, KAN",KERALA,27.0,4.1,6.5,45.0,1.0,0.3,10.0,50.0,2024,0.24330900243309006,110.69999999999999,0.54,0.98,Safe
2319.0,RIVER  ANCHARAKANDY AT ANCHARAKANDY,KERALA,27.0,6.2,6.0,52.0,1.0,0.3,31.0,60.0,2024,0.1610305958132045,167.4,0.6004999999999999,1.36,Safe
2326.0,RIVER KORAYAR NEAR NARAGAMPALLY BRIDGE AT KA,KERALA,26.0,2.5,7.3,466.0,1.4,0.3,100.0,210.0,2024,0.5577689243027889,65.0,1.8769999999999998,7.18,Safe
2331.0,RIVER BHARATHAPUZHA AT KUTTIPPURAM,KERALA,29.0,3.9,7.1,128.0,1.0,0.3,100.0,200.0,2024,0.2557544757033248,113.1,1.066,3.89,Safe
2332.0,RIVER BHARATHAPUZHA AT PATTAMBI,KERALA,28.0,4.1,7.3,120.0,1.0,0.3,110.0,120.0,2024,0.24330900243309006,114.79999999999998,0.9450000000000001,3.29,Safe
2333.0,RIVER PERIYAR AT MUPPATHADAM,KERALA,27.0,4.1,6.4,31.0,1.0,0.3,27.0,70.0,2024,0.24330900243309006,110.69999999999999,0.5675,1.15,Safe
2334.0,RIVER PERIYAR AT PATHALAM,KERALA,26.0,5.5,6.8,75.0,1.0,0.3,170.0,410.0,2024,0.18148820326678766,143.0,1.38,5.3,Safe
2335.0,RIVER PERIYAR AT KALAMASSERY,KERALA,27.0,3.8,6.4,44.0,1.0,0.3,270.0,630.0,2024,0.2624671916010499,102.6,1.798,6.91,Safe
2336.0,RIVER PERIYAR AT PURAPPALLIKADAVU,KERALA,27.0,5.2,6.2,36.0,1.0,0.3,150.0,400.0,2024,0.19193857965451055,140.4,1.2570000000000001,4.77,Safe
2337.0,RIVER KADAMBRAYAR AT BRAHMAPURAM,KERALA,26.0,0.6,5.98,93.0,1.6,0.3,430.0,1400.0,2024,2.6229508196721314,15.6,3.471,11.56,Safe
2338.0,RIVER KADAMBRAYAR AT MANCKAKADAVU,KERALA,26.0,0.6,6.0,85.0,1.7,0.3,700.0,920.0,2024,2.7868852459016393,15.6,3.17,10.87,Safe
3458.0,RIVER KARAPUZHA DAM AT WAYANAD,KERALA,23.0,2.4,6.12,68.0,1.0,0.3,1.8,4.0,2024,0.4149377593360996,55.199999999999996,0.5046999999999999,0.74,Safe
3459.0,RIVER MANIYANKODE PUZHA AT MANIYANKODE BRID,KERALA,23.0,2.2,6.2,69.0,1.0,0.3,1.8,4.0,2024,0.45248868778280543,50.6,0.5067,0.76,Safe
3460.0,"RIVER KALPATHI PUZHA AT KALPATHI, PALAKKAD",KERALA,24.0,1.0,7.3,245.0,1.0,0.3,200.0,350.0,2024,0.9900990099009901,24.0,1.6750000000000003,6.46,Safe
3464.0,"RIVER CHALIYAR AT NILAMBUR, MALAPPURAM",KERALA,27.0,7.1,6.3,64.0,1.0,0.3,210.0,2800.0,2024,0.1406469760900141,191.7,5.003,14.49,Safe
3465.0,"RIVER ACHANKOVIL AT KALLARAKADAVU, PATHANAM",KERALA,27.0,4.4,6.5,63.0,1.0,0.3,94.0,630.0,2024,0.22675736961451246,118.80000000000001,1.572,6.07,Safe
3466.0,RIVER ACHANKOVIL  AT PANDALAM,KERALA,27.0,4.5,6.5,69.0,1.0,0.3,79.0,630.0,2024,0.22172949002217296,121.5,1.5615,6.03,Safe
3468.0,"RIVER PERIYAR AT KWA INTAKE, ALUVA",KERALA,26.0,5.1,6.3,34.0,1.0,0.3,170.0,630.0,2024,0.19569471624266147,132.6,1.6280000000000001,6.28,Safe
3471.0,"RIVER KARAMANA AT ARUVIKARA, THIRUVANANTHAP",KERALA,28.0,7.2,6.1,45.0,1.0,0.3,350.0,790.0,2024,0.13869625520110956,201.6,2.16,8.12,Safe
3473.0,"RIVER VALAPATTANAM AT PARASSINIKADAVU, KANNU",KERALA,27.0,4.0,6.4,93.0,1.0,0.3,120.0,210.0,2024,0.24937655860349128,108.0,1.041,3.77,Safe
5176.0,RIVER KANAMPUZHA IN KANNUR MUNCIPALITY,KERALA,30.0,3.6,6.5,232.0,1.0,0.4,40.0,110.0,2024,0.2770083102493075,108.0,1.069,3.91,Safe
5177.0,"RIVER VALAPATTANAM AT AZHEEKAL PORT, AZHEEKO",KERALA,30.0,4.3,7.0,232.0,1.4,0.4,10.0,90.0,2024,0.3248259860788863,129.0,1.1139999999999999,4.12,Safe
5191.0,"RIVER PAMBA NEAR THOTTAPPALLY HARBOUR, ALAPP",KERALA,21.0,2.8,7.2,232.0,1.0,0.4,1.8,90.0,2024,0.3558718861209965,58.8,0.9817,3.48,Safe
5192.0,"RIVER CHALIYAR BEYPORE PORT, KOZHIKODE",KERALA,28.0,4.7,6.9,232.0,1.0,0.4,10.0,90.0,2024,0.21231422505307856,131.6,0.994,3.54,Safe
5193.0,"RIVER  PERIYAR AZHIKODE FERRY, KODUNGALLUR,THR",KERALA,21.0,4.0,6.6,5.0,1.0,0.4,1.8,90.0,2024,0.24937655860349128,84.0,0.5277000000000001,0.9,Safe
5195.0,"RIVER KARAMANA AT THIRUVALLOM, THIRUVANANTH",KERALA,28.0,0.8,6.2,202.0,1.0,0.3,1800.0,2200.0,2024,1.2345679012345678,22.400000000000002,6.763999999999999,17.05,Safe
5196.0,"RIVER KARAMANA AT PEPPARA UPSTREAM, PEPPARA",KERALA,28.0,6.4,6.0,32.0,1.0,0.3,200.0,400.0,2024,0.15600624024961,179.20000000000002,1.3239999999999998,5.06,Safe
5202.0,"RIVER KALLADA AT KULATHUPUZHA, KOLLAM",KERALA,26.4,4.9,6.9,50.0,1.0,0.3,110.0,630.0,2024,0.20366598778004072,129.36,1.5699999999999998,6.06,Safe
5203.0,"RIVER KALLADA  AT MUNDROTHURUTH, KOLLAM",KERALA,25.9,4.2,7.0,492.0,1.0,0.3,94.0,580.0,2024,0.23752969121140144,108.78,2.355,8.71,Safe
5205.0,"RIVER PAMBA AT MUNNAR, PATHANAMTHITTA",KERALA,26.0,3.3,6.3,48.0,1.0,0.3,84.0,280.0,2024,0.3021148036253777,85.8,1.002,3.58,Safe
5207.0,"RIVER PAMBA  AT VEEYAPURAM, ALAPPUZHA",KERALA,29.0,4.7,7.1,140.0,1.0,0.3,100.0,400.0,2024,0.21231422505307856,136.3,1.39,5.34,Safe
5209.0,"RIVER PERIYAR  AT PANAMKUTTY BRIDGE, IDUKKI",KERALA,24.0,7.0,6.5,46.0,1.5,0.3,1.8,110.0,2024,0.21398002853067047,168.0,0.7697,2.36,Safe
5211.0,"RIVER MUVATTAPUZHA AT PERUVAMMUZHI BRIDGE,",KERALA,26.0,5.5,6.1,55.0,1.0,0.3,3.6,8.1,2024,0.18148820326678766,143.0,0.48755,0.63,Safe
5213.0,"RIVER PUZHAKKAL AT PANCHIKKAL CANAL, THRISSUR",KERALA,26.0,1.2,6.37,140.0,1.0,0.3,50.0,100.0,2024,0.8264462809917356,31.2,0.8649999999999999,2.88,Safe
5215.0,"RIVER CHITTURPUZHA AT CHITTUR BRIDGE, PALAKKAD",KERALA,27.0,3.5,7.7,279.0,1.0,0.3,100.0,200.0,2024,0.2849002849002849,94.5,1.368,5.25,Safe
5224.0,"RIVER KALLAYI AT MOORIYADU, KOZHIKODE",KERALA,26.0,0.5,6.82,235.0,1.0,0.3,2000.0,7800.0,2024,1.9607843137254901,13.0,15.53,24.55,Safe
5225.0,"RIVER KALLAYI AT KOTHI BRIDGE, KOZHIKODE",KERALA,26.0,2.2,6.86,296.0,1.0,0.3,5000.0,6000.0,2024,0.45248868778280543,57.2,17.451999999999998,25.65,Moderate
5231.0,"RIVER KAVVAI AT KANKOL, KANNUR",KERALA,27.0,2.6,6.3,35.0,1.0,0.3,49.0,100.0,2024,0.3831417624521073,70.2,0.6535,1.68,Safe
5232.0,"RIVER PERUVAMBA AT PERUMBA BRIDGE, KANNUR",KERALA,27.0,4.4,6.0,83.0,1.0,0.3,50.0,80.0,2024,0.22675736961451246,118.80000000000001,0.721,2.08,Safe
5233.0,"RIVER RAMAPURAM AT KAPPUNGAL, KANNUR",KERALA,26.0,5.0,6.0,51.0,1.0,0.3,100.0,120.0,2024,0.1996007984031936,130.0,0.792,2.48,Safe
5234.0,"RIVER KUPPAM AT UROOTERI, KANNUR",KERALA,27.0,6.7,6.2,43.0,1.0,0.3,20.0,60.0,2024,0.14903129657228018,180.9,0.566,1.14,Safe
5235.0,"RIVER VALAPATTANAM AT PAVANNUR, KANNUR",KERALA,27.0,5.5,6.5,45.0,1.0,0.3,60.0,100.0,2024,0.18148820326678766,148.5,0.6900000000000001,1.9,Safe
5236.0,"RIVER THALLASSERRY AT ERANJOLI PALAM, KANNUR",KERALA,27.0,3.9,6.5,105.0,1.0,0.3,100.0,130.0,2024,0.2557544757033248,105.3,0.915,3.14,Safe
5239.0,"VALAPATTANAM RIVER AT IRRITY BRIDGE,KANNUR",KERALA,27.0,6.7,6.5,42.0,1.0,0.3,150.0,210.0,2024,0.14903129657228018,180.9,0.984,3.49,Safe
5240.0,"RIVER THALASSERY AT KUNDUCHIRA, KANNUR",KERALA,27.0,4.9,6.5,64.0,1.0,0.3,80.0,120.0,2024,0.20366598778004072,132.3,0.788,2.46,Safe
5241.0,"RIVER THALASSERY AT KODUVALLY, KANNUR",KERALA,27.0,3.9,6.8,3840.0,1.0,0.3,60.0,100.0,2024,0.2557544757033248,105.3,8.28,18.82,Safe
5244.0,RIVER MOGRAL AT MADHUR BRIDGE NEAR MADHUR S,KERALA,27.0,6.6,6.3,53.0,1.0,0.3,1.8,140.0,2024,0.15128593040847202,178.2,0.6787,1.83,Safe
5245.0,RIVER MANJESHWAR AT BANGRA-MANJESHWAR BRID,KERALA,28.0,5.9,6.5,87.0,1.0,0.3,1.8,490.0,2024,0.1692047377326565,165.20000000000002,1.2717,4.84,Safe
10016.0,RIVER PAMBA U/S,KERALA,26.0,4.9,6.3,38.0,1.0,0.3,94.0,210.0,2024,0.20366598778004072,127.4,0.8919999999999999,3.02,Safe
10017.0,RIVER PAMBA D/S,KERALA,26.0,3.5,6.5,38.0,1.0,0.3,120.0,350.0,2024,0.2849002849002849,91.0,1.141,4.25,Safe
1092.0,"River Kalu at Atale village, Village- Atale, Taluka- Kalya",MAHARASHTRA,23.0,0.9,6.7,117.0,2.0,0.3,4.0,49.0,2024,2.1978021978021975,20.7,0.9734999999999999,3.44,Safe
1093.0,"RIVER ULHAS AT U/S OF NRC BUND, VILLAGE. MOHAN",MAHARASHTRA,27.0,6.2,7.2,131.0,2.0,0.3,1.8,22.0,2024,0.322061191626409,167.4,0.9577,3.36,Safe
1094.0,"RIVER ULHAS AT U/S OF BADLAPUR WATER WORKS, VI",MAHARASHTRA,27.0,6.9,7.1,84.0,2.8,0.3,1.8,23.0,2024,0.40520984081041966,186.3,1.1051999999999997,4.08,Safe
1151.0,"RIVER PATALGANGA  AT SHILPHATA BRIDGE, VILLAGE-",MAHARASHTRA,27.0,6.8,6.9,66.0,2.0,0.3,6.8,33.0,2024,0.2936857562408223,183.6,0.8516999999999999,2.81,Safe
1152.0,"RIVER KUNDALIKA  AT ROHA BRIDGE,  VILLAGE-ROHA,",MAHARASHTRA,30.0,6.8,7.4,67.0,1.8,0.3,1.8,6.8,2024,0.2643171806167401,204.0,0.7469000000000001,2.23,Safe
1461.0,"RIVER BHATSA AT D/S OF PISE DAM, VILLAGE. PISE, TA",MAHARASHTRA,30.0,6.6,7.6,74.0,1.0,0.3,1.8,4.5,2024,0.15128593040847202,198.0,0.5174500000000001,0.83,Safe
1462.0,RIVER PATALGANGA NEAR INTAKE OF MIDC WATER W,MAHARASHTRA,27.0,6.7,7.2,82.0,1.0,0.3,1.8,23.0,2024,0.14903129657228018,180.9,0.5612,1.11,Safe
2162.0,"RIVER ULHAS AT JAMBHUL WATER WORKS, VILLAGE- J",MAHARASHTRA,27.0,6.8,7.1,83.0,2.0,0.3,1.8,7.8,2024,0.2936857562408223,183.6,0.8404,2.75,Safe
2164.0,RIVER VASHISHTI AT U/S OF THREE M PAPER MILLS NE,MAHARASHTRA,28.0,6.8,7.0,49.0,2.6,0.41,4.0,17.0,2024,0.38179148311306904,190.4,0.9914999999999999,3.53,Safe
2168.0,"RIVER MITHI NEAR ROAD BRIDGE, VILLAGE- MAHIM, T",MAHARASHTRA,27.0,1.8,7.1,444.0,6.0,0.3,220.0,920.0,2024,3.314917127071823,48.6,4.458,13.54,Safe
2198.0,"RIVER KUNDALIKA AT ARE KHURD (SALINE ZONE), VILL",MAHARASHTRA,30.0,4.1,6.9,113.0,2.0,0.3,1.8,23.0,2024,0.4866180048661801,122.99999999999999,0.9231999999999999,3.18,Safe
2199.0,"RIVER SAVITRI AT OVALE VILLAGE, VILLAGE. OVALE, TA",MAHARASHTRA,27.0,4.1,7.0,130.0,3.0,0.32,4.5,21.0,2024,0.7299270072992702,110.69999999999999,1.26225,4.8,Safe
2651.0,"RIVER AMBA AT D/S OF WAKEN BRIDGE, VILLAGE- WA",MAHARASHTRA,29.0,6.9,7.6,65.0,1.0,0.3,4.5,46.0,2024,0.1447178002894356,200.10000000000002,0.56575,1.14,Safe
2653.0,"RIVER BHATSA AT D/S OF LIBERTY OIL MILLS, VILLAGE-",MAHARASHTRA,19.0,6.9,7.5,69.0,1.0,0.3,1.8,33.0,2024,0.1447178002894356,131.1,0.5502,1.04,Safe
2654.0,"RIVER BHATSA  AT U/S OF LIBERTY OIL MILLS, SATNEL,",MAHARASHTRA,19.0,6.9,7.2,68.0,1.0,0.3,1.8,17.0,2024,0.1447178002894356,131.1,0.5242,0.87,Safe
2670.0,"RIVER KAN AT SAKRI WATER WORKS, VILLAGE. SAKRI,",MAHARASHTRA,16.0,4.0,8.3,351.0,3.0,0.31,6.0,63.0,2024,0.7481296758104738,64.0,1.7674999999999998,6.8,Safe
2671.0,RIVER KUNDALIKA  NEAR SALAV BRIDGE (SALINE ZONE,MAHARASHTRA,30.0,3.8,7.6,1547.0,3.0,0.43,1.8,49.0,2024,0.7874015748031497,114.0,4.1562,12.98,Safe
2672.0,"RIVER KUNDALIKA AT DHATAV AT JACKWELL , VILLAGE",MAHARASHTRA,29.0,6.9,7.6,71.0,1.0,0.3,1.8,22.0,2024,0.1447178002894356,200.10000000000002,0.5377000000000001,0.96,Safe
2676.0,"RIVER MUCHKUNDI AT WAKED, RATNAGIRI, NEAR M/S",MAHARASHTRA,23.0,6.3,6.9,40.0,2.8,0.3,4.0,17.0,2024,0.4437400950871632,144.9,1.0115,3.63,Safe
2685.0,"RIVER PATALGANGA  AT D/S OF KHARPADA BRIDGE , V",MAHARASHTRA,27.0,4.6,7.1,139.0,2.0,0.3,1.8,34.0,2024,0.4338394793926248,124.19999999999999,0.9917,3.53,Safe
2686.0,"RIVER PATALGANGA AT VYAL PUMP HOUSE,  VILLAGE.",MAHARASHTRA,27.0,6.8,7.2,89.0,1.0,0.3,1.8,23.0,2024,0.14684287812041116,183.6,0.5752,1.2,Safe
2687.0,RIVER PATALGANGA  AT KHALAPUR PUMPING STATIO,MAHARASHTRA,27.0,6.6,7.0,70.0,1.0,0.3,1.8,46.0,2024,0.15128593040847202,178.2,0.5717000000000001,1.18,Safe
2688.0,"RIVER PATALGANGA  AT SAVROLI BRIDGE, VILLAGE- SA",MAHARASHTRA,27.0,6.7,7.0,69.0,2.0,0.3,17.0,79.0,2024,0.29806259314456035,180.9,0.942,3.28,Safe
2689.0,RIVER PATALGANGA  AT GAGANGIRI MAHARAJ TEMPL,MAHARASHTRA,27.0,6.0,6.8,49.0,1.0,0.3,4.5,23.0,2024,0.1663893510815308,162.0,0.49924999999999997,0.71,Safe
2696.0,PEHLAR DAM ON PEHLAR RIVER- INLET OF WATER WO,MAHARASHTRA,26.0,6.9,7.5,118.0,1.0,0.3,1.8,33.0,2024,0.1447178002894356,179.4,0.6482,1.65,Safe
2701.0,"RIVER SAVITRI  JACKWELL AT UPSA KENDRE , VILLAGE.",MAHARASHTRA,27.0,6.5,7.1,90.0,2.8,0.32,4.0,17.0,2024,0.43010752688172044,175.5,1.1155,4.13,Safe
2702.0,"RIVER SAVITRI  AT SHEDAV DOV, VILLAGE. SHEDAV DO",MAHARASHTRA,27.0,6.1,7.4,84.0,2.6,0.32,5.5,20.0,2024,0.4255319148936171,164.7,1.0502500000000001,3.82,Safe
2703.0,"RIVER SAVITRI AT DADLI ROAD BRIDGE, VILLAGE. DADL",MAHARASHTRA,27.0,5.8,7.4,102.0,2.8,0.32,4.5,22.0,2024,0.4819277108433735,156.6,1.1477499999999998,4.28,Safe
2704.0,"RIVER SAVITRI  AT MUTHAVALI VILLAGE,  VILLAGE. MU",MAHARASHTRA,27.0,5.5,7.3,83.0,2.8,0.32,4.0,17.0,2024,0.5081669691470054,148.5,1.1015,4.06,Safe
2706.0,"RIVER SURYA  AT U/S OF SURYA DAM, VILLAGE- DHAM",MAHARASHTRA,26.0,6.8,7.4,96.0,1.0,0.3,1.8,22.0,2024,0.14684287812041116,176.79999999999998,0.5877000000000001,1.28,Safe
2707.0,RIVER SURYA  AT MIDC PUMPING STATION ON BOISAR,MAHARASHTRA,26.0,6.8,7.6,127.0,1.0,0.3,1.8,22.0,2024,0.14684287812041116,176.79999999999998,0.6497,1.66,Safe
2708.0,RIVER SURYA  AT INTAKE OF VASAI-VIRAR WATER SCH,MAHARASHTRA,26.0,5.1,7.6,126.0,1.0,0.3,1.8,31.0,2024,0.19569471624266147,132.6,0.6612,1.73,Safe
2709.0,"RIVER TANSA  NEAR ROAD BRIDGE, VILLAGE- DAKEWA",MAHARASHTRA,19.0,6.2,7.3,71.0,1.0,0.3,1.8,2.0,2024,0.1610305958132045,117.8,0.5077,0.76,Safe
2712.0,"RIVER VAITARNA  NEAR ROAD BRIDGE, VILLAGE- GAND",MAHARASHTRA,19.0,6.9,7.3,75.0,1.0,0.3,1.8,1.8,2024,0.1447178002894356,131.1,0.5154000000000001,0.82,Safe
2713.0,RIVER VASHISHTI AT D/S OF THREE M PAPER MILLS NE,MAHARASHTRA,28.0,6.5,7.1,48.0,2.8,0.58,5.5,21.0,2024,0.43010752688172044,182.0,1.0917500000000002,4.02,Safe
2714.0,RIVER VASHISHTI AT U/S OF POPHALI NEAR KONPHAN,MAHARASHTRA,28.0,6.4,7.0,72.0,2.8,0.3,4.0,20.0,2024,0.4368174726989079,179.20000000000002,1.0799999999999998,3.96,Safe
1424.0,RIVER IMPHAL AT MAHABALI,MANIPUR,20.0,7.0,7.2,120.0,3.2,0.4,60.0,130.0,2024,0.456490727532097,140.0,1.5650000000000002,6.04,Safe
1457.0,RIVER IMPHAL AT KOIRENGEI,MANIPUR,20.0,7.2,7.2,150.0,3.0,0.4,40.0,85.0,2024,0.4160887656033287,144.0,1.4675,5.66,Safe
1458.0,RIVER IRIL AT PORAMPET,MANIPUR,19.0,7.3,7.4,220.0,3.1,80.0,45.0,80.0,2024,0.4240766073871409,138.7,17.5575,25.7,Moderate
1624.0,RIVER IRIL AT LILONG,MANIPUR,20.0,7.1,7.2,130.0,3.2,0.4,55.0,125.0,2024,0.45007032348804504,142.0,1.57,6.06,Safe
1625.0,RIVER NAMBUL AT HUMP BRIDGE,MANIPUR,19.0,5.6,7.0,310.0,4.2,0.4,180.0,785.0,2024,0.7486631016042782,106.39999999999999,3.4075000000000006,11.42,Safe
1626.0,RIVER NAMBUL AT HEIRANGOITHONG,MANIPUR,20.0,5.8,6.9,330.0,4.2,0.4,190.0,815.0,2024,0.7228915662650603,116.0,3.5075000000000003,11.64,Safe
1627.0,RIVER IMPHAL AT KIYAMGI,MANIPUR,18.0,7.2,7.2,150.0,3.1,0.4,50.0,120.0,2024,0.4299583911234397,129.6,1.565,6.04,Safe
1628.0,RIVER IMPHAL AT MINUTHONG,MANIPUR,18.0,7.0,7.1,160.0,3.2,0.4,60.0,130.0,2024,0.456490727532097,126.0,1.6450000000000002,6.35,Safe
1927.0,"RIVER SEKMAI RIVER, KAKCHING",MANIPUR,19.0,7.2,7.2,150.0,3.1,0.4,20.0,70.0,2024,0.4299583911234397,136.8,1.445,5.57,Safe
2852.0,RIVER MANIPUR AT SEKMAIJIN,MANIPUR,20.0,7.2,7.2,170.0,3.2,0.4,60.0,130.0,2024,0.44382801664355065,144.0,1.6650000000000003,6.42,Safe
2853.0,RIVER THOUBAL ON MAPITHEL DAM,MANIPUR,19.0,7.2,7.3,180.0,3.0,0.4,10.0,45.0,2024,0.4160887656033287,136.8,1.4224999999999999,5.48,Safe
2854.0,RIVER THOUBAL AT PHADOM,MANIPUR,19.0,7.1,7.2,170.0,3.1,0.4,15.0,50.0,2024,0.4360056258790436,134.9,1.4475,5.58,Safe
2855.0,RIVER WANGJING AT HEIROK,MANIPUR,20.0,7.1,7.2,170.0,3.3,0.4,50.0,75.0,2024,0.4641350210970464,142.0,1.5975,6.17,Safe
2856.0,RIVER THOUBAL AT YAIRIPOK,MANIPUR,20.0,6.8,7.2,200.0,3.2,0.4,50.0,100.0,2024,0.46989720998531576,136.0,1.6649999999999998,6.42,Safe
2857.0,RIVER MANIPUR AT THOUBAL,MANIPUR,21.0,7.1,7.2,190.0,3.0,0.4,50.0,135.0,2024,0.4219409282700422,149.1,1.6374999999999997,6.32,Safe
2858.0,RIVER NAMBUL AT SAMUSANG (U.K. ROAD),MANIPUR,20.0,6.8,7.1,230.0,4.0,0.4,95.0,175.0,2024,0.5873715124816447,136.0,2.145,8.07,Safe
2860.0,RIVER NAMBUL AT NAOREMTHONG,MANIPUR,21.0,6.3,7.1,230.0,4.1,0.4,85.0,190.0,2024,0.6497622820919176,132.29999999999998,2.1824999999999997,8.19,Safe
2862.0,RIVER IMPHAL AT SAMUROU,MANIPUR,19.0,7.2,7.2,190.0,3.0,0.4,55.0,120.0,2024,0.4160887656033287,136.8,1.6224999999999998,6.26,Safe
2863.0,RIVER IRIL AT KANGLA SIPHAI,MANIPUR,20.0,7.3,7.3,180.0,3.1,0.4,30.0,60.0,2024,0.4240766073871409,146.0,1.5050000000000001,5.81,Safe
2864.0,"RIVER IMPHAL NEAR LEIKINTHABI ROAD, AWANG SEK",MANIPUR,21.0,7.2,7.3,170.0,3.0,0.4,40.0,120.0,2024,0.4160887656033287,151.20000000000002,1.56,6.02,Safe
2873.0,RIVER IRIL AT LILONG,MANIPUR,20.0,7.0,7.2,210.0,3.2,0.4,50.0,100.0,2024,0.456490727532097,140.0,1.6849999999999998,6.5,Safe
2876.0,RIVER WANGJING AT WANGJING,MANIPUR,20.0,7.3,7.2,200.0,3.2,0.4,55.0,115.0,2024,0.43775649794801647,146.0,1.6949999999999998,6.53,Safe
2879.0,RIVER MANIPUR AT ETHAI BARRAGE,MANIPUR,19.0,7.2,7.0,160.0,3.1,0.4,65.0,160.0,2024,0.4299583911234397,136.8,1.6675,6.43,Safe
1427.0,RIVER UMTREW AT BYRNIHAT EAST,MEGHALAYA,16.0,7.0,6.7,39.0,1.6,0.32,110.0,540.0,2024,0.2282453637660485,112.0,1.5970000000000002,6.17,Safe
1631.0,RIVER MYNTDU JOWAI,MEGHALAYA,15.0,6.4,6.8,30.0,1.4,0.32,310.0,2100.0,2024,0.21840873634945396,96.0,4.159,12.98,Safe
1632.0,RIVER GANOL TURA,MEGHALAYA,15.0,6.9,6.8,64.0,1.4,0.38,43.0,430.0,2024,0.20260492040520983,103.5,1.3335,5.1,Safe
3350.0,"RIVER UMKHEN AT WAH KDAIT,",MEGHALAYA,10.0,6.7,6.7,65.0,1.5,0.77,17.0,100.0,2024,0.22354694485842028,67.0,0.9095,3.11,Safe
3351.0,"RIVER UMKHEN AT KSEHPONGDENG,",MEGHALAYA,13.0,7.1,6.8,31.0,1.0,0.32,6.0,150.0,2024,0.1406469760900141,92.3,0.6599999999999999,1.72,Safe
3352.0,RIVER UMKHEN AT DIENGPASOH,MEGHALAYA,10.0,7.0,6.8,40.0,1.0,0.4,4.0,130.0,2024,0.14265335235378032,70.0,0.661,1.73,Safe
3353.0,RIVER UMIAM MAWPHLANG AT NONGKREM,MEGHALAYA,11.0,6.5,6.7,50.0,1.5,0.57,210.0,1100.0,2024,0.2304147465437788,71.5,2.6289999999999996,9.49,Safe
3354.0,RIVER UMIAM MAWPHLANG AT UMTYNGNGAR,MEGHALAYA,14.0,6.6,6.7,23.0,1.4,0.34,33.0,110.0,2024,0.21180030257186083,92.39999999999999,0.7485,2.24,Safe
3355.0,RIVER UMIAM MAWPHLANG AT MAWPHLANG,MEGHALAYA,15.0,7.0,6.7,30.0,1.0,0.32,21.0,220.0,2024,0.14265335235378032,105.0,0.7855000000000001,2.44,Safe
3356.0,RIVER UMIAM MAWPHLANG AT SHELLA,MEGHALAYA,15.0,7.3,6.9,88.0,1.0,0.32,1.8,23.0,2024,0.13679890560875513,109.5,0.5772,1.21,Safe
3359.0,"RIVER UMKHRAH AT DEMTHRING, SHILLONG",MEGHALAYA,15.0,0.3,6.6,208.0,8.2,0.76,6300.0,17000.0,2024,26.451612903225804,4.5,37.977999999999994,33.07,Moderate
3360.0,"RIVER UMKHRAH AT UMKALIAR, SHILLONG",MEGHALAYA,15.0,4.2,6.8,168.0,4.0,3.22,2500.0,5400.0,2024,0.9501187648456058,63.0,14.03,23.61,Safe
3361.0,"RIVER UMKHRAH AT MAWLAI, NEAR SLAUGHTER HOU",MEGHALAYA,15.0,0.3,6.7,240.0,10.0,0.84,14000.0,46000.0,2024,32.25806451612903,4.5,93.648,41.89,Moderate
3362.0,"RIVER UMKHRAH AT MAWPDANG, MAWLAI",MEGHALAYA,15.0,0.3,6.7,270.0,12.0,0.54,17000.0,49000.0,2024,38.70967741935484,4.5,103.24799999999999,42.85,Moderate
3363.0,RIVER UMSHYRPI AT RISA COLONY,MEGHALAYA,14.0,7.0,6.6,27.0,1.0,0.58,4.0,63.0,2024,0.14265335235378032,98.0,0.5705,1.17,Safe
3364.0,"RIVER UMSHYRPI AT LAW COLLEGE, DHANKETI,",MEGHALAYA,15.0,0.3,6.6,220.0,13.0,0.4,20000.0,54000.0,2024,41.935483870967744,4.5,115.42,43.94,Moderate
3365.0,RIVER UMSHYRPI AT UMSHYRPI BRIDGE,MEGHALAYA,15.0,3.6,6.5,120.0,5.5,1.06,3100.0,9400.0,2024,1.5235457063711912,54.0,20.851999999999997,27.33,Moderate
3366.0,"RIVER UMTREW AT UMRAN,",MEGHALAYA,15.0,6.9,6.7,21.0,1.3,0.32,110.0,330.0,2024,0.18813314037626627,103.5,1.156,4.32,Safe
3379.0,RIVER MYNTDU AT LESHKA,MEGHALAYA,16.0,7.0,4.5,28.0,1.0,0.32,4.0,23.0,2024,0.14265335235378032,112.0,0.4605,0.45,Safe
3383.0,RIVER BUGI AT MIBONPARA,MEGHALAYA,14.0,7.0,6.8,62.0,1.4,0.4,13.0,220.0,2024,0.19971469329529243,98.0,0.9735,3.44,Safe
3384.0,RIVER BUGI AT DALU,MEGHALAYA,15.0,6.6,6.8,76.0,1.7,0.32,38.0,540.0,2024,0.25718608169440244,99.0,1.5930000000000002,6.15,Safe
4112.0,RIVER GANOL AT GAROBADHA,MEGHALAYA,16.0,6.7,6.8,70.0,1.3,0.32,6.0,280.0,2024,0.19374068554396423,107.2,1.023,3.69,Safe
4316.0,RIVER MYNTDU AT MIHMYNTDU,MEGHALAYA,14.0,6.7,6.8,37.0,1.4,0.36,27.0,350.0,2024,0.20864381520119224,93.8,1.1315,4.2,Safe
2050.0,"RIVER TLAWNG  MID STREAM, REIEK KAI, AIZAWL,U/S",MIZORAM,17.0,4.7,6.57,35.0,1.0,0.32,1.8,350.0,2024,0.21231422505307856,79.9,0.9617,3.38,Safe
2051.0,"RIVER TLAWNG MID STREAM, REIEK KAI, AIZAWL,D/S",MIZORAM,17.0,4.5,7.32,43.0,1.0,0.32,1.8,350.0,2024,0.22172949002217296,76.5,0.9777,3.46,Safe
2052.0,"RIVER TUIRIAL  MID STREAM, TUIRIAL VILLAGE,U/S OF",MIZORAM,17.0,5.0,6.94,52.0,1.0,0.32,24.0,1600.0,2024,0.1996007984031936,85.0,2.904,10.22,Safe
2053.0,"RIVER TUIRIAL  MID STREAM, TUIRIAL VILLAGE,D/S OF",MIZORAM,17.0,4.2,6.7,53.0,1.0,0.32,24.0,1600.0,2024,0.23752969121140144,71.4,2.9059999999999997,10.22,Safe
3709.0,RIVER TLAWNG  SAIRANG,MIZORAM,17.0,5.5,7.02,75.0,1.0,0.75,11.0,540.0,2024,0.18148820326678766,93.5,1.4265,5.49,Safe
3714.0,"RIVER TUIRIAL UPSTREAM, SUMSUIH,AIZAWL DIST",MIZORAM,14.0,6.8,6.1,17.0,1.0,0.32,11.0,90.0,2024,0.14684287812041116,95.2,0.5495000000000001,1.04,Safe
3715.0,"RIVER TUIRIAL MID STREAM, AIRFIELD, U/S OF TUIRIAL",MIZORAM,16.0,4.9,6.74,58.0,1.0,0.81,11.0,90.0,2024,0.20366598778004072,78.4,0.7295,2.13,Safe
3717.0,"RIVER TUIRIAL MID STREAM, AIRFIELD, D/S OF TUIRIAL",MIZORAM,17.0,4.6,6.9,62.0,1.0,0.94,11.0,90.0,2024,0.2169197396963124,78.19999999999999,0.7635,2.32,Safe
3734.0,"RIVER TLAWNG U/S, ZOBAWK VILLAGE, LUNGLEI DIST.",MIZORAM,14.0,5.6,6.3,31.0,1.0,0.81,11.0,90.0,2024,0.17825311942959005,78.39999999999999,0.6755,1.81,Safe
3736.0,"RIVER TLAWNG   U/S, PIALTHLENG ZOTLANG, LUNGLEI",MIZORAM,12.0,5.8,7.0,42.0,1.0,0.32,11.0,90.0,2024,0.17211703958691912,69.6,0.5995,1.35,Safe
3754.0,"RIVER TLAWNG  D/S, RIMAWI VENG, BAIRABI,KOLASIB",MIZORAM,17.0,5.3,6.7,78.0,1.0,0.65,11.0,90.0,2024,0.18832391713747648,90.1,0.7375,2.17,Safe
4118.0,"RIVER TUIRIAL D/S,  HEPP DAM, SAIPUM, KOLASIB DIS",MIZORAM,16.0,7.7,7.0,61.0,1.0,0.32,11.0,90.0,2024,0.1297016861219196,123.2,0.6375,1.59,Safe
4121.0,"RIVER TLAWNG  D/S,SUARPUI, BAIRABI HEPP DAM SIT",MIZORAM,15.0,6.3,6.6,76.0,1.0,0.32,11.0,90.0,2024,0.1584786053882726,94.5,0.6675,1.77,Safe
5719.0,River Tuirial at/near Muallungthu Village area (upper s,MIZORAM,15.0,5.0,5.96,52.0,1.0,0.58,11.0,90.0,2024,0.1996007984031936,75.0,0.6715,1.79,Safe
5724.0,River Tlawng at/near Buarpui Village area (upper strea,MIZORAM,19.0,4.6,6.4,60.0,1.0,0.44,11.0,90.0,2024,0.2169197396963124,87.39999999999999,0.6595,1.72,Safe
1455.0,RIVER RUSHIKULYA AT GANJAM U/S (NEAR BABA TOLE,ODISHA,21.0,6.2,7.2,340.0,1.4,0.32,330.0,1100.0,2024,0.2254428341384863,130.20000000000002,3.309,11.2,Safe
1456.0,RIVER RUSHIKULYA AT GANJAM D/S (NEAR POTTAGAR,ODISHA,23.0,7.2,6.5,9180.0,1.7,0.32,130.0,490.0,2024,0.23578363384188628,165.6,19.864,26.87,Moderate
1642.0,RIVER NAGAVALI AT JAYKAYPUR D/S,ODISHA,20.0,6.0,7.3,184.0,1.3,0.39,170.0,490.0,2024,0.21630615640599002,120.0,1.826,7.01,Safe
1643.0,RIVER NAGAVALI AT RAYAGADA D/S,ODISHA,18.0,5.8,7.1,210.0,1.1,0.46,220.0,790.0,2024,0.18932874354561105,104.39999999999999,2.357,8.72,Safe
2422.0,"RIVER NAGAVALI AT PENTA U/S, JAYKAYPUR TOWN",ODISHA,20.0,5.5,7.2,213.0,1.1,0.4,170.0,330.0,2024,0.19963702359346644,110.0,1.586,6.12,Safe
2423.0,RIVER BUDHABALANGA AT D/S OF BARIPADA TOWN,ODISHA,24.0,5.6,6.9,180.0,2.1,0.32,17.0,1100.0,2024,0.3743315508021391,134.39999999999998,2.7295,9.76,Safe
2424.0,RIVER BUDHABALANGA AT BALASORE D/S,ODISHA,22.0,4.4,7.3,138.0,1.5,0.36,1100.0,2200.0,2024,0.3401360544217687,96.80000000000001,5.747999999999999,15.65,Safe
2425.0,"RIVER KERANDI (INTAKE WELL OF NALCO REFINARY, H",ODISHA,16.0,6.8,7.2,85.0,1.2,0.39,130.0,490.0,2024,0.1762114537444934,108.8,1.5379999999999998,5.94,Safe
3943.0,RIVER BUDHABALANGA AT BALASORE U/S,ODISHA,23.0,6.4,7.4,158.0,2.0,0.34,220.0,1100.0,2024,0.31201248049922,147.20000000000002,2.964,10.37,Safe
3945.0,RIVER RUSHIKULYA AT ASKA,ODISHA,21.0,5.2,6.9,325.0,1.2,0.32,230.0,490.0,2024,0.23032629558541265,109.2,2.154,8.1,Safe
3947.0,RIVER RUSHIKULYA AT NALABANTA,ODISHA,20.0,5.1,7.1,250.0,1.2,0.32,170.0,700.0,2024,0.23483365949119375,102.0,2.229,8.33,Safe
1685.0,"RIVER ARASALAR,VIZHUTHIYUR ROAD, ODUDHURAI, K",PUDUCHERRY,27.0,3.2,6.54,381.0,1.0,0.32,1.8,1.8,2024,0.3115264797507788,86.4,1.1313999999999997,4.2,Safe
2442.0,"RIVER GAUTAMI-GODAVARI NEAR BALAYOGI BRIDGE,",PUDUCHERRY,29.0,7.3,8.08,2990.0,1.0,0.32,11.0,90.0,2024,0.13679890560875513,211.7,6.4955,16.7,Safe
2443.0,"RIVER GAUTAMI-GODAVARI NEAR ADAVIPOLAM, YAN",PUDUCHERRY,28.0,8.0,8.06,5460.0,1.0,0.32,11.0,90.0,2024,0.12484394506866417,224.0,11.435500000000003,21.72,Safe
2445.0,"RIVER MAHE,MAHE REGION, U.T OF PUDUCHERRY",PUDUCHERRY,27.0,6.4,5.78,232.0,2.0,0.4,11.0,90.0,2024,0.31201248049922,172.8,1.2954999999999999,4.94,Safe
1023.0,RIVER GHAGGAR AT MUBARAKPUR REST HOUSE (PATI,PUNJAB,14.0,5.1,7.1,465.0,7.0,1.0,1700.0,1700.0,2024,1.3698630136986303,71.39999999999999,8.33,18.87,Safe
1024.0,RIVER GHAGGAR AT 100M D/S CONF. WITH R. SARASW,PUNJAB,9.0,2.8,7.4,914.0,15.0,1.5,3800.0,28000.0,2024,5.338078291814948,25.2,54.328,36.55,Moderate
1295.0,"RIVER GHAGGAR NEAR BANKARPUR, DERA BASSI, PUN",PUNJAB,9.0,3.1,7.2,797.0,12.0,1.0,2100.0,21000.0,2024,3.8585209003215435,27.900000000000002,40.044,33.59,Moderate
1473.0,"RIVER GHAGGAR AT RATANHERI, D/S OF PATIALA NAD",PUNJAB,10.0,2.1,7.4,915.0,16.0,1.5,3400.0,28000.0,2024,7.5829383886255926,21.0,54.03,36.5,Moderate
1698.0,"RIVER GHAGGAR AT D/S CHHATBIR, PUNJAB",PUNJAB,13.0,2.8,7.2,827.0,13.0,1.1,2600.0,22000.0,2024,4.626334519572954,36.4,42.674,34.2,Moderate
1699.0,"RIVER GHAGGAR AT U/S DHAKANSU NALLAH, PUNJAB",PUNJAB,8.0,3.6,7.3,635.0,12.0,1.1,2100.0,21000.0,2024,3.32409972299169,28.8,39.74,33.51,Moderate
1700.0,"RIVER GHAGGAR AT D/S DHAKANSU NALLAH, PUNJAB",PUNJAB,8.0,2.7,7.2,832.0,14.0,1.3,2700.0,24000.0,2024,5.166051660516605,21.6,46.174,34.97,Moderate
1701.0,"RIVER GHAGGAR AT D/S JHARMAL NADI, PUNJAB",PUNJAB,9.0,2.8,7.2,751.0,13.0,1.2,2700.0,24000.0,2024,4.626334519572954,25.2,45.692,34.87,Moderate
1702.0,"RIVER GHAGGAR AT U/S JHARMAL NADI, PUNJAB",PUNJAB,7.0,3.8,7.3,610.0,8.0,1.1,2100.0,21000.0,2024,2.0997375328083994,26.599999999999998,38.49,33.2,Moderate
1703.0,"RIVER GHAGGAR AT MOONAK, PUNJAB",PUNJAB,9.0,2.1,7.4,991.0,10.0,1.9,4600.0,35000.0,2024,4.739336492890995,18.900000000000002,64.762,38.27,Moderate
1704.0,"RIVER GHAGGAR AT D/S SARDULGARH, PUNJAB",PUNJAB,9.0,4.0,7.3,493.0,8.0,0.9,2100.0,21000.0,2024,1.9950124688279303,36.0,38.216,33.13,Moderate
1705.0,"RIVER GHAGGAR AT U/S SARDULGARH, PUNJAB",PUNJAB,9.0,5.0,7.3,403.0,7.0,0.8,1700.0,17000.0,2024,1.3972055888223553,45.0,31.116,31.15,Moderate
4159.0,RIVER GHAGGAR U/S BEFORE MIXING WITH SAGARPA,PUNJAB,9.0,2.0,7.4,831.0,13.0,1.4,3200.0,28000.0,2024,6.467661691542289,18.0,52.641999999999996,36.25,Moderate
4160.0,RIVER GHAGGAR  D/S AFTER MIXING WITH SAGARPAR,PUNJAB,9.0,2.0,7.3,951.0,17.0,1.7,3800.0,28000.0,2024,8.45771144278607,18.0,55.042,36.68,Moderate
4162.0,RIVER GHAGGAR CONFLUENCE POINT OF SUKHANA CH,PUNJAB,12.0,0.3,7.1,2583.0,84.0,4.0,94000.0,280000.0,2024,270.9677419354839,3.5999999999999996,592.1659999999999,60.12,Risky
30015.0,RIVER GHAGGAR AT MUBARAKPUR (PUNJAB),PUNJAB,17.0,1.8,7.7,662.0,16.0,0.32,1700000.0,4600000.0,2024,8.839779005524862,30.6,9456.188,87.63,Hazardous
30016.0,"RIVER GHAGGAR AT TIWANA VILLAGE ,(PUNJAB)",PUNJAB,16.0,0.5,7.6,799.0,18.0,0.32,48000.0,1600000.0,2024,35.294117647058826,8.0,2479.062,74.33,Risky
30019.0,RIVER GHAGGAR AT SIRDULGARH(PUNJAB),PUNJAB,13.5,4.0,7.6,555.0,3.0,1.64,200.0,1700.0,2024,0.7481296758104738,54.0,5.188,14.79,Safe
2947.0,"RIVER JAWAI AT JAWAI DAM, SIROHI, RAJASTHAN",RAJASTHAN,21.6,4.5,7.65,373.0,1.0,1.87,1.8,1.8,2024,0.22172949002217296,97.2,1.4253999999999998,5.49,Safe
30021.0,RIVER GHAGGAR AT SIRSA HANUMANGARH ROAD (RA,RAJASTHAN,21.0,4.8,8.45,2640.0,9.0,5.31,9300.0,49000.0,2024,1.8711018711018712,100.8,96.49199999999999,42.18,Moderate
1159.0,RIVER TAMBIRAPARANI AT BDG.NR. MADURA COATS L,TAMIL NADU,20.0,6.6,6.24,42.0,2.0,0.32,2.3,14.0,2024,0.30257186081694404,132.0,0.7724499999999999,2.37,Safe
1160.0,"RIVER TAMBIRAPARANI AT CHERANMADEVI, CAUSE W",TAMIL NADU,25.0,6.1,6.71,70.0,2.0,0.32,12.0,24.0,2024,0.32733224222585927,152.5,0.858,2.84,Safe
1161.0,"RIVER TAMBIRAPARANI AT TIRUNELVELI, COLLECTORA",TAMIL NADU,27.0,6.5,6.44,99.0,2.0,0.32,14.0,25.0,2024,0.30721966205837176,175.5,0.9204999999999999,3.17,Safe
1162.0,"RIVER TAMBIRAPARANI AT MURAPPANADU, TAMILNA",TAMIL NADU,27.0,6.0,6.72,130.0,2.0,0.32,14.0,33.0,2024,0.3327787021630616,162.0,0.9944999999999999,3.54,Safe
1328.0,RIVER TAMBIRAPARANI AT THIRUVIDAIMARUTHUR TA,TAMIL NADU,24.0,6.0,6.35,57.0,2.0,0.32,6.1,21.0,2024,0.3327787021630616,144.0,0.8186499999999999,2.63,Safe
1329.0,RIVER TAMBIRAPARANI AT RAIL BDG. NR. AMBASAMU,TAMIL NADU,23.0,6.4,6.36,52.0,2.0,0.32,8.2,17.0,2024,0.31201248049922,147.20000000000002,0.8057999999999998,2.56,Safe
1330.0,RIVER TAMBIRAPARANI AT AUTHOOR TAMILNADU,TAMIL NADU,27.0,5.1,6.7,258.0,2.4,0.32,6.1,14.0,2024,0.4696673189823875,137.7,1.33015,5.09,Safe
1450.0,RIVER PALAR AT VANIYAMBADI WATER SUPPLY HEAD,TAMIL NADU,20.0,6.1,7.84,232.0,2.0,0.32,210.0,435.0,2024,0.32733224222585927,122.0,2.0955,7.91,Safe
3025.0,"RIVER TAMBIRAPARANI AT ERAL, THOTHUKUDI, TAMIL",TAMIL NADU,27.0,5.3,6.8,231.0,2.3,0.32,10.0,24.0,2024,0.4331450094161959,143.1,1.267,4.82,Safe
3026.0,"RIVER TAMBIRAPARANI AT KALLIDAI KURICHI, TIRUNE",TAMIL NADU,24.0,6.2,6.54,60.0,2.0,0.32,4.0,11.0,2024,0.322061191626409,148.8,0.8064999999999999,2.56,Safe
3027.0,"RIVER TAMBIRAPARANI AT SRIVAIKUNTAM, D/S OF SK",TAMIL NADU,28.0,5.4,6.79,142.0,2.2,0.32,11.0,24.0,2024,0.40665434380776344,151.20000000000002,1.0605,3.87,Safe
3028.0,"RIVER TAMBIRAPARANI AT VELLAKOIL, TIRUNELVELI, T",TAMIL NADU,26.0,6.4,7.1,112.0,2.0,0.32,4.0,25.0,2024,0.31201248049922,166.4,0.9314999999999999,3.23,Safe
3029.0,"RIVER TAMBIRAPARANI AT SIVALAPERI, CONFLUENCE",TAMIL NADU,28.0,6.0,7.24,132.0,2.0,0.32,17.0,48.0,2024,0.3327787021630616,168.0,1.0254999999999999,3.7,Safe
10062.0,RIVER TAMRABARANI AT TIRUNELVELI D/S,TAMIL NADU,27.0,5.8,7.0,108.0,2.0,0.32,14.0,32.0,2024,0.34423407917383825,156.6,0.949,3.32,Safe
1403.0,"RIVER GUMTI AT U/S SOUTH TRIPURA, TRIPURA",TRIPURA,24.5,5.2,6.93,135.0,1.2,0.8,39.0,110.0,2024,0.23032629558541265,127.4,1.0135,3.64,Safe
1404.0,"RIVER GUMTI AT D/S SOUTH TRIPURA, TRIPURA",TRIPURA,25.5,5.0,7.02,139.0,1.3,1.0,46.0,170.0,2024,0.2594810379241517,127.5,1.1920000000000002,4.48,Safe
1726.0,"RIVER HAORA D/S OF CHANDRAPUR, AGARTALA D/S O",TRIPURA,25.5,5.2,7.05,134.0,1.2,0.8,39.0,110.0,2024,0.23032629558541265,132.6,1.0115,3.63,Safe
3397.0,"RIVER HAORA AT DASHAMIGHAT, WEST TRIPURA",TRIPURA,24.0,5.1,6.91,157.0,1.9,1.6,63.0,350.0,2024,0.3718199608610568,122.39999999999999,1.8235000000000001,7.0,Safe
3398.0,"RIVER KHOWAI AT TRISHA BARI, TELIAMURA, WEST TR",TRIPURA,23.0,5.3,6.95,126.0,1.1,1.0,39.0,120.0,2024,0.20715630885122413,121.89999999999999,1.0205,3.67,Safe
3399.0,"RIVER KHOWAI AT KUMARI MADHUTI SETU, WEST TRI",TRIPURA,23.0,5.4,6.91,121.0,1.1,0.9,38.0,110.0,2024,0.20332717190388172,124.2,0.974,3.44,Safe
3400.0,"RIVER KHOWAI AT CHAKMAGHAT, WEST TRIPURA",TRIPURA,23.5,5.2,6.75,118.0,1.2,1.1,39.0,120.0,2024,0.23032629558541265,122.2,1.0545,3.84,Safe
3401.0,"RIVER HAORA AT ARALIA, WEST TRIPURA",TRIPURA,24.5,5.1,6.61,142.0,1.6,1.2,58.0,220.0,2024,0.31311154598825836,124.94999999999999,1.421,5.47,Safe
3402.0,"RIVER HAORA AT KALABAGAN, WEST TRIPURA",TRIPURA,24.0,5.4,7.03,136.0,1.1,1.0,43.0,130.0,2024,0.20332717190388172,129.60000000000002,1.0615,3.87,Safe
3403.0,"RIVER HAORA AT JOYNAGAR, WEST TRIPURA",TRIPURA,24.0,5.3,7.01,129.0,1.1,0.9,41.0,120.0,2024,0.20715630885122413,127.19999999999999,1.0095,3.62,Safe
3404.0,"RIVER KHOWAI AT KARAILONG, TELIAMURA, WEST TRI",TRIPURA,23.5,5.2,6.71,127.0,1.1,0.8,38.0,110.0,2024,0.21113243761996164,122.2,0.966,3.4,Safe
3405.0,"RIVER BURIGAON AT BISHALGARH, WEST TRIPURA",TRIPURA,24.0,5.2,7.06,146.0,1.5,1.5,48.0,240.0,2024,0.28790786948176583,124.80000000000001,1.4740000000000002,5.68,Safe
3406.0,"RIVER GUMTI AT RAJDHARNAGAR, SOUTH TRIPURA",TRIPURA,24.5,5.2,6.95,129.0,1.1,0.9,41.0,120.0,2024,0.21113243761996164,127.4,1.0095,3.62,Safe
3407.0,"RIVER GUMTI AT AMARPUR, SOUTH TRIPURA",TRIPURA,24.0,5.4,7.02,124.0,1.1,0.9,38.0,110.0,2024,0.20332717190388172,129.60000000000002,0.98,3.47,Safe
3408.0,"RIVER GUMTI AT THIRTHAMUKH, SOUTH TRIPURA",TRIPURA,24.0,5.3,7.01,121.0,1.1,0.9,38.0,110.0,2024,0.20715630885122413,127.19999999999999,0.974,3.44,Safe
3409.0,"RIVER GUMTI AT SUBHAS SETU, DHAJANAGAR, D/S UD",TRIPURA,24.5,5.2,7.05,129.0,1.1,1.1,38.0,110.0,2024,0.21113243761996164,127.4,1.03,3.72,Safe
3410.0,"RIVER FENI AT SABROOM (INTERSTATE BOUNDARY), S",TRIPURA,24.0,5.3,6.93,125.0,1.1,1.0,38.0,110.0,2024,0.20715630885122413,127.19999999999999,1.002,3.58,Safe
3411.0,"RIVER FENI AT CHOTOKHIL BATTALA, SOUTH TRIPURA",TRIPURA,24.0,5.3,7.11,121.0,1.1,1.0,33.0,94.0,2024,0.20715630885122413,127.19999999999999,0.9625,3.38,Safe
3412.0,"RIVER MUHARI AT BANKAR (INTERSTATE BOUNDRY), B",TRIPURA,24.0,5.5,6.91,125.0,1.2,0.9,39.0,110.0,2024,0.2177858439201452,132.0,1.0135,3.64,Safe
3413.0,"RIVER MUHARI AT MUHARICHAR, SOUTH TRIPURA",TRIPURA,24.5,5.4,7.02,121.0,1.2,0.8,39.0,110.0,2024,0.22181146025878,132.3,0.9855,3.5,Safe
3414.0,"RIVER DHALAI AT CHANDRAIPARA, D/S OF AMBASSA T",TRIPURA,24.0,5.3,6.91,122.0,1.1,0.8,38.0,110.0,2024,0.20715630885122413,127.19999999999999,0.956,3.35,Safe
3415.0,"RIVER DHALAI AT KAMALPUR D/S, DHALAI",TRIPURA,23.5,5.4,6.71,110.0,1.1,0.6,38.0,110.0,2024,0.20332717190388172,126.9,0.8920000000000001,3.02,Safe
3416.0,"RIVER DHALAI AT MANIK BHANDHER, DHALAI",TRIPURA,23.5,5.5,6.81,120.0,1.1,0.8,41.0,110.0,2024,0.19963702359346644,129.25,0.9565,3.35,Safe
3420.0,RIVER LONGAI AT DAMCHERRA (INTERSTATE BOUNDR,TRIPURA,23.0,5.4,6.79,115.0,1.1,0.6,38.0,94.0,2024,0.20332717190388172,124.2,0.8779999999999999,2.95,Safe
3421.0,"RIVER JURI AT KRISHNAPUR, D/S OF DHARMANAGAR,",TRIPURA,23.5,5.5,6.75,118.0,1.1,0.8,38.0,110.0,2024,0.19963702359346644,129.25,0.948,3.31,Safe
3422.0,"RIVER DEO AT PECHARTHAL D/S, NORTH TRIPURA",TRIPURA,23.5,5.3,6.89,118.0,1.1,0.7,38.0,110.0,2024,0.20715630885122413,124.55,0.9279999999999999,3.21,Safe
4219.0,RIVER DEO AT SANTIPUR,TRIPURA,25.0,5.4,7.01,127.0,1.2,0.8,39.0,110.0,2024,0.22181146025878,135.0,0.9975,3.56,Safe
4220.0,RIVER DEO AT SUBASH NAGAR,TRIPURA,25.5,5.2,6.13,117.0,1.2,0.8,39.0,110.0,2024,0.23032629558541265,132.6,0.9775,3.46,Safe
4640.0,"RIVER HAORA AT BORDOWALI, HAORA",TRIPURA,24.5,5.1,6.78,134.0,1.3,1.0,58.0,210.0,2024,0.2544031311154599,124.94999999999999,1.26,4.79,Safe
4645.0,RIVER CHELIKHOLA D/S OF BURIGAON,TRIPURA,24.5,5.4,6.88,115.0,1.2,0.8,48.0,170.0,2024,0.22181146025878,132.3,1.077,3.95,Safe
4646.0,RIVER GOLAGHATI U/S OF BURIGAON RIVER,TRIPURA,25.0,5.1,7.19,135.0,1.2,0.8,48.0,210.0,2024,0.23483365949119375,127.49999999999999,1.177,4.41,Safe
4654.0,RIVER JURI AT CHAMTALI,TRIPURA,24.0,5.2,6.89,119.0,1.1,0.8,39.0,130.0,2024,0.21113243761996164,124.80000000000001,0.9815,3.48,Safe
4655.0,RIVER DEO AT KANCHANPUR,TRIPURA,24.0,5.2,6.67,134.0,1.2,0.8,41.0,130.0,2024,0.23032629558541265,124.80000000000001,1.0445,3.79,Safe
4438.0,RIVER BEAS D/S NADAUN TOWN AFTER CONFLUENCE OF MAAN KHAD,HIMACHAL PRADESH,8.0,6.3,7.5,144.0,1.0,0.32,26.0,84.0,2024,0.1584786053882726,50.4,0.817,2.62,Safe
1008.0,RIVER BEAS AT D/S DEHRAGOPIPUR,HIMACHAL PRADESH,12.0,6.7,7.3,152.0,1.0,0.56,2.0,39.0,2024,0.14903129657228018,80.4,0.7775000000000001,2.4,Safe
30083.0,RIVER BEAS AT TALWARA (PONG DAM),HIMACHAL PRADESH,17.0,7.4,8.0,200.0,1.0,0.32,2.0,11.0,2024,0.1349527665317139,125.80000000000001,0.7835,2.43,Safe
1292.0,"RIVER BEAS AT PONG DAM ,PONG VILLAGE",HIMACHAL PRADESH,9.0,6.8,7.6,144.0,1.0,0.46,11.0,120.0,2024,0.14684287812041116,61.199999999999996,0.8764999999999998,2.94,Safe
1009.0,RIVER BEAS AT D/S PONG DAM,HIMACHAL PRADESH,10.0,4.2,7.3,153.0,1.0,0.3,23.0,280.0,2024,0.23752969121140144,42.0,1.1205,4.15,Safe
1693.0,"RIVER BEAS AT TALWARA H/W, PUNJAB",PUNJAB,7.0,7.8,7.3,191.0,1.0,0.3,17.0,70.0,2024,0.12804097311139565,54.6,0.8724999999999999,2.92,Safe
30084.0,"RIVER BEAS AT D/S CHANGARWA VILLAGE, (PUNJAB)",PUNJAB,16.0,7.0,7.8,199.0,1.0,0.32,490.0,490.0,2024,0.14265335235378032,112.0,2.2319999999999998,8.34,Safe
1010.0,"RIVER BEAS AT MIRTHAL BRIDGE, GURDASPUR",PUNJAB,7.0,7.5,7.4,240.0,1.2,0.3,26.0,110.0,2024,0.15978695073235685,52.5,1.1039999999999999,4.08,Safe
1694.0,"RIVER BEAS AT U/S PATHANKOT, PUNJAB",PUNJAB,7.0,7.6,7.4,242.0,1.1,0.3,31.0,120.0,2024,0.14454664914586074,53.199999999999996,1.1005,4.06,Safe
1695.0,"RIVER BEAS D/S PATHANKOT, PUNJAB",PUNJAB,7.0,7.4,7.3,243.0,1.0,0.3,58.0,170.0,2024,0.1349527665317139,51.800000000000004,1.1880000000000002,4.46,Safe
1294.0,"RIVER BEAS AT 1KM.D/S OF EFFL. DISH. POINT AT MUKERIAN , PUNJAB",PUNJAB,11.0,7.6,7.4,244.0,1.0,0.31,110.0,280.0,2024,0.1314060446780552,83.6,1.4349999999999998,5.53,Safe
4164.0,"RIVER BEAS RIVER, NR VILL KIRI AFGHANA, TEHSIL BATALA, GURDASPUR",PUNJAB,11.0,7.5,7.3,226.0,1.0,0.3,70.0,220.0,2024,0.13315579227696406,82.5,1.2469999999999999,4.73,Safe
1011.0,RIVER BEAS AT G.T.ROAD UNDER BDG. NEAR KAPURTHALA,PUNJAB,11.0,7.4,5.0,215.0,1.2,0.3,110.0,280.0,2024,0.16194331983805668,81.4,1.4349999999999998,5.53,Safe
1696.0,"RIVER BEAS U/S GOINDWAL, PUNJAB",PUNJAB,11.0,8.1,7.4,214.0,1.0,0.3,78.0,250.0,2024,0.12330456226880396,89.1,1.28,4.87,Safe
1012.0,RIVER BEAS AT 100M D/S INDUST. DISCH. GOINDWAL,PUNJAB,11.0,7.7,7.6,215.0,1.1,0.3,110.0,260.0,2024,0.14267185473411156,84.7,1.375,5.28,Safe
5504.0,River Beas at  Karmowala  village,PUNJAB,18.0,8.5,7.3,266.0,1.4,0.65,140.0,470.0,2024,0.1645123384253819,153.0,1.9969999999999999,7.59,Safe
5505.0,River Beas at  Chamba Kalan,PUNJAB,18.0,8.6,7.3,252.0,1.3,0.62,110.0,260.0,2024,0.15098722415795587,154.79999999999998,1.573,6.07,Safe
5506.0,River Beas at Kamboh Dahiwala,PUNJAB,18.0,8.4,7.2,252.0,1.4,0.6,93.0,220.0,2024,0.16646848989298452,151.20000000000002,1.5135,5.84,Safe
1697.0,"RIVER BEAS AT HARIKE, PUNJAB",PUNJAB,12.0,7.9,7.5,210.0,1.0,0.3,110.0,280.0,2024,0.1264222503160556,94.80000000000001,1.365,5.24,Safe
3125,,BIHAR,14.0,7.3,7.4,159.0,1.0,0.3,790.0,1300.0,2024,0.13679890560875513,102.2,3.8129999999999997,12.3,Safe
2568,,BIHAR,12.0,7.4,7.4,224.0,1.0,0.3,1700.0,3300.0,2024,0.1349527665317139,88.80000000000001,8.308,18.85,Safe
10163,,BIHAR,12.0,6.6,7.1,228.0,1.0,0.3,240.0,540.0,2024,0.15128593040847202,79.19999999999999,1.986,7.55,Safe
10126,,BIHAR,12.0,6.0,7.2,231.0,1.0,0.3,330.0,490.0,2024,0.1663893510815308,72.0,2.052,7.77,Safe
1078,,BIHAR,10.0,6.4,7.0,232.0,1.0,0.3,130.0,230.0,2024,0.15600624024961,64.0,1.3639999999999999,5.23,Safe
1820,,BIHAR,17.0,0.5,7.2,356.0,2.0,0.3,3300.0,4900.0,2024,3.9215686274509802,8.5,13.672,23.37,Safe
2575,,BIHAR,16.0,3.4,7.3,268.0,1.8,0.3,2800.0,3500.0,2024,0.527859237536657,54.4,10.586,21.02,Safe
3134,,BIHAR,15.0,5.1,7.0,284.0,1.8,0.3,4900.0,7900.0,2024,0.35225048923679064,76.5,20.368000000000002,27.1,Moderate
4291,,BIHAR,16.0,1.5,7.1,291.0,1.6,0.3,4900.0,7000.0,2024,1.0596026490066226,24.0,18.972,26.43,Moderate
2562,,BIHAR,13.0,6.3,7.0,223.0,1.0,0.3,330.0,490.0,2024,0.1584786053882726,81.89999999999999,2.036,7.72,Safe
2570,,BIHAR,15.0,7.3,7.1,208.0,1.0,0.3,1300.0,5400.0,2024,0.13679890560875513,109.5,10.826,21.23,Safe
3124,,BIHAR,13.0,6.7,7.3,209.0,1.0,0.3,45.0,78.0,2024,0.14903129657228018,87.10000000000001,0.9625,3.38,Safe
4295,,BIHAR,15.0,7.0,7.2,139.0,1.0,0.3,68.0,110.0,2024,0.14265335235378032,105.0,0.9049999999999999,3.09,Safe
Station Code,,State,21.0,5.7,7.2,232.0,1.0,0.4,11.0,90.0,2024,0.17513134851138354,119.7,0.9954999999999999,3.55,Safe
4300,,BIHAR,15.0,6.1,7.5,297.0,1.4,0.3,450.0,780.0,2024,0.2291325695581015,91.5,2.919,10.25,Safe
4403,,BIHAR,15.0,6.4,7.5,274.0,1.0,0.3,790.0,1100.0,2024,0.15600624024961,96.0,3.743,12.15,Safe
1822,,BIHAR,15.0,0.3,7.0,440.0,3.0,0.3,330.0,940.0,2024,9.67741935483871,4.5,3.745,12.15,Safe
3136,,BIHAR,15.0,0.3,7.1,467.0,3.0,0.3,490.0,700.0,2024,9.67741935483871,4.5,3.6790000000000003,12.01,Safe
2558,,BIHAR,16.0,0.5,7.3,263.0,1.5,0.3,4900.0,7000.0,2024,2.941176470588235,8.0,18.886,26.39,Moderate
3126,,BIHAR,16.0,6.7,7.4,268.0,1.1,0.3,490.0,790.0,2024,0.1639344262295082,107.2,2.846,10.07,Safe
2566,,BIHAR,14.0,6.0,7.0,168.0,1.3,0.3,2.0,2.0,2024,0.21630615640599002,84.0,0.792,2.48,Safe
3137,,BIHAR,14.0,7.5,7.1,193.0,1.0,0.3,2.0,2.0,2024,0.13315579227696406,105.0,0.752,2.26,Safe
2565,,BIHAR,14.0,7.0,7.2,137.0,1.0,0.3,79.0,130.0,2024,0.14265335235378032,98.0,0.9475,3.31,Safe
1821,,BIHAR,12.0,2.5,7.4,235.0,1.6,0.3,2.0,2.0,2024,0.6374501992031874,30.0,1.0159999999999998,3.65,Safe
2560,,BIHAR,21.0,3.9,7.3,281.0,1.6,0.3,790.0,1100.0,2024,0.40920716112531974,81.89999999999999,3.937,12.55,Safe
2561,,BIHAR,13.0,5.6,7.3,279.0,1.1,0.3,2.0,2.0,2024,0.19607843137254904,72.8,0.9540000000000001,3.34,Safe
3129,,BIHAR,12.0,5.9,7.4,301.0,1.3,0.3,220.0,350.0,2024,0.21996615905245348,70.80000000000001,1.907,7.29,Safe
4292,,BIHAR,21.0,3.5,7.4,309.0,1.3,0.3,13.0,23.0,2024,0.3703703703703704,73.5,1.122,4.16,Safe
4397,,BIHAR,12.0,3.1,7.1,170.0,1.4,0.3,2400.0,3500.0,2024,0.45016077170418006,37.2,9.67,20.2,Safe
1823,,BIHAR,16.0,5.5,7.2,220.0,1.2,0.3,540.0,920.0,2024,0.2177858439201452,88.0,3.05,10.58,Safe
4405,,BIHAR,16.0,5.8,7.0,238.0,1.0,0.3,130.0,170.0,2024,0.17211703958691912,92.8,1.286,4.9,Safe
2559,,BIHAR,16.0,0.3,6.8,284.0,2.0,0.3,7900.0,22000.0,2024,6.451612903225807,4.8,46.078,34.95,Moderate
3130,,BIHAR,16.0,0.3,7.0,258.0,2.0,0.3,1300.0,2400.0,2024,6.451612903225807,4.8,6.725999999999999,17.0,Safe
3132,,BIHAR,19.0,7.2,5.6,226.0,1.0,0.3,790.0,1400.0,2024,0.13869625520110956,136.8,4.0969999999999995,12.86,Safe
3135,,BIHAR,12.0,6.9,7.3,257.0,1.0,0.3,2.0,2.0,2024,0.1447178002894356,82.80000000000001,0.88,2.96,Safe
2563,,BIHAR,19.0,7.2,7.3,222.0,1.3,0.3,170.0,320.0,2024,0.18030513176144244,136.8,1.629,6.29,Safe
3131,,BIHAR,19.0,7.4,7.3,194.0,1.0,0.3,140.0,210.0,2024,0.1349527665317139,140.6,1.273,4.84,Safe
4402,,BIHAR,19.0,7.1,7.5,212.0,1.0,0.3,330.0,490.0,2024,0.1406469760900141,134.9,2.014,7.65,Safe
2555,,BIHAR,18.0,0.3,7.1,245.0,1.6,0.3,540.0,1600.0,2024,5.161290322580646,5.3999999999999995,4.24,13.14,Safe
3119,,BIHAR,18.0,6.9,7.5,288.0,1.0,0.3,2.0,2.0,2024,0.1447178002894356,124.2,0.942,3.28,Safe
3120,,BIHAR,18.0,6.2,7.4,304.0,1.3,0.3,1400.0,2300.0,2024,0.20933977455716588,111.60000000000001,6.6080000000000005,16.84,Safe
4406,,BIHAR,18.0,6.5,7.1,222.0,1.0,0.3,3500.0,5400.0,2024,0.15360983102918588,117.0,14.154,23.69,Safe
4293,,BIHAR,15.0,4.7,7.2,250.0,1.4,0.3,3500.0,5400.0,2024,0.29723991507430997,70.5,14.33,23.8,Safe
4294,,BIHAR,15.0,3.0,7.2,265.0,1.5,0.3,700.0,940.0,2024,0.49833887043189373,45.0,3.5,11.63,Safe
4399,,BIHAR,15.0,6.5,7.4,231.0,1.3,0.3,4900.0,7000.0,2024,0.19969278033794163,97.5,18.762,26.33,Moderate
4400,,BIHAR,18.0,6.7,7.2,209.0,1.0,0.3,1700.0,3500.0,2024,0.14903129657228018,120.60000000000001,8.578,19.13,Safe
4401,,BIHAR,18.0,2.1,7.2,219.0,1.0,0.3,490.0,700.0,2024,0.47393364928909953,37.800000000000004,2.583,9.36,Safe
4404,,BIHAR,14.0,3.2,7.2,251.0,1.0,0.3,490.0,940.0,2024,0.3115264797507788,44.800000000000004,3.0069999999999997,10.47,Safe
1824,,BIHAR,15.0,7.2,7.2,158.0,1.0,0.3,1300.0,1700.0,2024,0.13869625520110956,108.0,5.176,14.77,Safe
2117,,MADHYA PRADESH,20.0,6.2,7.3,267.0,1.6,0.65,4.0,58.0,2024,0.25764895330112725,124.0,1.237,4.68,Safe
1433,,MADHYA PRADESH,16.0,7.0,7.0,128.0,1.4,0.7,2.0,12.0,2024,0.19971469329529243,112.0,0.837,2.73,Safe
1075,,BIHAR,15.0,7.3,7.3,141.0,1.0,0.3,1300.0,1700.0,2024,0.13679890560875513,109.5,5.1419999999999995,14.72,Safe
3127,,BIHAR,15.0,7.8,7.2,180.0,1.0,0.3,2400.0,3500.0,2024,0.12804097311139565,117.0,9.57,20.11,Safe
4913,,BIHAR,17.0,6.5,7.0,135.0,1.1,0.3,490.0,790.0,2024,0.16897081413210446,110.5,2.58,9.36,Safe
3128,,BIHAR,17.0,6.8,7.3,113.0,1.0,0.3,110.0,170.0,2024,0.14684287812041116,115.6,1.006,3.6,Safe
4298,,BIHAR,17.0,7.2,7.1,111.0,1.0,0.3,17.0,22.0,2024,0.13869625520110956,122.4,0.6405000000000001,1.6,Safe
2556,,BIHAR,17.0,7.2,7.3,116.0,1.0,0.3,45.0,68.0,2024,0.13869625520110956,122.4,0.7615,2.31,Safe
4407,,BIHAR,16.0,7.1,7.3,104.0,1.0,0.3,13.0,23.0,2024,0.1406469760900141,113.6,0.622,1.49,Safe
3121,,BIHAR,18.0,7.2,7.1,123.0,1.0,0.3,45.0,78.0,2024,0.13869625520110956,129.6,0.7905,2.47,Safe
30081,,UTTAR PRADESH,18.0,7.0,7.1,128.0,1.0,0.32,2.0,6800.0,2024,0.14265335235378032,126.0,10.822999999999999,21.22,Safe
30082,,MADHYA PRADESH,18.0,7.5,7.5,117.0,1.0,0.32,2.0,2000.0,2024,0.13315579227696406,135.0,3.601,11.85,Safe
4604,,MADHYA PRADESH,21.0,7.0,7.3,288.0,1.2,0.88,2.0,41.0,2024,0.17118402282453637,147.0,1.1764999999999999,4.41,Safe
3834,,MADHYA PRADESH,27.0,7.5,8.4,590.0,2.3,4.14,2.0,75.0,2024,0.3062583222370173,202.5,2.8135,9.98,Safe
3836,,MADHYA PRADESH,30.0,6.5,8.6,492.0,2.8,1.77,2.0,49.0,2024,0.43010752688172044,195.0,2.2545,8.41,Safe
3851,,MADHYA PRADESH,22.0,7.2,7.2,298.0,1.2,0.81,2.0,43.0,2024,0.16643550624133147,158.4,1.1854999999999998,4.45,Safe
3329,,MADHYA PRADESH,21.0,7.0,7.2,292.0,1.2,0.91,2.0,33.0,2024,0.17118402282453637,147.0,1.1784999999999999,4.42,Safe
3852,,MADHYA PRADESH,19.0,7.2,7.7,279.0,1.0,0.84,2.0,40.0,2024,0.13869625520110956,136.8,1.089,4.0,Safe
1612,,MADHYA PRADESH,21.0,6.9,7.3,191.0,1.0,0.32,2.0,27.0,2024,0.1447178002894356,144.9,0.7895,2.47,Safe
1371,,MADHYA PRADESH,20.0,6.9,6.9,219.0,1.2,0.32,2.0,31.0,2024,0.1736613603473227,138.0,0.9115,3.12,Safe
3846,,MADHYA PRADESH,20.0,6.8,6.8,213.0,1.0,0.32,2.0,37.0,2024,0.14684287812041116,136.0,0.8485,2.79,Safe
3327,,MADHYA PRADESH,20.0,6.7,7.2,241.0,1.1,0.35,2.0,37.0,2024,0.1639344262295082,134.0,0.9405000000000001,3.27,Safe
1142,,MADHYA PRADESH,20.0,6.8,7.1,211.0,1.2,0.32,2.0,31.0,2024,0.1762114537444934,136.0,0.8955,3.04,Safe
1610,,MADHYA PRADESH,20.0,6.7,6.5,178.0,1.0,0.32,2.0,2.0,2024,0.14903129657228018,134.0,0.726,2.11,Safe
1611,,MADHYA PRADESH,20.0,1.4,7.5,206.0,1.1,0.32,2.0,31.0,2024,0.7801418439716313,28.0,0.8555,2.83,Safe
2116,,MADHYA PRADESH,20.0,6.8,7.6,262.0,1.4,0.89,2.0,43.0,2024,0.2055800293685756,136.0,1.1894999999999998,4.47,Safe
1608,,MADHYA PRADESH,16.0,7.2,6.6,300.0,1.6,0.51,2.0,12.0,2024,0.22191400832177532,115.2,1.2029999999999998,4.53,Safe
3306,,MADHYA PRADESH,21.0,7.0,7.2,340.0,1.2,0.53,2.0,23.0,2024,0.17118402282453637,147.0,1.1834999999999998,4.44,Safe
3307,,MADHYA PRADESH,20.0,7.1,7.2,305.0,1.2,0.36,2.0,24.0,2024,0.1687763713080169,142.0,1.081,3.97,Safe
3311,,MADHYA PRADESH,18.0,6.9,7.0,274.0,1.2,0.32,2.0,34.0,2024,0.1736613603473227,124.2,1.026,3.7,Safe
2396,,JHARKHAND,9.0,5.4,6.5,232.0,2.0,0.4,11.0,90.0,2024,0.36968576709796674,48.6,1.2954999999999999,4.94,Safe
4085,,JHARKHAND,10.0,3.4,6.5,232.0,1.6,0.4,11.0,90.0,2024,0.4692082111436951,34.0,1.1755,4.41,Safe
2401,,JHARKHAND,17.0,6.2,7.3,104.0,1.1,0.4,11.0,90.0,2024,0.17713365539452497,105.4,0.7695000000000001,2.36,Safe
2390,,JHARKHAND,15.0,7.6,7.4,232.0,1.0,0.4,11.0,90.0,2024,0.1314060446780552,114.0,0.9954999999999999,3.55,Safe
3554,,JHARKHAND,19.0,7.2,7.3,232.0,1.2,0.4,11.0,90.0,2024,0.16643550624133147,136.8,1.0554999999999999,3.84,Safe
4000,,JHARKHAND,18.0,6.2,7.2,232.0,1.8,0.4,11.0,90.0,2024,0.2898550724637681,111.60000000000001,1.2355,4.68,Safe
2381,,JHARKHAND,19.0,7.2,7.3,232.0,1.4,0.4,11.0,90.0,2024,0.1941747572815534,136.8,1.1155,4.13,Safe
4490,,JHARKHAND,17.0,6.5,7.2,116.0,1.1,0.4,11.0,90.0,2024,0.16897081413210446,110.5,0.7935,2.49,Safe
4745,,JHARKHAND,18.0,4.4,6.6,238.0,2.2,0.4,11.0,90.0,2024,0.4988662131519275,79.2,1.3675,5.25,Safe
4747,,JHARKHAND,19.0,6.6,7.3,190.0,1.0,0.4,11.0,90.0,2024,0.15128593040847202,125.39999999999999,0.9115,3.12,Safe
2567,,BIHAR,15.0,7.1,7.1,209.0,1.0,0.3,2.0,2.0,2024,0.1406469760900141,106.5,0.784,2.44,Safe
2569,,BIHAR,13.0,6.4,7.3,178.0,1.3,0.3,2200.0,2800.0,2024,0.20280811232449297,83.2,8.306000000000001,18.85,Safe
3133,,BIHAR,16.0,6.8,7.0,240.0,1.2,0.3,130.0,170.0,2024,0.1762114537444934,108.8,1.35,5.17,Safe
4299,,BIHAR,17.0,6.2,7.4,211.0,1.1,0.3,33.0,49.0,2024,0.17713365539452497,105.4,0.935,3.24,Safe
2572,,BIHAR,15.0,7.3,7.1,82.0,1.0,0.3,140.0,260.0,2024,0.13679890560875513,109.5,1.124,4.17,Safe
Station Code,,State,21.0,5.7,7.2,232.0,1.0,0.4,11.0,90.0,2024,0.17513134851138354,119.7,0.9954999999999999,3.55,Safe
1336,,WEST BENGAL,20.0,7.4,6.4,179.0,2.2,0.51,1100.0,2200.0,2024,0.2968960863697706,148.0,6.07,16.12,Safe
2392,,JHARKHAND,16.0,7.4,7.4,232.0,1.3,0.4,11.0,90.0,2024,0.17543859649122806,118.4,1.0855,3.99,Safe
1331,,WEST BENGAL,21.0,7.4,6.7,191.0,1.8,0.33,1100.0,1700.0,2024,0.242914979757085,155.4,5.188,14.79,Safe
1332,,WEST BENGAL,21.0,7.3,7.0,213.0,2.0,0.69,1400.0,1700.0,2024,0.27359781121751026,153.29999999999998,5.814,15.75,Safe
1333,,WEST BENGAL,19.0,7.3,7.5,219.0,2.0,0.86,1400.0,2100.0,2024,0.27359781121751026,138.7,6.46,16.65,Safe
1334,,WEST BENGAL,18.0,6.6,7.1,205.0,2.4,0.3,1100.0,2100.0,2024,0.3630862329803328,118.8,5.99,16.0,Safe
2382,,JHARKHAND,17.0,7.4,7.4,232.0,1.6,0.4,11.0,90.0,2024,0.21592442645074225,125.80000000000001,1.1755,4.41,Safe
2383,,JHARKHAND,21.0,7.5,7.3,232.0,1.8,0.4,11.0,90.0,2024,0.2396804260985353,157.5,1.2355,4.68,Safe
2384,,JHARKHAND,23.0,7.3,7.4,232.0,1.6,0.4,11.0,90.0,2024,0.21887824897400823,167.9,1.1755,4.41,Safe
2391,,JHARKHAND,17.0,7.2,7.3,232.0,1.4,0.4,11.0,90.0,2024,0.1941747572815534,122.4,1.1155,4.13,Safe
2527,,WEST BENGAL,15.0,7.3,7.0,186.0,2.0,0.45,930.0,1100.0,2024,0.27359781121751026,109.5,4.106999999999999,12.88,Safe
3553,,JHARKHAND,18.0,7.2,7.5,232.0,1.9,0.4,11.0,90.0,2024,0.2635228848821082,129.6,1.2654999999999998,4.81,Safe
3555,,JHARKHAND,18.0,7.4,7.5,232.0,1.4,0.4,11.0,90.0,2024,0.18893387314439944,133.20000000000002,1.1155,4.13,Safe
3556,,JHARKHAND,19.0,7.4,7.2,232.0,1.4,0.4,11.0,90.0,2024,0.18893387314439944,140.6,1.1155,4.13,Safe
3557,,JHARKHAND,18.0,7.4,7.3,232.0,1.5,0.4,11.0,90.0,2024,0.20242914979757085,133.20000000000002,1.1455,4.27,Safe
4083,,JHARKHAND,10.0,7.0,6.6,232.0,2.0,0.4,11.0,90.0,2024,0.28530670470756064,70.0,1.2954999999999999,4.94,Safe
30066,,JHARKHAND,25.0,7.3,6.4,205.0,1.0,0.32,130.0,780.0,2024,0.13679890560875513,182.5,2.1390000000000002,8.05,Safe
30065,,WEST BENGAL,20.0,7.1,7.3,164.0,1.0,0.32,170.0,780.0,2024,0.1406469760900141,142.0,2.117,7.98,Safe
10107,,WEST BENGAL,19.0,7.2,7.4,272.0,2.2,0.62,1400.0,2100.0,2024,0.3051317614424411,136.8,6.577999999999999,16.8,Safe
10108,,WEST BENGAL,19.0,7.1,7.3,252.0,2.1,0.78,1100.0,2200.0,2024,0.2953586497890296,134.9,6.24,16.35,Safe
10109,,WEST BENGAL,19.0,7.4,7.3,185.0,1.6,0.7,1300.0,1700.0,2024,0.21592442645074225,140.6,5.49,15.26,Safe
10110,,WEST BENGAL,19.0,7.2,7.4,251.0,2.1,0.65,1100.0,1700.0,2024,0.29126213592233013,136.8,5.462,15.22,Safe
10111,,WEST BENGAL,18.0,7.1,7.3,313.0,2.0,0.85,1700.0,2200.0,2024,0.2812939521800282,127.8,7.2459999999999996,17.64,Safe
4738,,JHARKHAND,20.0,7.0,7.3,232.0,2.2,0.4,11.0,90.0,2024,0.3138373751783167,140.0,1.3555,5.2,Safe
4739,,JHARKHAND,17.0,6.0,7.2,232.0,1.8,0.4,11.0,90.0,2024,0.2995008319467554,102.0,1.2355,4.68,Safe
4742,,JHARKHAND,19.0,7.0,7.0,196.0,1.0,0.4,11.0,90.0,2024,0.14265335235378032,133.0,0.9235,3.18,Safe
2517,,WEST BENGAL,22.0,1.2,6.6,258.0,2.3,0.35,17000.0,49000.0,2024,1.9008264462809916,26.4,100.276,42.56,Moderate
30064,,WEST BENGAL,20.0,0.3,7.1,238.0,3.0,0.32,2800.0,79000.0,2024,9.67741935483871,6.0,124.14,44.66,Moderate
1764,,WEST BENGAL,21.0,1.6,6.8,318.0,2.1,0.3,9400.0,33000.0,2024,1.3043478260869565,33.6,64.926,38.29,Moderate
2518,,WEST BENGAL,21.0,1.3,6.7,257.0,2.3,0.3,2400.0,13000.0,2024,1.7557251908396945,27.3,24.364,28.81,Moderate
2541,,WEST BENGAL,19.0,7.3,7.3,234.0,2.0,0.3,1700.0,2100.0,2024,0.27359781121751026,138.7,6.827999999999999,17.13,Safe
2514,,WEST BENGAL,21.0,1.9,7.0,300.0,1.8,0.3,2200.0,7900.0,2024,0.9424083769633509,39.9,16.35,25.03,Moderate
1337,,WEST BENGAL,22.0,5.0,7.7,441.0,1.0,0.3,3300.0,7000.0,2024,0.1996007984031936,110.0,16.692,25.23,Moderate
2509,,WEST BENGAL,20.0,5.2,7.4,222.0,1.1,0.3,2300.0,4600.0,2024,0.21113243761996164,104.0,11.184,21.52,Safe
2531,,WEST BENGAL,18.0,1.2,7.2,179.0,2.5,0.42,1700.0,3400.0,2024,2.066115702479339,21.599999999999998,8.841999999999999,19.4,Safe
2532,,WEST BENGAL,18.0,3.5,6.9,168.0,2.7,0.66,2100.0,3900.0,2024,0.7692307692307693,63.0,10.277999999999999,20.75,Safe
2549,,WEST BENGAL,18.0,0.3,7.2,570.0,6.2,0.64,7800.0,33000.0,2024,20.0,5.3999999999999995,64.328,38.2,Moderate
2550,,WEST BENGAL,20.0,0.6,7.1,1029.0,4.4,0.51,6800.0,11000.0,2024,7.213114754098362,12.0,30.18,30.86,Moderate
2507,,WEST BENGAL,16.0,5.3,6.8,209.0,1.3,0.3,2200.0,4600.0,2024,0.24482109227871943,84.8,11.068,21.43,Safe
2525,,WEST BENGAL,21.0,2.3,6.7,114.0,5.8,0.3,50000.0,160000.0,2024,2.510822510822511,48.3,317.028,53.93,Risky
1946,,WEST BENGAL,21.0,5.4,6.5,97.0,1.0,0.3,13000.0,30000.0,2024,0.18484288354898337,113.4,65.054,38.31,Moderate
4727,,WEST BENGAL,16.0,6.0,6.4,53.0,1.0,0.3,2300.0,5000.0,2024,0.1663893510815308,96.0,11.416,21.71,Safe
4722,,WEST BENGAL,17.0,6.1,6.5,43.0,1.0,0.3,2300.0,8000.0,2024,0.16366612111292964,103.69999999999999,15.896,24.77,Safe
2508,,WEST BENGAL,20.0,5.2,7.0,186.0,1.2,0.3,3300.0,7000.0,2024,0.23032629558541265,104.0,16.242,24.97,Safe
2534,,WEST BENGAL,16.0,7.2,7.0,153.0,1.6,0.3,1400.0,1700.0,2024,0.22191400832177532,115.2,5.496,15.27,Safe
4710,,WEST BENGAL,21.0,5.1,7.4,544.0,1.0,0.3,4900.0,11000.0,2024,0.19569471624266147,107.1,25.298000000000002,29.16,Moderate
4711,,WEST BENGAL,22.0,5.1,7.5,1427.0,1.2,0.3,2200.0,7000.0,2024,0.23483365949119375,112.19999999999999,17.073999999999998,25.44,Moderate
2950,,RAJASTHAN,20.0,5.0,7.2,358.0,1.0,1.87,2.0,4.0,2024,0.1996007984031936,100.0,1.399,5.38,Safe
2951,,RAJASTHAN,16.0,5.3,7.8,342.0,1.0,0.62,130.0,170.0,2024,0.18832391713747648,84.8,1.5580000000000003,6.02,Safe
4167,,RAJASTHAN,21.0,5.3,7.6,334.0,1.6,1.12,130.0,210.0,2024,0.30131826741996237,111.3,1.882,7.2,Safe
2952,,RAJASTHAN,15.0,1.0,8.3,538.0,9.0,1.43,46.0,430.0,2024,8.910891089108912,15.0,4.775999999999999,14.11,Safe
4790,,RAJASTHAN,19.0,4.0,7.3,423.0,1.7,1.13,210.0,350.0,2024,0.4239401496259352,76.0,2.422,8.91,Safe
4770,,RAJASTHAN,22.0,5.3,7.3,239.0,1.7,1.37,120.0,280.0,2024,0.32015065913371,116.6,1.8619999999999999,7.13,Safe
5468,,RAJASTHAN,21.0,5.1,7.4,481.0,2.3,1.42,210.0,280.0,2024,0.45009784735812136,107.1,2.671,9.6,Safe
4172,,RAJASTHAN,21.0,4.8,7.3,728.0,2.8,2.54,49.0,110.0,2024,0.5821205821205822,100.8,3.0425000000000004,10.56,Safe
4175,,RAJASTHAN,19.0,3.9,7.2,914.0,2.2,2.44,48.0,100.0,2024,0.5626598465473147,74.1,3.1980000000000004,10.94,Safe
4804,,RAJASTHAN,19.0,3.6,7.0,819.0,2.1,2.19,48.0,110.0,2024,0.5817174515235457,68.4,2.943,10.31,Safe
4173,,RAJASTHAN,21.0,5.0,7.2,615.0,1.7,2.04,43.0,120.0,2024,0.33932135728542917,105.0,2.3925000000000005,8.82,Safe
4174,,RAJASTHAN,19.0,1.8,7.0,910.0,2.4,2.03,48.0,120.0,2024,1.3259668508287292,34.2,3.198,10.94,Safe
2945,,RAJASTHAN,20.0,4.9,7.7,253.0,1.0,0.92,130.0,210.0,2024,0.20366598778004072,98.0,1.5,5.79,Safe
2946,,RAJASTHAN,19.0,5.6,7.8,236.0,1.0,0.72,140.0,210.0,2024,0.17825311942959005,106.39999999999999,1.4409999999999998,5.55,Safe
4772,,RAJASTHAN,22.0,4.4,7.5,683.0,2.2,1.65,8.0,110.0,2024,0.4988662131519275,96.80000000000001,2.533,9.22,Safe
1262,,ASSAM,13.0,6.2,7.1,133.0,1.8,0.8,360.0,730.0,2024,0.2898550724637681,80.60000000000001,2.601,9.41,Safe
1526,,ASSAM,18.0,6.5,7.0,118.0,2.0,0.8,600.0,1100.0,2024,0.30721966205837176,117.0,3.546,11.73,Safe
1030,,ASSAM,19.0,5.3,6.9,108.0,2.0,0.7,360.0,910.0,2024,0.37664783427495296,100.7,2.8609999999999998,10.11,Safe
1031,,ASSAM,18.0,6.3,7.0,134.0,2.1,0.8,910.0,1900.0,2024,0.33280507131537246,113.39999999999999,5.273,14.93,Safe
1298,,ASSAM,16.0,5.2,7.2,98.0,1.8,0.8,360.0,730.0,2024,0.345489443378119,83.2,2.531,9.22,Safe
2069,,ASSAM,19.0,6.2,6.5,140.0,2.0,0.6,910.0,1600.0,2024,0.322061191626409,117.8,4.765000000000001,14.09,Safe
2064,,ASSAM,18.0,5.3,7.1,126.0,2.0,0.6,720.0,1400.0,2024,0.37664783427495296,95.39999999999999,4.152,12.97,Safe
2067,,ASSAM,18.0,7.3,7.0,110.0,2.0,0.6,720.0,1500.0,2024,0.27359781121751026,131.4,4.27,13.2,Safe
2066,,ASSAM,18.0,5.5,6.8,128.0,1.9,0.8,620.0,1500.0,2024,0.3448275862068966,99.0,4.166,13.0,Safe
3781,,ASSAM,17.0,5.8,7.0,120.0,2.0,0.6,730.0,1500.0,2024,0.34423407917383825,98.6,4.305,13.26,Safe
4004,,ASSAM,16.0,5.4,6.9,92.0,1.8,0.6,610.0,1400.0,2024,0.33271719038817005,86.4,3.859,12.39,Safe
5610,,ASSAM,16.0,5.4,7.0,128.0,2.0,0.7,360.0,910.0,2024,0.36968576709796674,86.4,2.901,10.21,Safe
5612,,ASSAM,17.0,5.6,7.2,96.0,2.0,0.6,620.0,1500.0,2024,0.3565062388591801,95.19999999999999,4.092,12.86,Safe
4717,,WEST BENGAL,15.0,6.0,7.0,68.0,1.0,0.3,2100.0,5000.0,2024,0.1663893510815308,90.0,11.146,21.49,Safe
4718,,WEST BENGAL,20.0,5.6,7.0,53.0,1.0,0.3,1100.0,2200.0,2024,0.17825311942959005,112.0,5.4159999999999995,15.15,Safe
1422,,ASSAM,20.0,5.0,7.0,126.0,1.8,0.6,620.0,1200.0,2024,0.3592814371257485,100.0,3.642,11.94,Safe
2062,,ASSAM,20.0,5.2,6.9,122.0,1.8,0.6,620.0,1300.0,2024,0.345489443378119,104.0,3.784,12.24,Safe
2230,,ASSAM,20.0,5.0,6.8,120.0,2.0,0.6,620.0,1200.0,2024,0.3992015968063872,100.0,3.6899999999999995,12.04,Safe
1796,,NAGALAND,19.0,6.8,7.0,39.0,1.5,0.5,11.0,90.0,2024,0.22026431718061676,129.2,0.7794999999999999,2.41,Safe
1797,,NAGALAND,19.0,6.7,6.8,63.0,1.4,0.5,11.0,90.0,2024,0.20864381520119224,127.3,0.7975,2.51,Safe
1800,,NAGALAND,17.0,5.3,6.8,134.0,2.0,0.4,11.0,90.0,2024,0.37664783427495296,90.1,1.0995,4.05,Safe
1798,,NAGALAND,19.0,6.6,7.0,110.0,1.4,0.4,11.0,90.0,2024,0.21180030257186083,125.39999999999999,0.8714999999999999,2.91,Safe
1799,,NAGALAND,16.0,6.3,6.8,52.0,1.6,0.5,11.0,90.0,2024,0.25356576862123614,100.8,0.8354999999999999,2.72,Safe
1928,,NAGALAND,20.0,6.3,6.8,120.0,1.4,0.4,11.0,90.0,2024,0.2218700475435816,126.0,0.8915,3.02,Safe
1259,,ASSAM,18.0,5.7,7.0,156.0,2.0,0.8,600.0,1300.0,2024,0.3502626970227671,102.60000000000001,3.9219999999999997,12.52,Safe
3764,,ASSAM,18.0,6.0,7.0,96.0,1.8,0.6,610.0,1300.0,2024,0.2995008319467554,108.0,3.7169999999999996,12.1,Safe
3792,,ASSAM,19.0,5.7,6.9,110.0,1.8,0.7,620.0,1300.0,2024,0.3152364273204904,108.3,3.7800000000000002,12.23,Safe
30070,,NAGALAND,22.0,6.8,7.2,114.0,1.0,0.32,2.0,100.0,2024,0.14684287812041116,149.6,0.745,2.22,Safe
30071,,NAGALAND,23.0,6.3,7.3,127.0,1.0,0.32,200.0,2400.0,2024,0.1584786053882726,144.9,4.518,13.65,Safe
30072,,NAGALAND,25.0,6.2,7.1,139.0,1.3,1.02,5400.0,6400.0,2024,0.20933977455716588,155.0,18.572,26.23,Moderate
30073,,ASSAM,23.0,4.7,7.2,86.0,1.6,1.1,1900.0,18300.0,2024,0.3397027600849257,108.10000000000001,31.172,31.17,Moderate
30074,,ASSAM,23.0,6.5,7.2,90.0,1.2,0.34,2100.0,12500.0,2024,0.18433179723502305,149.5,22.508,28.05,Moderate
1528,,ASSAM,19.0,0.3,7.0,388.0,26.8,1.6,2700.0,4200.0,2024,86.45161290322581,5.7,19.486,26.68,Moderate
3759,,ASSAM,18.0,5.0,6.8,120.0,2.0,0.6,600.0,1100.0,2024,0.3992015968063872,90.0,3.51,11.65,Safe
3786,,ASSAM,19.0,5.1,7.0,108.0,1.9,0.6,300.0,910.0,2024,0.3718199608610568,96.89999999999999,2.721,9.74,Safe
3807,,ASSAM,18.0,5.3,6.8,84.0,2.0,0.7,620.0,1300.0,2024,0.37664783427495296,95.39999999999999,3.7880000000000003,12.24,Safe
1530,,ASSAM,20.0,1.5,6.7,126.0,3.1,0.6,360.0,1100.0,2024,2.052980132450331,30.0,3.492,11.61,Safe
2231,,ASSAM,13.0,5.5,6.8,111.0,1.8,0.8,360.0,730.0,2024,0.3266787658802178,71.5,2.5570000000000004,9.29,Safe
3776,,ASSAM,18.0,5.6,6.8,120.0,1.8,0.8,730.0,1100.0,2024,0.3208556149732621,100.8,3.685,12.03,Safe
3778,,ASSAM,13.0,6.2,6.9,104.0,1.8,0.8,360.0,730.0,2024,0.2898550724637681,80.60000000000001,2.543,9.25,Safe
2524,,WEST BENGAL,16.0,6.5,6.9,88.0,1.0,0.3,1100.0,5000.0,2024,0.15360983102918588,104.0,9.686,20.22,Safe
2058,,ASSAM,20.0,5.3,6.8,80.0,2.0,0.8,360.0,910.0,2024,0.37664783427495296,106.0,2.825,10.01,Safe
4005,,ASSAM,13.0,5.4,6.7,102.0,1.8,0.9,300.0,730.0,2024,0.33271719038817005,70.2,2.4690000000000003,9.04,Safe
3763,,ASSAM,16.0,5.0,7.0,90.0,2.1,0.6,600.0,1100.0,2024,0.4191616766467066,80.0,3.48,11.58,Safe
4011,,ASSAM,17.0,5.0,6.8,116.0,2.3,0.8,730.0,1500.0,2024,0.4590818363273453,85.0,4.427,13.49,Safe
4012,,ASSAM,20.0,5.2,6.8,140.0,2.0,0.6,730.0,1400.0,2024,0.3838771593090211,104.0,4.195,13.05,Safe
4329,,ASSAM,17.0,5.1,7.2,101.0,2.1,0.7,300.0,940.0,2024,0.41095890410958913,86.69999999999999,2.832,10.03,Safe
4331,,ASSAM,20.0,5.2,6.7,124.0,2.3,0.6,360.0,910.0,2024,0.44145873320537427,104.0,2.963,10.36,Safe
4332,,ASSAM,16.0,5.5,6.9,114.0,1.7,0.7,360.0,910.0,2024,0.308529945553539,88.0,2.7830000000000004,9.9,Safe
4336,,ASSAM,19.0,5.8,6.8,89.0,1.7,0.7,730.0,1500.0,2024,0.29259896729776247,110.2,4.173,13.01,Safe
4341,,ASSAM,18.0,5.0,6.8,128.0,2.0,0.6,620.0,1400.0,2024,0.3992015968063872,90.0,4.006,12.69,Safe
2240,,ASSAM,20.0,5.2,7.0,103.0,2.1,0.6,730.0,1500.0,2024,0.4030710172744722,104.0,4.301,13.25,Safe
1423,,ASSAM,19.0,6.0,7.2,104.0,2.0,0.6,610.0,1200.0,2024,0.3327787021630616,114.0,3.643,11.94,Safe
4649,,TRIPURA,25.0,5.2,6.8,128.0,1.2,0.8,43.0,150.0,2024,0.23032629558541265,130.0,1.0655000000000001,3.89,Safe
4650,,TRIPURA,24.0,5.2,6.7,125.0,1.1,0.7,43.0,150.0,2024,0.21113243761996164,124.80000000000001,1.0095,3.62,Safe
2878,,MANIPUR,20.0,7.1,7.2,170.0,3.2,0.4,30.0,90.0,2024,0.45007032348804504,142.0,1.56,6.02,Safe
2242,,ASSAM,19.0,5.5,6.8,102.0,2.2,0.6,620.0,1100.0,2024,0.3992740471869329,104.5,3.564,11.77,Safe
2880,,MANIPUR,19.0,7.1,6.9,170.0,3.2,0.4,70.0,160.0,2024,0.45007032348804504,134.9,1.725,6.64,Safe
3107,,ARUNACHAL PRADESH,17.0,6.4,7.3,67.0,1.0,0.4,11.0,90.0,2024,0.15600624024961,108.80000000000001,0.6655,1.75,Safe
3095,,ARUNACHAL PRADESH,16.0,5.0,7.7,111.0,1.0,0.4,11.0,90.0,2024,0.1996007984031936,80.0,0.7535000000000001,2.26,Safe
3096,,ARUNACHAL PRADESH,20.0,4.3,6.8,147.0,1.0,0.32,2.0,2.0,2024,0.2320185614849188,86.0,0.6639999999999999,1.74,Safe
3777,,ASSAM,14.0,5.0,6.7,102.0,1.7,0.8,730.0,1500.0,2024,0.33932135728542917,70.0,4.219,13.1,Safe
3105,,ARUNACHAL PRADESH,20.0,7.0,2.0,121.0,1.0,0.4,11.0,90.0,2024,0.14265335235378032,140.0,0.7735,2.38,Safe
1261,,ASSAM,19.0,7.1,6.8,104.0,2.0,0.6,360.0,730.0,2024,0.2812939521800282,134.9,2.5629999999999997,9.31,Safe
3097,,ARUNACHAL PRADESH,19.0,6.8,7.2,85.0,1.0,0.4,11.0,90.0,2024,0.14684287812041116,129.2,0.7015,1.97,Safe
3098,,ARUNACHAL PRADESH,17.0,5.7,7.5,106.0,1.0,0.4,11.0,90.0,2024,0.17513134851138354,96.9,0.7435,2.21,Safe
4342,,ASSAM,18.0,5.3,6.8,127.0,2.0,0.6,620.0,1400.0,2024,0.37664783427495296,95.39999999999999,4.004,12.68,Safe
4343,,ASSAM,18.0,5.5,7.0,110.0,2.0,0.6,620.0,1400.0,2024,0.3629764065335753,99.0,3.9699999999999998,12.61,Safe
2888,,NAGALAND,19.0,6.9,7.0,96.0,1.5,0.4,11.0,90.0,2024,0.2170767004341534,131.1,0.8734999999999999,2.92,Safe
2891,,NAGALAND,16.0,6.6,7.1,140.0,1.5,0.5,11.0,90.0,2024,0.22692889561270804,105.6,0.9814999999999998,3.48,Safe
2889,,NAGALAND,14.0,7.1,7.3,80.0,1.4,0.4,11.0,90.0,2024,0.19690576652601968,99.39999999999999,0.8115,2.59,Safe
2892,,NAGALAND,16.0,6.5,7.2,130.0,1.4,0.5,11.0,90.0,2024,0.21505376344086022,104.0,0.9315,3.23,Safe
2893,,NAGALAND,15.0,6.7,7.2,170.0,1.4,0.4,11.0,90.0,2024,0.20864381520119224,100.5,0.9915,3.53,Safe
2228,,ASSAM,18.0,5.0,6.8,120.0,1.8,0.6,620.0,1300.0,2024,0.3592814371257485,90.0,3.7800000000000002,12.23,Safe
4719,,WEST BENGAL,19.0,6.7,6.8,101.0,1.0,0.3,1400.0,3000.0,2024,0.14903129657228018,127.3,7.162,17.54,Safe
4724,,WEST BENGAL,15.0,7.2,6.3,80.0,1.0,0.3,1100.0,7000.0,2024,0.13869625520110956,108.0,12.67,22.67,Safe
2238,,ASSAM,15.0,5.3,6.9,128.0,2.0,0.7,300.0,720.0,2024,0.37664783427495296,79.5,2.526,9.2,Safe
3108,,ARUNACHAL PRADESH,18.0,6.6,7.5,87.0,1.0,0.4,11.0,90.0,2024,0.15128593040847202,118.8,0.7055,1.99,Safe
1527,,ASSAM,16.0,6.3,6.7,122.0,1.9,0.7,730.0,1100.0,2024,0.3011093502377179,100.8,3.699,12.06,Safe
3769,,ASSAM,16.0,6.6,6.7,128.0,1.8,0.7,300.0,730.0,2024,0.2723146747352497,105.6,2.481,9.08,Safe
1258,,ASSAM,15.0,6.0,6.9,100.0,1.9,0.7,300.0,730.0,2024,0.3161397670549085,90.0,2.455,9.0,Safe
2063,,ASSAM,14.0,6.6,6.8,106.0,2.0,0.7,300.0,910.0,2024,0.30257186081694404,92.39999999999999,2.767,9.86,Safe
2239,,ASSAM,18.0,5.2,6.8,126.0,2.0,0.8,300.0,730.0,2024,0.3838771593090211,93.60000000000001,2.557,9.29,Safe
2890,,NAGALAND,15.0,6.9,7.5,130.0,1.5,0.5,11.0,90.0,2024,0.2170767004341534,103.5,0.9614999999999999,3.38,Safe
2233,,ASSAM,20.0,5.5,6.8,116.0,2.0,0.6,600.0,1500.0,2024,0.3629764065335753,110.0,4.102,12.87,Safe
3377,,MEGHALAYA,15.0,7.0,6.8,36.0,1.4,0.32,4.0,140.0,2024,0.19971469329529243,105.0,0.7719999999999999,2.37,Safe
3378,,MEGHALAYA,15.0,7.1,6.7,40.0,1.0,0.33,2.0,17.0,2024,0.1406469760900141,106.5,0.47450000000000003,0.54,Safe
3380,,MEGHALAYA,15.0,6.9,6.7,58.0,1.2,0.32,11.0,350.0,2024,0.1736613603473227,103.5,1.0815000000000001,3.97,Safe
3381,,MEGHALAYA,15.0,6.7,6.7,68.0,1.3,0.32,14.0,280.0,2024,0.19374068554396423,100.5,1.0310000000000001,3.72,Safe
3382,,MEGHALAYA,15.0,6.8,6.8,52.0,1.3,0.32,6.0,240.0,2024,0.19089574155653452,102.0,0.927,3.2,Safe
4313,,MEGHALAYA,14.0,6.7,2.8,683.0,1.0,0.32,2.0,2.0,2024,0.14903129657228018,93.8,1.7359999999999998,6.68,Safe
2232,,ASSAM,19.0,6.5,7.0,118.0,1.8,0.6,620.0,1500.0,2024,0.2764976958525346,123.5,4.0760000000000005,12.82,Safe
4314,,MEGHALAYA,15.0,6.7,3.1,200.0,1.0,0.32,2.0,2.0,2024,0.14903129657228018,100.5,0.77,2.36,Safe
4113,,MEGHALAYA,16.0,7.2,6.8,65.0,1.3,0.32,6.0,220.0,2024,0.18030513176144244,115.2,0.923,3.18,Safe
4319,,MEGHALAYA,15.0,7.0,3.5,126.0,1.0,0.32,2.0,2.0,2024,0.14265335235378032,105.0,0.622,1.49,Safe
4320,,MEGHALAYA,15.0,6.6,3.4,130.0,1.0,0.32,2.0,2.0,2024,0.15128593040847202,99.0,0.63,1.54,Safe
4321,,MEGHALAYA,14.0,6.7,3.4,122.0,1.0,0.32,2.0,2.0,2024,0.14903129657228018,93.8,0.614,1.44,Safe
1929,,NAGALAND,16.0,6.9,6.8,102.0,1.3,0.5,11.0,90.0,2024,0.18813314037626627,110.4,0.8454999999999999,2.77,Safe
1930,,NAGALAND,16.0,6.9,7.4,139.0,1.4,0.4,11.0,90.0,2024,0.20260492040520983,110.4,0.9295,3.22,Safe
2894,,NAGALAND,17.0,7.0,6.9,70.0,1.0,0.5,11.0,90.0,2024,0.14265335235378032,119.0,0.6915,1.91,Safe
2895,,NAGALAND,16.0,7.0,6.7,62.0,1.0,0.4,11.0,90.0,2024,0.14265335235378032,112.0,0.6555,1.69,Safe
1802,,SIKKIM,9.0,7.6,7.0,74.0,1.2,1.1,10.0,30.0,2024,0.15768725361366623,68.39999999999999,0.7880000000000001,2.46,Safe
1803,,SIKKIM,12.0,7.5,7.0,76.0,1.4,1.0,15.0,34.0,2024,0.18641810918774965,90.0,0.8455,2.77,Safe
1804,,SIKKIM,13.0,6.5,6.7,112.0,2.0,1.9,41.0,61.0,2024,0.30721966205837176,84.5,1.3569999999999998,5.2,Safe
1805,,SIKKIM,13.0,7.0,7.1,113.0,1.7,1.3,24.0,27.0,2024,0.24251069900142652,91.0,1.0725,3.93,Safe
1806,,SIKKIM,14.0,7.4,7.0,111.0,1.7,1.3,25.0,48.0,2024,0.22941970310391363,103.60000000000001,1.1015000000000001,4.06,Safe
1801,,SIKKIM,9.0,7.2,7.0,92.0,1.4,1.2,11.0,31.0,2024,0.1941747572815534,64.8,0.9069999999999999,3.1,Safe
1037,,ODISHA,21.0,5.9,6.7,158.0,1.4,0.37,230.0,790.0,2024,0.2368866328257191,123.9,2.34,8.67,Safe
1038,,ODISHA,23.0,4.1,6.8,231.0,3.6,0.63,7900.0,24000.0,2024,0.8759124087591242,94.3,49.518,35.65,Moderate
1302,,ODISHA,23.0,4.8,6.7,186.0,3.4,0.55,3300.0,13000.0,2024,0.7068607068607069,110.39999999999999,25.951999999999998,29.41,Moderate
2414,,ODISHA,20.0,5.9,6.8,148.0,2.0,0.44,130.0,330.0,2024,0.338409475465313,118.0,1.674,6.46,Safe
1039,,ODISHA,18.0,5.9,7.2,143.0,1.6,0.34,110.0,330.0,2024,0.2707275803722504,106.2,1.494,5.76,Safe
1040,,ODISHA,21.0,6.0,6.8,130.0,1.4,0.34,110.0,330.0,2024,0.23294509151414308,126.0,1.408,5.42,Safe
1041,,ODISHA,21.0,5.3,6.8,140.0,1.1,0.35,130.0,330.0,2024,0.20715630885122413,111.3,1.3699999999999999,5.26,Safe
2415,,ODISHA,20.0,5.1,6.8,143.0,1.2,0.32,130.0,330.0,2024,0.23483365949119375,102.0,1.4,5.38,Safe
2416,,ODISHA,22.0,6.0,6.7,137.0,1.5,0.36,110.0,330.0,2024,0.24958402662229617,132.0,1.456,5.61,Safe
1042,,ODISHA,22.0,6.1,6.8,160.0,1.7,0.35,390.0,1700.0,2024,0.2782324058919804,134.2,4.035,12.74,Safe
2417,,ODISHA,22.0,6.5,6.8,134.0,1.5,0.32,220.0,1300.0,2024,0.2304147465437788,143.0,3.0620000000000003,10.61,Safe
1303,,ODISHA,21.0,5.6,6.7,137.0,1.1,0.35,170.0,490.0,2024,0.19607843137254904,117.6,1.6640000000000001,6.42,Safe
1043,,ODISHA,21.0,7.3,6.6,148.0,1.2,0.33,170.0,490.0,2024,0.16415868673050615,153.29999999999998,1.712,6.6,Safe
2418,,ODISHA,21.0,6.0,7.3,138.0,1.1,0.36,170.0,490.0,2024,0.1830282861896839,126.0,1.668,6.43,Safe
10019,,ODISHA,22.0,6.2,7.2,148.0,1.2,0.38,330.0,1300.0,2024,0.1932367149758454,136.4,3.1769999999999996,10.89,Safe
1044,,ODISHA,22.0,6.8,7.2,140.0,1.8,0.38,130.0,790.0,2024,0.2643171806167401,149.6,2.2760000000000002,8.47,Safe
1045,,ODISHA,23.0,5.8,6.9,214.0,1.3,0.32,170.0,790.0,2024,0.22375215146299485,133.4,2.322,8.61,Safe
3916,,ODISHA,22.0,6.1,6.8,156.0,2.5,0.37,110.0,330.0,2024,0.4091653027823241,134.2,1.796,6.9,Safe
3917,,ODISHA,21.0,6.4,6.7,130.0,1.1,0.33,330.0,1100.0,2024,0.171606864274571,134.4,2.801,9.95,Safe
3918,,ODISHA,22.0,6.9,6.6,136.0,1.3,0.4,170.0,790.0,2024,0.18813314037626627,151.8,2.182,8.18,Safe
1033,,JHARKHAND,13.0,7.5,6.5,232.0,1.6,0.4,11.0,90.0,2024,0.2130492676431425,97.5,1.1755,4.41,Safe
1036,,JHARKHAND,18.0,7.2,7.3,184.0,1.0,0.4,11.0,90.0,2024,0.13869625520110956,129.6,0.8995,3.06,Safe
2376,,JHARKHAND,8.0,7.2,6.5,232.0,2.0,0.4,11.0,90.0,2024,0.27739251040221913,57.6,1.2954999999999999,4.94,Safe
2377,,JHARKHAND,9.0,7.6,7.2,232.0,2.3,0.4,11.0,90.0,2024,0.30223390275952694,68.39999999999999,1.3855,5.32,Safe
2413,,ODISHA,21.0,5.9,6.9,178.0,1.2,0.38,270.0,1100.0,2024,0.20304568527918782,123.9,2.847,10.07,Safe
3929,,ODISHA,21.0,5.6,7.1,128.0,1.5,0.44,130.0,490.0,2024,0.26737967914438504,117.6,1.7239999999999998,6.64,Safe
3930,,ODISHA,20.0,5.3,6.8,456.0,1.8,0.41,220.0,790.0,2024,0.33898305084745767,106.0,3.049,10.58,Safe
3931,,ODISHA,22.0,5.1,7.1,190.0,1.2,0.32,170.0,490.0,2024,0.23483365949119375,112.19999999999999,1.794,6.89,Safe
3932,,ODISHA,22.0,6.6,6.9,125.0,1.2,0.32,130.0,330.0,2024,0.1815431164901664,145.2,1.3639999999999999,5.23,Safe
3933,,ODISHA,21.0,5.8,7.1,154.0,1.1,0.37,49.0,130.0,2024,0.18932874354561105,121.8,0.9805000000000001,3.47,Safe
2419,,ODISHA,21.0,5.9,7.1,150.0,1.6,0.46,49.0,170.0,2024,0.2707275803722504,123.9,1.2005,4.52,Safe
2420,,ODISHA,23.0,5.6,7.1,155.0,1.1,0.33,130.0,330.0,2024,0.19607843137254904,128.79999999999998,1.396,5.37,Safe
2412,,ODISHA,23.0,5.3,6.8,144.0,1.1,0.34,110.0,490.0,2024,0.20715630885122413,121.89999999999999,1.5859999999999999,6.12,Safe
1034,,JHARKHAND,10.0,7.8,6.5,232.0,2.2,0.4,11.0,90.0,2024,0.28169014084507044,78.0,1.3555,5.2,Safe
3919,,ODISHA,21.0,5.8,6.9,450.0,1.1,0.39,130.0,490.0,2024,0.18932874354561105,121.8,2.238,8.36,Safe
3920,,ODISHA,21.0,5.0,6.9,460.0,1.9,0.47,220.0,790.0,2024,0.37924151696606784,105.0,3.099,10.7,Safe
3921,,ODISHA,22.0,5.4,6.9,440.0,1.4,0.36,33.0,110.0,2024,0.2587800369685767,118.80000000000001,1.5865000000000002,6.13,Safe
3922,,ODISHA,20.0,5.2,7.1,151.0,1.1,0.51,33.0,130.0,2024,0.21113243761996164,104.0,0.9785000000000001,3.46,Safe
3925,,ODISHA,22.0,6.0,7.3,360.0,1.5,0.32,33.0,170.0,2024,0.24958402662229617,132.0,1.5385,5.94,Safe
3926,,ODISHA,23.0,6.1,7.3,358.0,1.7,0.32,79.0,220.0,2024,0.2782324058919804,140.29999999999998,1.7385000000000002,6.69,Safe
3927,,ODISHA,21.0,5.8,7.3,184.0,1.2,0.32,49.0,490.0,2024,0.20654044750430292,121.8,1.6005,6.18,Safe
3928,,ODISHA,21.0,5.2,7.4,160.0,1.1,0.32,330.0,1100.0,2024,0.21113243761996164,109.2,2.859,10.1,Safe
3924,,ODISHA,21.0,6.6,7.1,230.0,1.2,0.34,170.0,700.0,2024,0.1815431164901664,138.6,2.1929999999999996,8.22,Safe
1035,,JHARKHAND,12.0,7.4,6.5,232.0,2.0,0.4,11.0,90.0,2024,0.2699055330634278,88.80000000000001,1.2954999999999999,4.94,Safe
3915,,ODISHA,19.0,6.1,7.1,168.0,1.3,0.35,130.0,490.0,2024,0.21276595744680854,115.89999999999999,1.726,6.65,Safe
1095,,MAHARASHTRA,19.0,5.2,7.3,198.0,2.8,0.3,4.0,38.0,2024,0.5374280230326295,98.8,1.3589999999999998,5.21,Safe
2177,,MAHARASHTRA,19.0,4.8,7.3,209.0,2.8,0.3,4.0,33.0,2024,0.5821205821205822,91.2,1.3735,5.27,Safe
2179,,MAHARASHTRA,19.0,3.0,7.3,226.0,3.0,0.3,4.0,47.0,2024,0.9966777408637875,57.0,1.4885,5.74,Safe
1096,,MAHARASHTRA,19.0,3.0,7.2,233.0,3.4,0.3,4.0,38.0,2024,1.1295681063122924,57.0,1.609,6.21,Safe
1211,,MAHARASHTRA,18.0,0.3,7.4,233.0,3.4,0.3,4.0,43.0,2024,10.96774193548387,5.3999999999999995,1.6165,6.24,Safe
2180,,MAHARASHTRA,10.0,0.3,7.4,238.0,3.0,0.3,4.0,31.0,2024,9.67741935483871,3.0,1.4885,5.74,Safe
2181,,MAHARASHTRA,20.0,2.0,7.4,237.0,3.5,0.3,4.0,31.0,2024,1.7412935323383087,40.0,1.6365,6.32,Safe
2182,,MAHARASHTRA,19.0,2.2,7.3,203.0,3.0,0.3,4.0,38.0,2024,1.3574660633484164,41.800000000000004,1.4289999999999998,5.5,Safe
2183,,MAHARASHTRA,19.0,4.7,7.4,147.0,2.6,0.3,4.0,40.0,2024,0.5520169851380042,89.3,1.2000000000000002,4.52,Safe
2160,,MAHARASHTRA,28.0,5.2,8.2,505.0,3.0,0.39,2.0,2.0,2024,0.5758157389635317,145.6,1.9939999999999998,7.58,Safe
2158,,MAHARASHTRA,28.0,5.0,8.2,527.0,2.8,0.32,2.0,2.0,2024,0.5588822355289421,140.0,1.9639999999999997,7.48,Safe
1312,,MAHARASHTRA,28.0,5.1,8.2,526.0,2.8,0.31,2.0,2.0,2024,0.5479452054794521,142.79999999999998,1.9599999999999997,7.47,Safe
2159,,MAHARASHTRA,28.0,4.6,8.2,530.0,3.4,0.4,2.0,2.0,2024,0.7375271149674621,128.79999999999998,2.1660000000000004,8.13,Safe
2161,,MAHARASHTRA,24.0,5.4,8.0,456.0,4.0,0.55,2.0,2.0,2024,0.7393715341959335,129.60000000000002,2.228,8.33,Safe
2157,,MAHARASHTRA,20.0,5.6,7.7,390.0,3.2,0.49,2.0,2.0,2024,0.5704099821746882,112.0,1.8439999999999999,7.07,Safe
12,,MAHARASHTRA,17.0,5.7,7.9,204.0,3.0,0.57,2.0,2.0,2024,0.5253940455341506,96.9,1.4279999999999995,5.5,Safe
1209,,MAHARASHTRA,19.0,5.5,8.1,286.0,3.0,0.45,2.0,2.0,2024,0.544464609800363,104.5,1.5679999999999996,6.05,Safe
1210,,MAHARASHTRA,20.0,5.4,8.0,292.0,3.0,0.79,2.0,2.0,2024,0.5545286506469501,108.0,1.6479999999999997,6.36,Safe
2360,,TELANGANA,21.0,6.8,6.8,670.0,2.8,10.04,2.0,20.0,2024,0.4111600587371512,142.79999999999998,4.221,13.1,Safe
4227,,TELANGANA,21.0,6.0,7.3,472.0,2.6,12.09,2.0,2.0,2024,0.43261231281198004,126.0,4.148000000000001,12.96,Safe
5105,,TELANGANA,22.0,6.4,7.0,580.0,2.2,15.03,2.0,17.0,2024,0.343213728549142,140.8,4.854500000000001,14.24,Safe
13,,TELANGANA,25.0,6.0,7.5,292.0,1.0,0.63,2.0,23.0,2024,0.1663893510815308,150.0,1.0474999999999999,3.8,Safe
2361,,TELANGANA,25.0,6.0,7.5,290.0,1.0,0.63,2.0,26.0,2024,0.1663893510815308,150.0,1.0479999999999998,3.81,Safe
2362,,TELANGANA,25.0,5.9,7.5,487.0,1.1,0.8,2.0,26.0,2024,0.18612521150592218,147.5,1.506,5.81,Safe
2363,,TELANGANA,25.0,5.8,7.5,429.0,1.0,1.22,2.0,21.0,2024,0.17211703958691912,145.0,1.4365,5.53,Safe
2364,,TELANGANA,25.0,5.9,7.5,455.0,1.0,0.64,2.0,26.0,2024,0.1692047377326565,147.5,1.38,5.3,Safe
5497,,TELANGANA,25.0,1.3,6.3,420.0,1.2,1.8,2.0,34.0,2024,0.916030534351145,32.5,1.6139999999999999,6.23,Safe
2356,,TELANGANA,25.0,5.9,7.6,451.0,1.0,0.65,2.0,25.0,2024,0.1692047377326565,147.5,1.3725,5.27,Safe
4662,,TELANGANA,26.0,6.1,7.6,278.0,1.0,0.3,2.0,14.0,2024,0.16366612111292964,158.6,0.94,3.27,Safe
2365,,TELANGANA,26.0,5.0,7.8,97.0,1.0,0.3,2.0,20.0,2024,0.1996007984031936,130.0,0.5870000000000001,1.27,Safe
2366,,TELANGANA,26.0,6.1,7.2,97.0,1.0,0.3,2.0,23.0,2024,0.16366612111292964,158.6,0.5915,1.3,Safe
2367,,TELANGANA,25.0,6.1,7.5,180.0,1.0,0.42,2.0,26.0,2024,0.16366612111292964,152.5,0.786,2.45,Safe
2368,,TELANGANA,25.0,5.9,7.5,183.0,1.0,0.46,2.0,22.0,2024,0.1692047377326565,147.5,0.794,2.49,Safe
2369,,TELANGANA,25.0,6.0,6.1,270.0,1.0,0.36,2.0,24.0,2024,0.1663893510815308,150.0,0.9510000000000001,3.33,Safe
4367,,ANDHRA PRADESH,24.0,5.4,7.1,193.0,1.9,0.32,3.0,43.0,2024,0.35120147874306834,129.60000000000002,1.089,4.0,Safe
4359,,ANDHRA PRADESH,23.0,6.0,7.1,77.0,1.5,0.32,3.0,64.0,2024,0.24958402662229617,138.0,0.7685,2.35,Safe
14,,ANDHRA PRADESH,24.0,5.8,7.4,148.0,2.1,0.32,3.0,39.0,2024,0.3614457831325302,139.2,1.053,3.83,Safe
1218,,ANDHRA PRADESH,25.0,5.0,6.9,150.0,1.8,0.32,3.0,43.0,2024,0.3592814371257485,125.0,0.9730000000000001,3.44,Safe
2370,,ANDHRA PRADESH,24.0,6.4,6.3,172.0,1.9,0.32,3.0,64.0,2024,0.29641185647425894,153.60000000000002,1.0785,3.95,Safe
2371,,ANDHRA PRADESH,25.0,6.0,6.3,150.0,1.8,0.32,4.0,93.0,2024,0.2995008319467554,150.0,1.0495,3.81,Safe
3067,,ANDHRA PRADESH,25.0,6.0,6.1,138.0,2.1,0.32,3.0,93.0,2024,0.34941763727121466,150.0,1.1139999999999999,4.12,Safe
1219,,ANDHRA PRADESH,25.0,6.5,6.3,152.0,2.0,0.32,3.0,64.0,2024,0.30721966205837176,162.5,1.0685,3.91,Safe
3948,,ODISHA,15.0,6.4,6.9,120.0,1.5,0.36,130.0,330.0,2024,0.23400936037441497,96.0,1.4519999999999997,5.6,Safe
30062,,ODISHA,26.0,5.7,7.5,95.0,1.0,0.32,450.0,11000.0,2024,0.17513134851138354,148.20000000000002,17.729,25.79,Moderate
Station Code,,State,21.0,5.7,7.2,232.0,1.0,0.4,11.0,90.0,2024,0.17513134851138354,119.7,0.9954999999999999,3.55,Safe
1854,,CHHATTISGARH,30.0,7.6,7.3,232.0,1.9,0.4,11.0,24.0,2024,0.24967148488830487,228.0,1.1664999999999999,4.37,Safe
1855,,CHHATTISGARH,31.0,7.4,7.4,232.0,1.9,0.4,11.0,35.0,2024,0.2564102564102564,229.4,1.1829999999999998,4.44,Safe
5537,,MADHYA PRADESH,20.0,7.0,7.4,306.0,1.8,1.06,2.0,22.0,2024,0.25677603423680456,140.0,1.4,5.38,Safe
2170,,MAHARASHTRA,18.0,5.6,7.7,596.0,3.0,0.3,22.0,140.0,2024,0.5347593582887701,100.8,2.395,8.83,Safe
2171,,MAHARASHTRA,18.0,5.4,7.7,603.0,3.4,0.48,26.0,150.0,2024,0.6284658040665434,97.2,2.5860000000000003,9.37,Safe
1909,,MAHARASHTRA,17.0,4.9,7.5,692.0,3.0,0.3,17.0,140.0,2024,0.6109979633401221,83.30000000000001,2.5795000000000003,9.35,Safe
3080,,TELANGANA,23.0,4.7,7.3,268.0,1.0,0.87,2.0,21.0,2024,0.21231422505307856,108.10000000000001,1.0445,3.79,Safe
3081,,TELANGANA,23.0,4.7,7.3,349.0,1.0,0.02,2.0,21.0,2024,0.21231422505307856,108.10000000000001,1.0365,3.75,Safe
2372,,TELANGANA,25.0,5.8,7.6,161.0,1.0,0.78,2.0,21.0,2024,0.17211703958691912,145.0,0.8125,2.59,Safe
1908,,MAHARASHTRA,18.0,5.1,7.9,492.0,3.0,0.3,22.0,110.0,2024,0.5870841487279844,91.8,2.142,8.06,Safe
4257,,TELANGANA,26.0,6.0,7.6,402.0,1.6,2.1,2.0,58.0,2024,0.2662229617304493,156.0,1.7939999999999998,6.89,Safe
4664,,TELANGANA,25.0,5.0,7.5,459.0,1.1,0.8,2.0,33.0,2024,0.219560878243513,125.0,1.4605000000000001,5.63,Safe
1158,,TELANGANA,25.0,6.0,7.6,389.0,1.0,0.63,2.0,27.0,2024,0.1663893510815308,150.0,1.2474999999999998,4.73,Safe
1891,,KARNATAKA,23.0,4.0,7.3,306.0,3.0,0.3,45.0,78.0,2024,0.7481296758104738,92.0,1.7565,6.76,Safe
1157,,TELANGANA,17.0,6.8,7.1,529.0,2.3,16.02,4.0,31.0,2024,0.3377386196769457,115.6,5.0045,14.49,Safe
1781,,TELANGANA,18.0,5.9,7.1,550.0,2.4,12.05,4.0,31.0,2024,0.40609137055837563,106.2,4.282500000000001,13.22,Safe
2374,,TELANGANA,18.0,6.0,6.7,910.0,2.8,18.02,6.0,30.0,2024,0.46589018302828616,108.0,6.3180000000000005,16.46,Safe
2375,,TELANGANA,19.0,6.2,6.9,760.0,3.0,16.05,6.0,33.0,2024,0.4830917874396135,117.8,5.688500000000001,15.56,Safe
4226,,TELANGANA,17.0,6.1,6.5,596.0,2.2,19.04,5.0,47.0,2024,0.3600654664484452,103.69999999999999,5.738,15.64,Safe
2673,,MAHARASHTRA,20.0,5.7,8.0,326.0,3.2,0.53,2.0,14.0,2024,0.5604203152364273,114.0,1.7419999999999998,6.71,Safe
30055,,KARNATAKA,26.0,4.9,6.9,325.0,1.0,1.42,220.0,920.0,2024,0.20366598778004072,127.4,2.944,10.32,Safe
2675,,MAHARASHTRA,20.0,3.5,7.7,602.0,3.4,0.3,26.0,120.0,2024,0.9686609686609687,70.0,2.503,9.14,Safe
2349,,TELANGANA,17.0,4.6,7.1,1333.0,3.9,3.42,6.0,58.0,2024,0.8459869848156183,78.19999999999999,4.6160000000000005,13.83,Safe
5541,,MADHYA PRADESH,19.0,7.0,7.4,319.0,1.7,1.08,2.0,22.0,2024,0.24251069900142652,133.0,1.3999999999999997,5.38,Safe
2699,,MAHARASHTRA,23.0,5.1,7.8,603.0,3.2,0.32,23.0,140.0,2024,0.6262230919765167,117.3,2.4745000000000004,9.06,Safe
2698,,MAHARASHTRA,20.0,5.1,7.8,544.0,3.2,0.3,20.0,120.0,2024,0.6262230919765167,102.0,2.318,8.6,Safe
2697,,MAHARASHTRA,20.0,5.7,7.9,562.0,3.0,0.3,17.0,70.0,2024,0.5253940455341506,114.0,2.2145,8.29,Safe
2373,,ANDHRA PRADESH,23.0,6.0,7.0,78.0,1.4,0.32,3.0,43.0,2024,0.23294509151414308,138.0,0.709,2.01,Safe
1856,,CHHATTISGARH,30.0,7.4,7.4,232.0,2.0,0.4,11.0,34.0,2024,0.2699055330634278,222.0,1.2114999999999998,4.57,Safe
3330,,MADHYA PRADESH,20.0,6.6,7.1,238.0,1.1,0.32,2.0,4.0,2024,0.16641452344931923,132.0,0.879,2.95,Safe
3331,,MADHYA PRADESH,19.0,6.7,7.1,256.0,1.4,0.32,2.0,5.0,2024,0.20864381520119224,127.3,1.0065,3.6,Safe
1213,,MADHYA PRADESH,19.0,6.7,6.9,278.0,1.0,0.2,2.0,7.0,2024,0.14903129657228018,127.3,0.9094999999999999,3.11,Safe
2173,,MAHARASHTRA,17.0,5.6,7.6,575.0,3.0,0.3,17.0,110.0,2024,0.5347593582887701,95.19999999999999,2.3005000000000004,8.55,Safe
1194,,MAHARASHTRA,25.0,5.9,7.7,78.0,1.0,0.3,2.0,94.0,2024,0.1692047377326565,147.5,0.66,1.72,Safe
2190,,MAHARASHTRA,25.0,4.9,7.7,162.0,1.0,0.41,11.0,150.0,2024,0.20366598778004072,122.50000000000001,0.9475,3.31,Safe
2187,,MAHARASHTRA,25.0,5.3,8.1,372.0,1.0,0.31,17.0,225.0,2024,0.18832391713747648,132.5,1.469,5.66,Safe
2188,,MAHARASHTRA,25.0,4.9,7.9,264.0,1.0,0.3,11.0,220.0,2024,0.20366598778004072,122.50000000000001,1.2345,4.67,Safe
36,,MAHARASHTRA,24.0,5.5,7.6,65.0,1.0,0.3,7.0,120.0,2024,0.18148820326678766,132.0,0.6804999999999999,1.84,Safe
1906,,MAHARASHTRA,22.0,4.8,7.6,93.0,2.8,0.4,6.0,20.0,2024,0.5821205821205822,105.6,1.1449999999999998,4.27,Safe
37,,MAHARASHTRA,23.0,4.7,7.7,180.0,2.8,0.74,4.0,21.0,2024,0.5944798301486199,108.10000000000001,1.3855000000000002,5.32,Safe
1310,,MAHARASHTRA,24.0,5.6,7.2,136.0,2.6,0.3,6.0,20.0,2024,0.4634581105169341,134.39999999999998,1.151,4.29,Safe
1153,,MAHARASHTRA,24.0,5.5,7.6,125.0,2.6,0.3,4.0,17.0,2024,0.47186932849364793,132.0,1.1215000000000002,4.16,Safe
1889,,KARNATAKA,22.0,5.5,7.1,264.0,1.0,1.51,540.0,920.0,2024,0.18148820326678766,121.0,3.3200000000000003,11.22,Safe
1182,,KARNATAKA,24.0,5.4,7.1,260.0,1.2,2.47,540.0,920.0,2024,0.22181146025878,129.60000000000002,3.564,11.77,Safe
2763,,KARNATAKA,19.0,5.6,7.2,328.0,1.2,2.77,350.0,920.0,2024,0.21390374331550804,106.39999999999999,3.475,11.57,Safe
5597,,KARNATAKA,18.0,5.1,7.2,264.0,1.0,0.96,350.0,920.0,2024,0.19569471624266147,91.8,2.925,10.27,Safe
2781,,KARNATAKA,21.0,5.5,7.1,328.0,1.0,1.22,350.0,920.0,2024,0.18148820326678766,115.5,3.105,10.71,Safe
1181,,KARNATAKA,21.0,4.2,7.1,330.0,1.0,1.26,540.0,920.0,2024,0.23752969121140144,88.2,3.402,11.41,Safe
1028,,KARNATAKA,26.0,6.8,7.4,300.0,2.0,0.45,130.0,920.0,2024,0.2936857562408223,176.79999999999998,2.865,10.12,Safe
30056,,KARNATAKA,26.0,6.8,8.0,586.0,1.0,0.52,220.0,1600.0,2024,0.14684287812041116,176.79999999999998,4.306,13.26,Safe
1784,,TELANGANA,23.0,6.0,7.5,280.0,1.0,1.2,2.0,13.0,2024,0.1663893510815308,138.0,1.1225,4.16,Safe
1170,,KARNATAKA,26.0,6.8,8.0,604.0,2.2,0.3,170.0,920.0,2024,0.3230543318649046,176.79999999999998,3.563,11.77,Safe
39,,TELANGANA,23.0,5.9,7.5,288.0,1.0,1.2,2.0,20.0,2024,0.1692047377326565,135.70000000000002,1.149,4.29,Safe
4225,,TELANGANA,24.0,5.2,7.2,179.0,1.0,0.7,2.0,21.0,2024,0.19193857965451055,124.80000000000001,0.8325,2.7,Safe
1175,,ANDHRA PRADESH,24.0,5.0,7.1,348.0,1.0,0.32,35.0,167.0,2024,0.1996007984031936,120.0,1.363,5.23,Safe
3083,,ANDHRA PRADESH,22.0,5.4,7.4,425.0,1.0,0.35,39.0,142.0,2024,0.18484288354898337,118.80000000000001,1.4915000000000003,5.75,Safe
5108,,TELANGANA,18.0,6.2,7.2,754.0,2.0,12.1,2.0,4.0,2024,0.322061191626409,111.60000000000001,4.537000000000001,13.69,Safe
1465,,TELANGANA,18.0,5.4,6.7,857.0,3.1,20.02,6.0,31.0,2024,0.5730129390018485,97.2,6.703500000000001,16.97,Safe
4381,,ANDHRA PRADESH,19.0,6.8,7.3,637.0,2.5,0.92,4.0,75.0,2024,0.3671071953010279,129.2,2.3265,8.63,Safe
5109,,TELANGANA,18.0,6.2,6.7,962.0,2.4,15.02,5.0,32.0,2024,0.3864734299516908,111.60000000000001,5.7035,15.59,Safe
4663,,TELANGANA,18.0,5.7,6.9,925.0,3.0,23.25,6.0,34.0,2024,0.5253940455341506,102.60000000000001,7.460000000000001,17.9,Safe
5110,,TELANGANA,18.0,6.0,6.9,814.0,3.1,16.11,4.0,34.0,2024,0.5158069883527454,108.0,5.837000000000001,15.78,Safe
1786,,ANDHRA PRADESH,24.0,6.9,7.3,526.0,2.4,1.12,9.0,64.0,2024,0.3473227206946454,165.60000000000002,2.1055,7.94,Safe
1787,,ANDHRA PRADESH,20.0,6.7,6.9,588.0,2.4,1.2,9.0,64.0,2024,0.35767511177347244,134.0,2.2455000000000003,8.38,Safe
4375,,ANDHRA PRADESH,25.0,7.1,7.2,476.0,2.2,0.95,9.0,64.0,2024,0.309423347398031,177.5,1.9115000000000002,7.3,Safe
25,,ANDHRA PRADESH,24.0,6.9,7.5,425.0,2.2,1.22,9.0,64.0,2024,0.31837916063675836,165.60000000000002,1.8635000000000002,7.14,Safe
1782,,ANDHRA PRADESH,24.0,6.3,7.3,14800.0,2.5,0.83,7.0,63.0,2024,0.39619651347068147,151.2,30.621000000000002,31.0,Moderate
1463,,MAHARASHTRA,27.0,4.3,7.6,77.0,1.0,0.3,4.0,140.0,2024,0.2320185614849188,116.1,0.73,2.13,Safe
2683,,MAHARASHTRA,26.0,5.2,7.5,81.0,2.0,0.3,8.0,220.0,2024,0.3838771593090211,135.20000000000002,1.164,4.35,Safe
2682,,MAHARASHTRA,27.0,3.0,7.8,108.0,1.0,0.3,2.0,220.0,2024,0.33222591362126247,81.0,0.909,3.11,Safe
2195,,MAHARASHTRA,27.0,3.5,7.8,123.0,2.0,0.3,11.0,350.0,2024,0.5698005698005698,94.5,1.4474999999999998,5.58,Safe
2681,,MAHARASHTRA,26.0,2.8,8.0,155.0,3.6,0.3,14.0,350.0,2024,1.2811387900355875,72.8,1.996,7.59,Safe
2716,,MAHARASHTRA,21.0,5.6,7.1,32.0,1.0,0.3,6.0,95.0,2024,0.17825311942959005,117.6,0.5755,1.2,Safe
2186,,MAHARASHTRA,25.0,5.3,7.8,171.0,1.0,0.3,2.0,110.0,2024,0.18832391713747648,132.5,0.87,2.9,Safe
2717,,MAHARASHTRA,23.0,4.6,7.6,243.0,1.0,0.3,14.0,220.0,2024,0.2169197396963124,105.8,1.197,4.5,Safe
4253,,TELANGANA,25.0,0.3,6.9,758.0,5.6,1.8,17.0,350.0,2024,18.064516129032256,7.5,4.1065000000000005,12.88,Safe
4656,,TELANGANA,25.0,0.3,7.0,982.0,6.2,1.5,21.0,290.0,2024,20.0,7.5,4.5905000000000005,13.78,Safe
2339,,TELANGANA,25.0,0.3,7.1,1088.0,8.0,1.6,21.0,350.0,2024,25.806451612903228,7.5,5.452500000000001,15.21,Safe
4659,,TELANGANA,25.0,0.3,6.4,1048.0,6.0,2.9,24.0,430.0,2024,19.35483870967742,7.5,5.156999999999999,14.74,Safe
4660,,TELANGANA,25.0,0.3,6.9,952.0,6.2,3.4,17.0,350.0,2024,20.0,7.5,4.9945,14.48,Safe
1173,,TELANGANA,25.0,0.3,6.7,866.0,4.0,3.2,17.0,350.0,2024,12.903225806451614,7.5,4.1225000000000005,12.91,Safe
4657,,TELANGANA,25.0,0.3,6.6,890.0,4.0,3.86,11.0,280.0,2024,12.903225806451614,7.5,4.1885,13.04,Safe
4254,,TELANGANA,18.0,5.6,6.6,1262.0,3.2,27.12,6.0,24.0,2024,0.5704099821746882,100.8,8.953000000000001,19.51,Safe
4658,,TELANGANA,18.0,5.1,6.7,1041.0,3.0,24.16,6.0,63.0,2024,0.5870841487279844,91.8,7.917500000000002,18.42,Safe
3082,,TELANGANA,17.0,6.0,7.1,1155.0,2.8,21.02,6.0,47.0,2024,0.46589018302828616,102.0,7.4334999999999996,17.87,Safe
5106,,TELANGANA,18.0,6.2,7.1,1014.0,3.2,20.1,6.0,34.0,2024,0.5152979066022545,111.60000000000001,7.068000000000001,17.43,Safe
5107,,TELANGANA,17.0,6.2,6.7,920.0,3.1,24.16,5.0,31.0,2024,0.499194847020934,105.4,7.656000000000001,18.13,Safe
1189,,MAHARASHTRA,26.0,0.3,7.4,168.0,2.2,0.56,48.0,350.0,2024,7.096774193548388,7.8,1.705,6.57,Safe
1190,,MAHARASHTRA,26.0,1.5,7.3,206.0,10.7,0.3,25.0,430.0,2024,7.086092715231787,39.0,4.3645,13.37,Safe
2655,,MAHARASHTRA,22.0,4.2,7.5,212.0,3.2,0.3,7.0,130.0,2024,0.7600950118764846,92.4,1.6495,6.37,Safe
1191,,MAHARASHTRA,26.0,1.0,7.1,210.0,3.0,0.3,14.0,275.0,2024,2.9702970297029703,26.0,1.8135,6.96,Safe
1192,,MAHARASHTRA,26.0,2.8,7.4,218.0,1.4,0.3,14.0,225.0,2024,0.4982206405693951,72.8,1.2745,4.85,Safe
2656,,MAHARASHTRA,26.0,2.6,7.6,306.0,2.2,0.3,2.0,200.0,2024,0.8429118773946361,67.60000000000001,1.635,6.31,Safe
1188,,MAHARASHTRA,27.0,2.1,7.7,356.0,2.4,0.3,11.0,170.0,2024,1.1374407582938388,56.7,1.7635,6.78,Safe
28,,MAHARASHTRA,27.0,4.6,8.0,428.0,2.3,0.3,12.0,350.0,2024,0.49891540130151846,124.19999999999999,2.149,8.08,Safe
5582,,KARNATAKA,21.0,4.8,7.4,438.0,1.1,0.37,540.0,1600.0,2024,0.22869022869022873,100.8,4.49,13.6,Safe
1183,,KARNATAKA,25.0,6.4,7.8,604.0,3.0,0.3,1700.0,14000.0,2024,0.46801872074882994,160.0,25.718,29.32,Moderate
1184,,KARNATAKA,26.0,5.0,7.7,735.0,3.0,0.5,790.0,1400.0,2024,0.5988023952095809,130.0,5.755,15.66,Safe
1888,,KARNATAKA,26.0,5.1,7.7,733.0,2.9,0.5,170.0,330.0,2024,0.5675146771037183,132.6,3.186,10.91,Safe
30057,,KARNATAKA,24.0,5.9,7.8,811.0,1.0,1.22,130.0,540.0,2024,0.1692047377326565,141.60000000000002,3.171,10.87,Safe
1167,,KARNATAKA,24.0,4.8,7.4,527.0,3.0,0.3,260.0,2800.0,2024,0.6237006237006237,115.19999999999999,6.604000000000001,16.84,Safe
5158,,ANDHRA PRADESH,20.0,5.2,7.3,370.0,1.0,0.32,56.0,177.0,2024,0.19193857965451055,104.0,1.4535000000000002,5.6,Safe
2350,,ANDHRA PRADESH,23.0,5.6,7.8,863.0,1.0,0.35,71.0,198.0,2024,0.17825311942959005,128.79999999999998,2.4995000000000003,9.13,Safe
1091,,KARNATAKA,20.0,6.7,6.7,63.0,1.5,0.38,14.0,110.0,2024,0.22354694485842028,134.0,0.8380000000000001,2.73,Safe
2771,,KARNATAKA,20.0,6.9,6.7,57.0,1.4,0.4,12.0,110.0,2024,0.20260492040520983,138.0,0.797,2.51,Safe
2765,,KARNATAKA,25.0,5.3,7.3,107.0,1.0,0.3,22.0,350.0,2024,0.18832391713747648,132.5,1.1320000000000001,4.21,Safe
1387,,KARNATAKA,24.0,4.5,7.1,120.0,1.2,0.3,270.0,1300.0,2024,0.2660753880266075,108.0,3.0149999999999997,10.49,Safe
4105,,KARNATAKA,24.0,4.1,7.3,114.0,1.0,0.3,78.0,920.0,2024,0.24330900243309006,98.39999999999999,2.085,7.88,Safe
1169,,KARNATAKA,24.0,5.0,7.1,140.0,1.1,0.3,40.0,700.0,2024,0.219560878243513,120.0,1.78,6.84,Safe
1911,,MAHARASHTRA,27.0,5.1,8.1,255.0,2.4,0.3,2.0,175.0,2024,0.4696673189823875,137.7,1.5554999999999999,6.01,Safe
1912,,MAHARASHTRA,25.0,4.7,8.0,276.0,2.4,0.3,20.0,275.0,2024,0.5095541401273885,117.5,1.7744999999999997,6.82,Safe
1163,,KARNATAKA,22.0,5.0,7.1,268.0,1.1,2.45,350.0,920.0,2024,0.219560878243513,110.0,3.261,11.09,Safe
4104,,KARNATAKA,18.0,5.3,7.2,272.0,1.2,1.5,540.0,920.0,2024,0.22598870056497175,95.39999999999999,3.394,11.39,Safe
1185,,KARNATAKA,18.0,5.5,7.4,268.0,1.5,1.18,350.0,920.0,2024,0.2722323049001815,99.0,3.127,10.77,Safe
2665,,MAHARASHTRA,22.0,2.3,7.3,198.0,2.6,0.36,23.0,220.0,2024,1.1255411255411258,50.599999999999994,1.6125,6.23,Safe
2669,,MAHARASHTRA,22.0,3.1,7.2,158.0,2.2,0.6,25.0,170.0,2024,0.707395498392283,68.2,1.3885,5.34,Safe
2668,,MAHARASHTRA,22.0,2.5,7.4,147.0,1.8,0.5,20.0,210.0,2024,0.7171314741035857,55.0,1.279,4.87,Safe
2197,,MAHARASHTRA,22.0,2.1,7.4,160.0,2.3,0.37,47.0,500.0,2024,1.0900473933649288,46.2,1.9045,7.28,Safe
1895,,KARNATAKA,26.0,5.0,7.5,348.0,2.0,0.3,220.0,540.0,2024,0.3992015968063872,130.0,2.496,9.12,Safe
2777,,KARNATAKA,26.0,5.7,7.8,348.0,2.0,0.3,94.0,140.0,2024,0.3502626970227671,148.20000000000002,1.7069999999999999,6.58,Safe
4500,,KARNATAKA,26.0,5.0,7.7,364.0,2.0,0.3,17.0,39.0,2024,0.3992015968063872,130.0,1.472,5.68,Safe
2189,,MAHARASHTRA,20.0,5.5,7.7,68.0,1.0,0.3,17.0,140.0,2024,0.18148820326678766,110.0,0.7314999999999999,2.14,Safe
1187,,KARNATAKA,22.0,6.1,6.6,190.0,1.3,1.72,540.0,920.0,2024,0.21276595744680854,134.2,3.304,11.18,Safe
1164,,KARNATAKA,20.0,5.4,7.1,196.0,1.0,1.18,350.0,920.0,2024,0.18484288354898337,108.0,2.833,10.03,Safe
2764,,KARNATAKA,18.0,6.5,7.3,392.0,1.3,1.92,920.0,1600.0,2024,0.19969278033794163,117.0,5.337999999999999,15.03,Safe
1186,,KARNATAKA,18.0,6.7,7.4,390.0,1.0,1.72,540.0,920.0,2024,0.14903129657228018,120.60000000000001,3.614,11.88,Safe
4098,,KARNATAKA,22.0,5.7,6.7,190.0,1.1,0.96,280.0,920.0,2024,0.1926444833625219,125.4,2.702,9.69,Safe
2193,,MAHARASHTRA,26.0,1.0,7.5,151.0,3.6,0.37,63.0,540.0,2024,3.5643564356435644,26.0,2.3605,8.73,Safe
2194,,MAHARASHTRA,26.0,0.3,7.2,150.0,5.4,0.77,110.0,540.0,2024,17.41935483870968,7.8,3.049,10.58,Safe
2192,,MAHARASHTRA,26.0,1.8,7.3,208.0,10.2,0.3,58.0,280.0,2024,5.635359116022099,46.800000000000004,4.043,12.76,Safe
2677,,MAHARASHTRA,24.0,2.6,7.5,157.0,3.0,0.34,33.0,350.0,2024,1.149425287356322,62.400000000000006,1.8565,7.11,Safe
1177,,ANDHRA PRADESH,25.0,6.8,7.5,593.0,2.4,1.01,11.0,93.0,2024,0.3524229074889868,170.0,2.264,8.44,Safe
4251,,TELANGANA,24.0,4.6,7.3,242.0,1.0,1.33,2.0,39.0,2024,0.2169197396963124,110.39999999999999,1.1115,4.11,Safe
2680,,MAHARASHTRA,22.0,5.2,7.5,70.0,1.2,0.3,2.0,84.0,2024,0.23032629558541265,114.4,0.689,1.89,Safe
2679,,MAHARASHTRA,26.0,0.3,7.4,166.0,1.0,0.53,110.0,350.0,2024,3.2258064516129035,7.8,1.428,5.5,Safe
2678,,MAHARASHTRA,26.0,0.3,7.4,169.0,1.2,0.7,48.0,430.0,2024,3.8709677419354835,7.8,1.555,6.0,Safe
2191,,MAHARASHTRA,26.0,0.9,7.3,216.0,1.0,0.35,120.0,540.0,2024,1.0989010989010988,23.400000000000002,1.792,6.89,Safe
1178,,ANDHRA PRADESH,25.0,6.7,7.3,620.0,2.5,1.25,11.0,120.0,2024,0.37257824143070045,167.5,2.4365000000000006,8.95,Safe
1904,,MAHARASHTRA,24.0,4.5,7.3,85.0,2.6,0.3,4.0,15.0,2024,0.5764966740576497,108.0,1.0385,3.76,Safe
1905,,MAHARASHTRA,24.0,5.0,7.2,90.0,2.0,0.3,6.0,20.0,2024,0.3992015968063872,120.0,0.879,2.95,Safe
1311,,MAHARASHTRA,24.0,4.9,7.5,124.0,2.6,0.3,4.0,17.0,2024,0.5295315682281059,117.60000000000001,1.1195000000000002,4.15,Safe
2163,,MAHARASHTRA,24.0,5.4,7.5,143.0,2.8,0.3,5.0,17.0,2024,0.5175600739371534,129.60000000000002,1.219,4.6,Safe
2196,,MAHARASHTRA,26.0,0.3,7.3,188.0,6.3,0.6,34.0,540.0,2024,20.32258064516129,7.8,3.247,11.05,Safe
2692,,MAHARASHTRA,26.0,5.2,7.5,121.0,1.0,0.3,2.0,79.0,2024,0.19193857965451055,135.20000000000002,0.7235,2.09,Safe
2693,,MAHARASHTRA,26.0,2.3,7.2,163.0,2.3,0.4,25.0,350.0,2024,0.9956709956709958,59.8,1.6585,6.4,Safe
2694,,MAHARASHTRA,26.0,0.3,7.1,183.0,8.8,0.75,20.0,540.0,2024,28.38709677419355,7.8,3.996,12.67,Safe
2690,,MAHARASHTRA,26.0,0.3,7.4,189.0,5.6,0.77,92.0,900.0,2024,18.064516129032256,7.8,3.7,12.06,Safe
2691,,MAHARASHTRA,26.0,0.3,7.5,181.0,1.2,0.7,50.0,550.0,2024,3.8709677419354835,7.8,1.762,6.78,Safe
2705,,MAHARASHTRA,28.0,4.7,8.1,570.0,4.4,0.3,14.0,250.0,2024,0.9341825902335458,131.6,2.9160000000000004,10.25,Safe
1168,,KARNATAKA,24.0,1.0,6.9,90.0,1.0,0.3,330.0,1700.0,2024,0.9900990099009901,24.0,3.585,11.81,Safe
4106,,KARNATAKA,25.0,1.0,7.0,70.0,1.0,0.3,70.0,790.0,2024,0.9900990099009901,25.0,1.79,6.88,Safe
1896,,KARNATAKA,24.0,5.0,7.2,110.0,1.0,0.3,70.0,700.0,2024,0.1996007984031936,120.0,1.735,6.68,Safe
38,,KARNATAKA,26.0,6.9,6.9,82.0,1.0,0.3,49.0,790.0,2024,0.1447178002894356,179.4,1.7825000000000002,6.85,Safe
1029,,KARNATAKA,25.0,6.7,7.1,150.0,1.0,0.3,34.0,540.0,2024,0.14903129657228018,167.5,1.5210000000000001,5.87,Safe
2766,,KARNATAKA,24.0,6.9,7.0,103.0,1.0,0.3,78.0,700.0,2024,0.1447178002894356,165.60000000000002,1.733,6.67,Safe
2768,,KARNATAKA,24.0,6.1,7.1,184.0,2.5,0.3,79.0,920.0,2024,0.4091653027823241,146.39999999999998,2.6765,9.62,Safe
2767,,KARNATAKA,24.0,6.7,6.6,85.0,1.2,0.3,33.0,540.0,2024,0.17883755588673622,160.8,1.4495,5.59,Safe
2770,,KARNATAKA,24.0,6.2,7.2,110.0,2.0,0.3,210.0,1700.0,2024,0.322061191626409,148.8,3.7449999999999997,12.15,Safe
2769,,KARNATAKA,24.0,6.3,6.9,120.0,2.0,0.3,40.0,540.0,2024,0.3169572107765452,151.2,1.77,6.81,Safe
5591,,KARNATAKA,24.0,6.5,6.9,95.0,1.3,0.3,110.0,700.0,2024,0.19969278033794163,156.0,1.855,7.11,Safe
5592,,KARNATAKA,25.0,6.9,7.4,96.0,1.2,0.3,34.0,540.0,2024,0.1736613603473227,172.5,1.473,5.68,Safe
4495,,KARNATAKA,25.0,6.2,7.1,120.0,1.0,0.3,70.0,920.0,2024,0.1610305958132045,155.0,2.085,7.88,Safe
5593,,KARNATAKA,25.0,6.9,7.1,102.0,1.1,0.3,49.0,540.0,2024,0.15918958031837918,172.5,1.4775,5.7,Safe
5594,,KARNATAKA,25.0,6.9,6.9,94.0,1.0,0.3,110.0,920.0,2024,0.1447178002894356,172.5,2.093,7.9,Safe
5595,,KARNATAKA,25.0,6.8,7.1,110.0,1.2,0.3,78.0,790.0,2024,0.1762114537444934,170.0,1.9420000000000002,7.41,Safe
5596,,KARNATAKA,25.0,6.6,7.1,130.0,1.4,0.3,94.0,790.0,2024,0.21180030257186083,165.0,2.066,7.82,Safe
4494,,KARNATAKA,25.0,6.7,7.1,160.0,1.1,0.3,210.0,1300.0,2024,0.1639344262295082,167.5,2.975,10.4,Safe
2776,,KARNATAKA,22.0,6.5,7.2,268.0,2.0,0.3,330.0,1700.0,2024,0.30721966205837176,143.0,4.241,13.14,Safe
29,,KARNATAKA,22.0,0.3,7.2,264.0,4.0,0.32,330.0,4300.0,2024,12.903225806451614,6.6,8.737,19.29,Safe
3558,,KARNATAKA,26.0,6.5,7.5,310.0,2.0,0.8,140.0,920.0,2024,0.30721966205837176,169.0,2.9699999999999998,10.38,Safe
30054,,KARNATAKA,25.0,6.3,7.8,599.0,1.0,0.32,22.0,130.0,2024,0.1584786053882726,157.5,1.7900000000000003,6.88,Safe
1785,,ANDHRA PRADESH,24.0,5.5,7.7,235.0,1.0,0.34,63.0,180.0,2024,0.18148820326678766,132.0,1.2025000000000001,4.53,Safe
1174,,ANDHRA PRADESH,21.0,5.1,7.3,474.0,1.0,0.34,52.0,192.0,2024,0.19569471624266147,107.1,1.6820000000000002,6.49,Safe
4388,,ANDHRA PRADESH,24.0,5.0,7.1,519.0,1.0,0.32,80.0,186.0,2024,0.1996007984031936,120.0,1.8010000000000002,6.92,Safe
4389,,ANDHRA PRADESH,22.0,5.1,7.2,263.0,1.0,0.32,58.0,190.0,2024,0.19569471624266147,112.19999999999999,1.262,4.79,Safe
4379,,ANDHRA PRADESH,24.0,2.5,7.2,35620.0,2.5,1.0,7.0,63.0,2024,0.9960159362549802,60.0,72.29499999999999,39.35,Moderate
2711,,MAHARASHTRA,26.0,4.8,7.9,131.0,1.0,0.3,7.0,250.0,2024,0.2079002079002079,124.8,1.0074999999999998,3.61,Safe
2715,,MAHARASHTRA,27.0,6.0,8.4,552.0,2.4,4.0,30.0,425.0,2024,0.39933444259567386,162.0,3.3064999999999998,11.19,Safe
1255,,ANDHRA PRADESH,22.0,4.9,8.1,1771.0,1.5,0.34,55.0,173.0,2024,0.30549898167006106,107.80000000000001,4.402,13.44,Safe
1256,,ANDHRA PRADESH,22.0,5.2,7.0,447.0,1.0,0.32,40.0,155.0,2024,0.19193857965451055,114.4,1.5505,5.99,Safe
1257,,ANDHRA PRADESH,20.0,6.2,7.1,732.0,1.0,1.09,9.0,75.0,2024,0.1610305958132045,124.0,2.108,7.95,Safe
30,,ANDHRA PRADESH,22.0,5.3,7.5,498.0,1.0,0.34,44.0,188.0,2024,0.18832391713747648,116.6,1.7120000000000002,6.6,Safe
2351,,ANDHRA PRADESH,22.0,5.3,7.3,423.0,1.0,0.39,51.0,163.0,2024,0.18832391713747648,116.6,1.5450000000000002,5.97,Safe
1689,,PUDUCHERRY,28.0,5.9,7.7,405.0,3.0,0.32,2.0,2.0,2024,0.5076142131979695,165.20000000000002,1.7799999999999998,6.84,Safe
1198,,KARNATAKA,17.0,5.7,7.0,48.0,1.0,0.3,20.0,210.0,2024,0.17513134851138354,96.9,0.8009999999999999,2.53,Safe
1195,,KARNATAKA,17.0,5.7,7.0,87.0,1.0,0.43,25.0,240.0,2024,0.17513134851138354,96.9,0.9575,3.36,Safe
33,,KARNATAKA,21.0,5.7,7.7,178.0,1.2,0.78,68.0,790.0,2024,0.21015761821366025,119.7,2.1590000000000003,8.11,Safe
1171,,KARNATAKA,20.0,5.7,7.5,210.0,2.0,0.93,120.0,1300.0,2024,0.3502626970227671,114.0,3.336,11.26,Safe
1386,,KARNATAKA,21.0,5.7,7.7,186.0,1.2,0.98,78.0,940.0,2024,0.21015761821366025,119.7,2.455,9.0,Safe
34,,KARNATAKA,23.0,5.7,7.6,175.0,1.9,0.98,92.0,1100.0,2024,0.3327495621716287,131.1,2.904,10.22,Safe
2773,,KARNATAKA,20.0,5.7,7.2,211.0,1.2,0.92,14.0,940.0,2024,0.21015761821366025,114.0,2.397,8.83,Safe
2774,,KARNATAKA,21.0,5.7,7.7,181.0,1.6,0.9,83.0,940.0,2024,0.28021015761821366,119.7,2.5564999999999998,9.29,Safe
3566,,KARNATAKA,21.0,5.7,7.6,162.0,1.0,0.7,61.0,700.0,2024,0.17513134851138354,119.7,1.9055,7.28,Safe
3568,,KARNATAKA,20.0,5.7,7.6,211.0,1.9,1.12,93.0,1200.0,2024,0.3327495621716287,114.0,3.1555,10.84,Safe
3569,,KARNATAKA,22.0,5.7,7.6,209.0,1.8,1.12,100.0,1200.0,2024,0.3152364273204904,125.4,3.1319999999999997,10.78,Safe
3570,,KARNATAKA,21.0,5.7,7.6,140.0,1.0,0.88,78.0,940.0,2024,0.17513134851138354,119.7,2.283,8.49,Safe
3571,,KARNATAKA,21.0,5.7,7.5,132.0,1.0,0.7,61.0,700.0,2024,0.17513134851138354,119.7,1.8455,7.07,Safe
3573,,KARNATAKA,17.0,5.7,6.9,96.0,1.0,0.61,24.0,230.0,2024,0.17513134851138354,96.9,0.995,3.55,Safe
3576,,KARNATAKA,21.0,5.7,7.7,153.0,1.0,0.9,61.0,700.0,2024,0.17513134851138354,119.7,1.9275000000000002,7.36,Safe
3578,,KARNATAKA,24.0,5.7,7.7,204.0,1.0,0.9,61.0,700.0,2024,0.17513134851138354,136.8,2.0295,7.7,Safe
3579,,KARNATAKA,22.0,5.7,7.6,160.0,1.9,0.89,92.0,1100.0,2024,0.3327495621716287,125.4,2.856,10.09,Safe
3581,,KARNATAKA,24.0,5.7,6.9,208.0,1.0,0.87,61.0,700.0,2024,0.17513134851138354,136.8,2.0315000000000003,7.7,Safe
4109,,KARNATAKA,25.0,5.7,7.2,222.0,4.0,0.79,5.0,33.0,2024,0.7005253940455342,142.5,1.8590000000000002,7.12,Safe
4099,,KARNATAKA,23.0,5.7,7.6,146.0,1.0,0.82,68.0,700.0,2024,0.17513134851138354,131.1,1.908,7.29,Safe
4102,,KARNATAKA,16.0,5.7,7.0,50.0,1.0,0.33,17.0,210.0,2024,0.17513134851138354,91.2,0.8065,2.56,Safe
4103,,KARNATAKA,17.0,5.7,6.9,77.0,1.0,0.44,2.0,220.0,2024,0.17513134851138354,96.9,0.875,2.93,Safe
30052,,KARNATAKA,25.0,5.7,8.1,309.0,1.0,0.32,14.0,130.0,2024,0.17513134851138354,142.5,1.198,4.51,Safe
50,,TAMIL NADU,26.0,5.7,7.7,137.0,1.0,0.32,7.0,17.0,2024,0.17513134851138354,148.20000000000002,0.6739999999999999,1.8,Safe
51,,TAMIL NADU,22.0,5.7,7.6,189.0,1.8,0.32,14.0,24.0,2024,0.3152364273204904,125.4,1.0390000000000001,3.76,Safe
1320,,TAMIL NADU,21.0,5.7,6.9,287.0,2.0,0.32,11.0,32.0,2024,0.3502626970227671,119.7,1.3025,4.97,Safe
3015,,TAMIL NADU,25.0,5.7,7.3,248.0,2.1,0.32,2.0,4.0,2024,0.36777583187390545,142.5,1.1989999999999998,4.51,Safe
1324,,TAMIL NADU,26.0,5.7,8.0,277.0,1.0,0.32,12.0,39.0,2024,0.17513134851138354,148.20000000000002,0.9945,3.54,Safe
1451,,TAMIL NADU,25.0,5.7,7.1,220.0,2.1,0.4,6.0,11.0,2024,0.36777583187390545,142.5,1.1754999999999998,4.41,Safe
31,,TAMIL NADU,26.0,5.7,7.2,379.0,1.4,0.43,2.0,2.0,2024,0.24518388791593693,148.20000000000002,1.2699999999999998,4.83,Safe
3016,,TAMIL NADU,25.0,5.7,7.4,217.0,1.0,0.4,5.0,8.0,2024,0.17513134851138354,142.5,0.8335,2.71,Safe
1202,,TAMIL NADU,23.0,5.7,7.5,222.0,1.4,0.42,2.0,14.0,2024,0.24518388791593693,131.1,0.9720000000000001,3.43,Safe
1325,,TAMIL NADU,23.0,5.7,7.4,246.0,1.5,0.44,6.0,11.0,2024,0.2626970227670753,131.1,1.0554999999999997,3.84,Safe
1203,,TAMIL NADU,22.0,5.7,7.3,187.0,1.0,0.46,4.0,17.0,2024,0.17513134851138354,125.4,0.7975,2.51,Safe
1206,,TAMIL NADU,24.0,5.7,7.4,220.0,1.2,1.04,10.0,24.0,2024,0.21015761821366025,136.8,1.059,3.86,Safe
3018,,TAMIL NADU,27.0,5.7,7.7,335.0,3.0,0.32,28.0,49.0,2024,0.5253940455341506,153.9,1.7494999999999998,6.73,Safe
3012,,TAMIL NADU,25.0,5.7,7.6,198.0,1.0,0.32,14.0,20.0,2024,0.17513134851138354,142.5,0.811,2.59,Safe
3013,,TAMIL NADU,21.0,5.7,6.5,169.0,1.8,0.32,12.0,27.0,2024,0.3152364273204904,119.7,1.0005000000000002,3.57,Safe
3014,,TAMIL NADU,24.0,5.7,7.8,199.0,1.0,0.32,12.0,21.0,2024,0.17513134851138354,136.8,0.8115,2.59,Safe
4827,,TAMIL NADU,23.0,5.7,7.6,181.0,1.0,0.32,14.0,27.0,2024,0.17513134851138354,131.1,0.7875,2.46,Safe
3017,,TAMIL NADU,24.0,5.7,7.1,201.0,1.3,0.45,11.0,22.0,2024,0.22767075306479861,136.8,0.9315,3.23,Safe
1326,,TAMIL NADU,24.0,5.7,7.8,14010.0,2.4,1.08,17.0,33.0,2024,0.4203152364273205,136.8,29.031,30.48,Moderate
1327,,TAMIL NADU,25.0,5.7,7.7,11560.0,2.2,3.82,9.0,24.0,2024,0.3852889667250438,142.5,24.593500000000002,28.9,Moderate
1322,,TAMIL NADU,21.0,5.7,7.0,184.0,1.8,0.32,11.0,31.0,2024,0.3152364273204904,119.7,1.0350000000000001,3.74,Safe
10064,,TAMIL NADU,21.0,5.7,7.0,169.0,1.3,0.38,11.0,32.0,2024,0.22767075306479861,119.7,0.8685,2.9,Safe
10065,,TAMIL NADU,21.0,5.7,7.2,284.0,1.6,0.39,11.0,24.0,2024,0.28021015761821366,119.7,1.1784999999999999,4.42,Safe
10067,,TAMIL NADU,26.0,5.7,7.5,182.0,1.0,0.32,14.0,27.0,2024,0.17513134851138354,148.20000000000002,0.7895,2.47,Safe
10070,,TAMIL NADU,22.0,5.7,7.8,191.0,1.0,0.32,14.0,27.0,2024,0.17513134851138354,125.4,0.8075,2.57,Safe
10073,,TAMIL NADU,25.0,5.7,7.5,259.0,2.1,0.32,2.0,4.0,2024,0.36777583187390545,142.5,1.2209999999999999,4.61,Safe
10078,,TAMIL NADU,27.0,5.7,7.6,345.0,6.0,0.32,23.0,53.0,2024,1.0507880910683012,153.9,2.6679999999999997,9.6,Safe
3580,,KARNATAKA,24.0,5.7,7.7,205.0,1.0,0.86,68.0,790.0,2024,0.17513134851138354,136.8,2.169,8.14,Safe
5587,,KARNATAKA,17.0,5.7,6.9,57.0,1.0,0.32,20.0,210.0,2024,0.17513134851138354,96.9,0.823,2.65,Safe
5583,,KARNATAKA,19.0,5.7,6.8,51.0,1.0,0.32,17.0,210.0,2024,0.17513134851138354,108.3,0.8065,2.56,Safe
5584,,KARNATAKA,18.0,5.7,6.9,60.0,1.0,0.32,21.0,210.0,2024,0.17513134851138354,102.60000000000001,0.8305,2.69,Safe
5585,,KARNATAKA,18.0,5.7,7.0,51.0,1.0,0.32,17.0,210.0,2024,0.17513134851138354,102.60000000000001,0.8065,2.56,Safe
5586,,KARNATAKA,18.0,5.7,7.1,76.0,1.0,0.32,17.0,210.0,2024,0.17513134851138354,102.60000000000001,0.8565,2.83,Safe
5590,,KARNATAKA,19.0,5.7,7.5,181.0,1.0,0.61,92.0,840.0,2024,0.17513134851138354,108.3,2.182,8.18,Safe
5580,,KARNATAKA,19.0,5.7,7.6,188.0,1.0,0.64,82.0,790.0,2024,0.17513134851138354,108.3,2.112,7.96,Safe
5579,,KARNATAKA,20.0,5.7,7.6,227.0,2.0,1.1,110.0,1200.0,2024,0.3502626970227671,114.0,3.239,11.03,Safe
5581,,KARNATAKA,19.0,5.7,7.6,270.0,2.0,1.3,110.0,1400.0,2024,0.3502626970227671,108.3,3.665,11.99,Safe
1323,,TAMIL NADU,24.0,5.7,7.5,260.0,1.0,0.32,12.0,37.0,2024,0.17513134851138354,136.8,0.9575,3.36,Safe
Station Code,,State,21.0,5.7,7.2,232.0,1.0,0.4,11.0,90.0,2024,0.17513134851138354,119.7,0.9954999999999999,3.55,Safe
1201,,TAMIL NADU,20.0,5.7,7.3,56.0,2.0,0.32,14.0,33.0,2024,0.3502626970227671,114.0,0.8464999999999999,2.78,Safe
1204,,TAMIL NADU,21.0,5.7,7.3,72.0,2.0,0.32,11.0,32.0,2024,0.3502626970227671,119.7,0.8724999999999999,2.92,Safe
1321,,TAMIL NADU,18.0,5.7,6.4,106.0,1.7,0.32,11.0,27.0,2024,0.29772329246935203,102.60000000000001,0.843,2.76,Safe
3019,,TAMIL NADU,19.0,5.7,6.4,120.0,1.7,0.32,11.0,17.0,2024,0.29772329246935203,108.3,0.856,2.83,Safe
3020,,TAMIL NADU,23.0,5.7,7.3,345.0,2.1,0.41,14.0,39.0,2024,0.36777583187390545,131.1,1.4815,5.71,Safe
3021,,TAMIL NADU,23.0,5.7,7.7,382.0,1.9,0.38,12.0,33.0,2024,0.3327495621716287,131.1,1.4775,5.7,Safe
1893,,KARNATAKA,23.0,5.7,7.3,310.0,2.0,0.67,210.0,1700.0,2024,0.3502626970227671,131.1,4.218999999999999,13.1,Safe
1199,,KARNATAKA,22.0,5.7,6.9,106.0,1.6,0.48,40.0,280.0,2024,0.28021015761821366,125.4,1.268,4.82,Safe
1166,,KARNATAKA,22.0,5.7,7.7,401.0,2.2,1.74,130.0,1400.0,2024,0.3852889667250438,125.4,4.105,12.88,Safe
1200,,KARNATAKA,21.0,5.7,6.6,137.0,4.0,0.57,2.0,9.0,2024,0.7005253940455342,119.7,1.6045,6.2,Safe
3567,,KARNATAKA,23.0,5.7,7.5,398.0,2.0,1.52,110.0,1300.0,2024,0.3502626970227671,131.1,3.8150000000000004,12.3,Safe
3022,,TAMIL NADU,24.0,5.7,7.3,985.0,4.2,0.32,200.0,470.0,2024,0.7355516637478109,136.8,4.2989999999999995,13.25,Safe
3023,,TAMIL NADU,26.0,5.7,7.1,572.0,2.4,0.34,491.0,1300.0,2024,0.4203152364273205,148.20000000000002,4.6185,13.83,Safe
1319,,TAMIL NADU,24.0,5.7,6.9,72.0,2.0,0.32,2.0,2.0,2024,0.3502626970227671,136.8,0.814,2.6,Safe
4812,,TAMIL NADU,24.0,5.7,7.3,1768.0,2.2,0.32,2.0,2.0,2024,0.3852889667250438,136.8,4.266,13.19,Safe
4813,,TAMIL NADU,24.0,5.7,6.9,462.0,2.0,0.32,2.0,6.0,2024,0.3502626970227671,136.8,1.5999999999999999,6.18,Safe
1165,,KARNATAKA,25.0,5.7,6.9,482.0,5.0,2.0,9.0,49.0,2024,0.8756567425569177,142.5,2.951,10.33,Safe
2778,,KARNATAKA,25.0,5.7,7.2,980.0,4.0,3.57,7.0,63.0,2024,0.7005253940455342,142.5,3.979,12.63,Safe
1205,,TAMIL NADU,24.0,5.7,7.2,299.0,2.1,0.44,11.0,32.0,2024,0.36777583187390545,136.8,1.3805,5.3,Safe
4108,,KARNATAKA,25.0,5.7,7.1,505.0,4.0,1.65,7.0,79.0,2024,0.7005253940455342,142.5,2.669,9.6,Safe
41,,KARNATAKA,22.0,5.7,7.1,209.0,1.8,0.94,91.0,940.0,2024,0.3152364273204904,125.4,2.6925,9.66,Safe
